-- MySQL dump 10.13  Distrib 8.0.41, for Win64 (x86_64)
--
-- Host: localhost    Database: runner_cibertec_db
-- ------------------------------------------------------
-- Server version	8.0.41

/*!40101 SET @OLD_CHARACTER_SET_CLIENT=@@CHARACTER_SET_CLIENT */;
/*!40101 SET @OLD_CHARACTER_SET_RESULTS=@@CHARACTER_SET_RESULTS */;
/*!40101 SET @OLD_COLLATION_CONNECTION=@@COLLATION_CONNECTION */;
/*!50503 SET NAMES utf8 */;
/*!40103 SET @OLD_TIME_ZONE=@@TIME_ZONE */;
/*!40103 SET TIME_ZONE='+00:00' */;
/*!40014 SET @OLD_UNIQUE_CHECKS=@@UNIQUE_CHECKS, UNIQUE_CHECKS=0 */;
/*!40014 SET @OLD_FOREIGN_KEY_CHECKS=@@FOREIGN_KEY_CHECKS, FOREIGN_KEY_CHECKS=0 */;
/*!40101 SET @OLD_SQL_MODE=@@SQL_MODE, SQL_MODE='NO_AUTO_VALUE_ON_ZERO' */;
/*!40111 SET @OLD_SQL_NOTES=@@SQL_NOTES, SQL_NOTES=0 */;

--
-- Table structure for table `tb_boleta`
--

DROP TABLE IF EXISTS `tb_boleta`;
/*!40101 SET @saved_cs_client     = @@character_set_client */;
/*!50503 SET character_set_client = utf8mb4 */;
CREATE TABLE `tb_boleta` (
  `id` int NOT NULL AUTO_INCREMENT,
  `created_at` datetime(6) DEFAULT NULL,
  `direccion` varchar(100) NOT NULL,
  `estado` varchar(100) NOT NULL,
  `id_tienda` int NOT NULL,
  `id_trabajador` int NOT NULL,
  `id_usuario` int NOT NULL,
  `igv` decimal(38,2) NOT NULL,
  `nombre_cliente` varchar(100) NOT NULL,
  `numero_documento` varchar(8) NOT NULL,
  `observaciones` varchar(100) NOT NULL,
  `subtotal` decimal(38,2) NOT NULL,
  `tipo_tarjeta` varchar(100) NOT NULL,
  `total` decimal(38,2) NOT NULL,
  `total_descuento` decimal(38,2) NOT NULL,
  PRIMARY KEY (`id`),
  KEY `FKjdqftkaa6kot4twnuaaykthrp` (`id_tienda`),
  KEY `FKmepgbhbn2688jkhkhj31wvvxw` (`id_trabajador`),
  KEY `FKck9nxiwf5e2os2svcv0qdqj7j` (`id_usuario`),
  CONSTRAINT `FKck9nxiwf5e2os2svcv0qdqj7j` FOREIGN KEY (`id_usuario`) REFERENCES `tb_usuario` (`id`),
  CONSTRAINT `FKjdqftkaa6kot4twnuaaykthrp` FOREIGN KEY (`id_tienda`) REFERENCES `tb_tienda` (`id`),
  CONSTRAINT `FKmepgbhbn2688jkhkhj31wvvxw` FOREIGN KEY (`id_trabajador`) REFERENCES `tb_trabajador` (`id`)
) ENGINE=InnoDB AUTO_INCREMENT=326 DEFAULT CHARSET=utf8mb4 COLLATE=utf8mb4_0900_ai_ci;
/*!40101 SET character_set_client = @saved_cs_client */;

--
-- Table structure for table `tb_branch`
--

DROP TABLE IF EXISTS `tb_branch`;
/*!40101 SET @saved_cs_client     = @@character_set_client */;
/*!50503 SET character_set_client = utf8mb4 */;
CREATE TABLE `tb_branch` (
  `id` int NOT NULL AUTO_INCREMENT,
  `created_at` datetime(6) NOT NULL,
  `is_delete` bit(1) NOT NULL,
  `is_enabled` bit(1) NOT NULL,
  `nombre` varchar(255) DEFAULT NULL,
  `updated_at` datetime(6) DEFAULT NULL,
  `id_subcategoria` int DEFAULT NULL,
  PRIMARY KEY (`id`),
  KEY `FKid4cp5yraen46e4d6rb45ywd9` (`id_subcategoria`),
  CONSTRAINT `FKid4cp5yraen46e4d6rb45ywd9` FOREIGN KEY (`id_subcategoria`) REFERENCES `tb_subcategoria` (`id`)
) ENGINE=InnoDB AUTO_INCREMENT=31 DEFAULT CHARSET=utf8mb4 COLLATE=utf8mb4_0900_ai_ci;
/*!40101 SET character_set_client = @saved_cs_client */;

--
-- Table structure for table `tb_calzado`
--

DROP TABLE IF EXISTS `tb_calzado`;
/*!40101 SET @saved_cs_client     = @@character_set_client */;
/*!50503 SET character_set_client = utf8mb4 */;
CREATE TABLE `tb_calzado` (
  `id` int NOT NULL AUTO_INCREMENT,
  `created_at` datetime(6) NOT NULL,
  `estado` varchar(255) DEFAULT NULL,
  `is_delete` bit(1) NOT NULL,
  `is_enabled` bit(1) NOT NULL,
  `stock` int DEFAULT NULL,
  `updated_at` datetime(6) DEFAULT NULL,
  `id_color` int DEFAULT NULL,
  `id_producto` int DEFAULT NULL,
  `id_talla` int DEFAULT NULL,
  PRIMARY KEY (`id`),
  KEY `FKegpw4soq8qxxvcdenrxyge719` (`id_color`),
  KEY `FKryq0cedo4863ho6tcos8ogakw` (`id_producto`),
  KEY `FKg0ggpvgcdkgklmd2o1vjxjatf` (`id_talla`),
  CONSTRAINT `FKegpw4soq8qxxvcdenrxyge719` FOREIGN KEY (`id_color`) REFERENCES `tb_color` (`id`),
  CONSTRAINT `FKg0ggpvgcdkgklmd2o1vjxjatf` FOREIGN KEY (`id_talla`) REFERENCES `tb_talla` (`id`),
  CONSTRAINT `FKryq0cedo4863ho6tcos8ogakw` FOREIGN KEY (`id_producto`) REFERENCES `tb_producto` (`id`)
) ENGINE=InnoDB AUTO_INCREMENT=2501 DEFAULT CHARSET=utf8mb4 COLLATE=utf8mb4_0900_ai_ci;
/*!40101 SET character_set_client = @saved_cs_client */;

--
-- Table structure for table `tb_categoria`
--

DROP TABLE IF EXISTS `tb_categoria`;
/*!40101 SET @saved_cs_client     = @@character_set_client */;
/*!50503 SET character_set_client = utf8mb4 */;
CREATE TABLE `tb_categoria` (
  `id` int NOT NULL AUTO_INCREMENT,
  `created_at` datetime(6) NOT NULL,
  `is_delete` bit(1) NOT NULL,
  `is_enabled` bit(1) NOT NULL,
  `nombre` varchar(255) DEFAULT NULL,
  `updated_at` datetime(6) DEFAULT NULL,
  PRIMARY KEY (`id`)
) ENGINE=InnoDB AUTO_INCREMENT=6 DEFAULT CHARSET=utf8mb4 COLLATE=utf8mb4_0900_ai_ci;
/*!40101 SET character_set_client = @saved_cs_client */;

--
-- Table structure for table `tb_color`
--

DROP TABLE IF EXISTS `tb_color`;
/*!40101 SET @saved_cs_client     = @@character_set_client */;
/*!50503 SET character_set_client = utf8mb4 */;
CREATE TABLE `tb_color` (
  `id` int NOT NULL AUTO_INCREMENT,
  `created_at` datetime(6) NOT NULL,
  `is_delete` bit(1) NOT NULL,
  `is_enabled` bit(1) NOT NULL,
  `nombre` varchar(255) DEFAULT NULL,
  `updated_at` datetime(6) DEFAULT NULL,
  PRIMARY KEY (`id`)
) ENGINE=InnoDB AUTO_INCREMENT=16 DEFAULT CHARSET=utf8mb4 COLLATE=utf8mb4_0900_ai_ci;
/*!40101 SET character_set_client = @saved_cs_client */;

--
-- Table structure for table `tb_departamento`
--

DROP TABLE IF EXISTS `tb_departamento`;
/*!40101 SET @saved_cs_client     = @@character_set_client */;
/*!50503 SET character_set_client = utf8mb4 */;
CREATE TABLE `tb_departamento` (
  `id` int NOT NULL AUTO_INCREMENT,
  `created_at` datetime(6) NOT NULL,
  `is_delete` bit(1) NOT NULL,
  `is_enabled` bit(1) NOT NULL,
  `nombre` varchar(255) DEFAULT NULL,
  `updated_at` datetime(6) DEFAULT NULL,
  `id_pais` int NOT NULL,
  PRIMARY KEY (`id`),
  KEY `FK3t1l3yjip02wql5ia2wrmfkjg` (`id_pais`),
  CONSTRAINT `FK3t1l3yjip02wql5ia2wrmfkjg` FOREIGN KEY (`id_pais`) REFERENCES `tb_pais` (`id`)
) ENGINE=InnoDB AUTO_INCREMENT=5 DEFAULT CHARSET=utf8mb4 COLLATE=utf8mb4_0900_ai_ci;
/*!40101 SET character_set_client = @saved_cs_client */;

--
-- Table structure for table `tb_distrito`
--

DROP TABLE IF EXISTS `tb_distrito`;
/*!40101 SET @saved_cs_client     = @@character_set_client */;
/*!50503 SET character_set_client = utf8mb4 */;
CREATE TABLE `tb_distrito` (
  `id` int NOT NULL AUTO_INCREMENT,
  `created_at` datetime(6) NOT NULL,
  `is_delete` bit(1) NOT NULL,
  `is_enabled` bit(1) NOT NULL,
  `nombre` varchar(255) DEFAULT NULL,
  `updated_at` datetime(6) DEFAULT NULL,
  `id_provincia` int NOT NULL,
  PRIMARY KEY (`id`),
  KEY `FKmohmb8m74ctfw4ja7tom40hqr` (`id_provincia`),
  CONSTRAINT `FKmohmb8m74ctfw4ja7tom40hqr` FOREIGN KEY (`id_provincia`) REFERENCES `tb_provincia` (`id`)
) ENGINE=InnoDB AUTO_INCREMENT=8 DEFAULT CHARSET=utf8mb4 COLLATE=utf8mb4_0900_ai_ci;
/*!40101 SET character_set_client = @saved_cs_client */;

--
-- Table structure for table `tb_marca`
--

DROP TABLE IF EXISTS `tb_marca`;
/*!40101 SET @saved_cs_client     = @@character_set_client */;
/*!50503 SET character_set_client = utf8mb4 */;
CREATE TABLE `tb_marca` (
  `id` int NOT NULL AUTO_INCREMENT,
  `created_at` datetime(6) NOT NULL,
  `is_delete` bit(1) NOT NULL,
  `is_enabled` bit(1) NOT NULL,
  `nombre` varchar(255) DEFAULT NULL,
  `updated_at` datetime(6) DEFAULT NULL,
  PRIMARY KEY (`id`)
) ENGINE=InnoDB AUTO_INCREMENT=11 DEFAULT CHARSET=utf8mb4 COLLATE=utf8mb4_0900_ai_ci;
/*!40101 SET character_set_client = @saved_cs_client */;

--
-- Table structure for table `tb_material`
--

DROP TABLE IF EXISTS `tb_material`;
/*!40101 SET @saved_cs_client     = @@character_set_client */;
/*!50503 SET character_set_client = utf8mb4 */;
CREATE TABLE `tb_material` (
  `id` int NOT NULL AUTO_INCREMENT,
  `created_at` datetime(6) NOT NULL,
  `is_delete` bit(1) NOT NULL,
  `is_enabled` bit(1) NOT NULL,
  `nombre` varchar(255) DEFAULT NULL,
  `updated_at` datetime(6) DEFAULT NULL,
  PRIMARY KEY (`id`)
) ENGINE=InnoDB AUTO_INCREMENT=6 DEFAULT CHARSET=utf8mb4 COLLATE=utf8mb4_0900_ai_ci;
/*!40101 SET character_set_client = @saved_cs_client */;

--
-- Table structure for table `tb_pais`
--

DROP TABLE IF EXISTS `tb_pais`;
/*!40101 SET @saved_cs_client     = @@character_set_client */;
/*!50503 SET character_set_client = utf8mb4 */;
CREATE TABLE `tb_pais` (
  `id` int NOT NULL AUTO_INCREMENT,
  `abreviatura` varchar(255) DEFAULT NULL,
  `created_at` datetime(6) NOT NULL,
  `img` varchar(255) DEFAULT NULL,
  `is_delete` bit(1) NOT NULL,
  `is_enabled` bit(1) NOT NULL,
  `nombre` varchar(255) DEFAULT NULL,
  `simbolo` varchar(255) DEFAULT NULL,
  `updated_at` datetime(6) DEFAULT NULL,
  PRIMARY KEY (`id`)
) ENGINE=InnoDB AUTO_INCREMENT=2 DEFAULT CHARSET=utf8mb4 COLLATE=utf8mb4_0900_ai_ci;
/*!40101 SET character_set_client = @saved_cs_client */;

--
-- Table structure for table `tb_producto`
--

DROP TABLE IF EXISTS `tb_producto`;
/*!40101 SET @saved_cs_client     = @@character_set_client */;
/*!50503 SET character_set_client = utf8mb4 */;
CREATE TABLE `tb_producto` (
  `id` int NOT NULL AUTO_INCREMENT,
  `created_at` datetime(6) NOT NULL,
  `descripcion` varchar(255) DEFAULT NULL,
  `is_delete` bit(1) NOT NULL,
  `is_enabled` bit(1) NOT NULL,
  `nombre` varchar(255) DEFAULT NULL,
  `precio` decimal(38,2) DEFAULT NULL,
  `updated_at` datetime(6) DEFAULT NULL,
  `id_branch` int DEFAULT NULL,
  `id_categoria` int DEFAULT NULL,
  `id_marca` int DEFAULT NULL,
  `id_material` int DEFAULT NULL,
  `id_subcategoria` int DEFAULT NULL,
  PRIMARY KEY (`id`),
  KEY `FKvumi8p0hm9e8ani9n39lb63y` (`id_branch`),
  KEY `FK7tyog6khc1m2yuqvcswna17fd` (`id_categoria`),
  KEY `FK505d3ixi019eukymfjh8npa0d` (`id_marca`),
  KEY `FK4fk19r9v5e2e9k5cg41uxoyyq` (`id_material`),
  KEY `FK1uupep6hffh170d17wxph72x9` (`id_subcategoria`),
  CONSTRAINT `FK1uupep6hffh170d17wxph72x9` FOREIGN KEY (`id_subcategoria`) REFERENCES `tb_subcategoria` (`id`),
  CONSTRAINT `FK4fk19r9v5e2e9k5cg41uxoyyq` FOREIGN KEY (`id_material`) REFERENCES `tb_material` (`id`),
  CONSTRAINT `FK505d3ixi019eukymfjh8npa0d` FOREIGN KEY (`id_marca`) REFERENCES `tb_marca` (`id`),
  CONSTRAINT `FK7tyog6khc1m2yuqvcswna17fd` FOREIGN KEY (`id_categoria`) REFERENCES `tb_categoria` (`id`),
  CONSTRAINT `FKvumi8p0hm9e8ani9n39lb63y` FOREIGN KEY (`id_branch`) REFERENCES `tb_branch` (`id`)
) ENGINE=InnoDB AUTO_INCREMENT=206 DEFAULT CHARSET=utf8mb4 COLLATE=utf8mb4_0900_ai_ci;
/*!40101 SET character_set_client = @saved_cs_client */;

--
-- Table structure for table `tb_provincia`
--

DROP TABLE IF EXISTS `tb_provincia`;
/*!40101 SET @saved_cs_client     = @@character_set_client */;
/*!50503 SET character_set_client = utf8mb4 */;
CREATE TABLE `tb_provincia` (
  `id` int NOT NULL AUTO_INCREMENT,
  `created_at` datetime(6) NOT NULL,
  `is_delete` bit(1) NOT NULL,
  `is_enabled` bit(1) NOT NULL,
  `nombre` varchar(255) DEFAULT NULL,
  `updated_at` datetime(6) DEFAULT NULL,
  `id_departamento` int NOT NULL,
  PRIMARY KEY (`id`),
  KEY `FKoohygt3yxf1fy051wfxj14y6d` (`id_departamento`),
  CONSTRAINT `FKoohygt3yxf1fy051wfxj14y6d` FOREIGN KEY (`id_departamento`) REFERENCES `tb_departamento` (`id`)
) ENGINE=InnoDB AUTO_INCREMENT=5 DEFAULT CHARSET=utf8mb4 COLLATE=utf8mb4_0900_ai_ci;
/*!40101 SET character_set_client = @saved_cs_client */;

--
-- Table structure for table `tb_rol`
--

DROP TABLE IF EXISTS `tb_rol`;
/*!40101 SET @saved_cs_client     = @@character_set_client */;
/*!50503 SET character_set_client = utf8mb4 */;
CREATE TABLE `tb_rol` (
  `id` int NOT NULL AUTO_INCREMENT,
  `created_at` datetime(6) NOT NULL,
  `is_delete` bit(1) NOT NULL,
  `is_enabled` bit(1) NOT NULL,
  `nombre` varchar(255) DEFAULT NULL,
  `updated_at` datetime(6) DEFAULT NULL,
  PRIMARY KEY (`id`)
) ENGINE=InnoDB AUTO_INCREMENT=3 DEFAULT CHARSET=utf8mb4 COLLATE=utf8mb4_0900_ai_ci;
/*!40101 SET character_set_client = @saved_cs_client */;

--
-- Table structure for table `tb_subcategoria`
--

DROP TABLE IF EXISTS `tb_subcategoria`;
/*!40101 SET @saved_cs_client     = @@character_set_client */;
/*!50503 SET character_set_client = utf8mb4 */;
CREATE TABLE `tb_subcategoria` (
  `id` int NOT NULL AUTO_INCREMENT,
  `created_at` datetime(6) NOT NULL,
  `is_delete` bit(1) NOT NULL,
  `is_enabled` bit(1) NOT NULL,
  `nombre` varchar(255) DEFAULT NULL,
  `updated_at` datetime(6) DEFAULT NULL,
  `id_categoria` int DEFAULT NULL,
  PRIMARY KEY (`id`),
  KEY `FKsa2vm4sw2h45pj0qs81ym69i` (`id_categoria`),
  CONSTRAINT `FKsa2vm4sw2h45pj0qs81ym69i` FOREIGN KEY (`id_categoria`) REFERENCES `tb_categoria` (`id`)
) ENGINE=InnoDB AUTO_INCREMENT=16 DEFAULT CHARSET=utf8mb4 COLLATE=utf8mb4_0900_ai_ci;
/*!40101 SET character_set_client = @saved_cs_client */;

--
-- Table structure for table `tb_talla`
--

DROP TABLE IF EXISTS `tb_talla`;
/*!40101 SET @saved_cs_client     = @@character_set_client */;
/*!50503 SET character_set_client = utf8mb4 */;
CREATE TABLE `tb_talla` (
  `id` int NOT NULL AUTO_INCREMENT,
  `created_at` datetime(6) NOT NULL,
  `is_delete` bit(1) NOT NULL,
  `is_enabled` bit(1) NOT NULL,
  `numero` int DEFAULT NULL,
  `updated_at` datetime(6) DEFAULT NULL,
  PRIMARY KEY (`id`)
) ENGINE=InnoDB AUTO_INCREMENT=13 DEFAULT CHARSET=utf8mb4 COLLATE=utf8mb4_0900_ai_ci;
/*!40101 SET character_set_client = @saved_cs_client */;

--
-- Table structure for table `tb_tienda`
--

DROP TABLE IF EXISTS `tb_tienda`;
/*!40101 SET @saved_cs_client     = @@character_set_client */;
/*!50503 SET character_set_client = utf8mb4 */;
CREATE TABLE `tb_tienda` (
  `id` int NOT NULL AUTO_INCREMENT,
  `created_at` datetime(6) DEFAULT NULL,
  `direccion` varchar(100) NOT NULL,
  `id_departamento` int NOT NULL,
  `id_distrito` int NOT NULL,
  `id_pais` int NOT NULL,
  `id_provincia` int NOT NULL,
  `is_deleted` bit(1) NOT NULL,
  `is_enabled` bit(1) NOT NULL,
  `mail` varchar(100) NOT NULL,
  `nombre` varchar(100) NOT NULL,
  `nombre_legal` varchar(100) NOT NULL,
  `ruc` varchar(100) NOT NULL,
  `ruta_imagen` varchar(200) NOT NULL,
  `telefono` varchar(9) NOT NULL,
  `ubicacion` varchar(100) NOT NULL,
  `updated_at` datetime(6) DEFAULT NULL,
  PRIMARY KEY (`id`),
  KEY `FKg3m1objtxeq7cn9j7995n8o85` (`id_departamento`),
  KEY `FKfvffnhr4qwv9fm1opa9221ax1` (`id_distrito`),
  KEY `FK2nrocsjll0f01t0rf7air0x18` (`id_pais`),
  KEY `FKmdlwketg5mgmw6u0fs08ij4t9` (`id_provincia`),
  CONSTRAINT `FK2nrocsjll0f01t0rf7air0x18` FOREIGN KEY (`id_pais`) REFERENCES `tb_pais` (`id`),
  CONSTRAINT `FKfvffnhr4qwv9fm1opa9221ax1` FOREIGN KEY (`id_distrito`) REFERENCES `tb_distrito` (`id`),
  CONSTRAINT `FKg3m1objtxeq7cn9j7995n8o85` FOREIGN KEY (`id_departamento`) REFERENCES `tb_departamento` (`id`),
  CONSTRAINT `FKmdlwketg5mgmw6u0fs08ij4t9` FOREIGN KEY (`id_provincia`) REFERENCES `tb_provincia` (`id`)
) ENGINE=InnoDB AUTO_INCREMENT=6 DEFAULT CHARSET=utf8mb4 COLLATE=utf8mb4_0900_ai_ci;
/*!40101 SET character_set_client = @saved_cs_client */;

--
-- Table structure for table `tb_trabajador`
--

DROP TABLE IF EXISTS `tb_trabajador`;
/*!40101 SET @saved_cs_client     = @@character_set_client */;
/*!50503 SET character_set_client = utf8mb4 */;
CREATE TABLE `tb_trabajador` (
  `id` int NOT NULL AUTO_INCREMENT,
  `created_at` datetime(6) NOT NULL,
  `horas_laborales` int NOT NULL,
  `id_tienda` int NOT NULL,
  `id_usuario` int NOT NULL,
  `is_delete` bit(1) NOT NULL,
  `is_enabled` bit(1) NOT NULL,
  `salario` double DEFAULT NULL,
  `updated_at` datetime(6) DEFAULT NULL,
  PRIMARY KEY (`id`),
  KEY `FKoqjxw0fbsmthxxygnicyp5gly` (`id_tienda`),
  KEY `FKp0f0pntqwnh3t29vgeuab026a` (`id_usuario`),
  CONSTRAINT `FKoqjxw0fbsmthxxygnicyp5gly` FOREIGN KEY (`id_tienda`) REFERENCES `tb_tienda` (`id`),
  CONSTRAINT `FKp0f0pntqwnh3t29vgeuab026a` FOREIGN KEY (`id_usuario`) REFERENCES `tb_usuario` (`id`)
) ENGINE=InnoDB AUTO_INCREMENT=42 DEFAULT CHARSET=utf8mb4 COLLATE=utf8mb4_0900_ai_ci;
/*!40101 SET character_set_client = @saved_cs_client */;

--
-- Table structure for table `tb_transaccion`
--

DROP TABLE IF EXISTS `tb_transaccion`;
/*!40101 SET @saved_cs_client     = @@character_set_client */;
/*!50503 SET character_set_client = utf8mb4 */;
CREATE TABLE `tb_transaccion` (
  `id` int NOT NULL AUTO_INCREMENT,
  `descuento` decimal(10,2) NOT NULL,
  `id_boleta` int NOT NULL,
  `id_producto` int NOT NULL,
  `precio_unitario` decimal(10,2) NOT NULL,
  `total` decimal(10,2) NOT NULL,
  `unidades` int NOT NULL,
  PRIMARY KEY (`id`),
  KEY `FKjo90lurhuwgj7it99uhdugmjl` (`id_boleta`),
  KEY `FK1oopfjsgji3xaxqax5epny5kb` (`id_producto`),
  CONSTRAINT `FK1oopfjsgji3xaxqax5epny5kb` FOREIGN KEY (`id_producto`) REFERENCES `tb_producto` (`id`),
  CONSTRAINT `FKjo90lurhuwgj7it99uhdugmjl` FOREIGN KEY (`id_boleta`) REFERENCES `tb_boleta` (`id`)
) ENGINE=InnoDB AUTO_INCREMENT=827 DEFAULT CHARSET=utf8mb4 COLLATE=utf8mb4_0900_ai_ci;
/*!40101 SET character_set_client = @saved_cs_client */;

--
-- Table structure for table `tb_usuario`
--

DROP TABLE IF EXISTS `tb_usuario`;
/*!40101 SET @saved_cs_client     = @@character_set_client */;
/*!50503 SET character_set_client = utf8mb4 */;
CREATE TABLE `tb_usuario` (
  `id` int NOT NULL AUTO_INCREMENT,
  `apellido` varchar(30) NOT NULL,
  `clave` varchar(100) NOT NULL,
  `created_at` datetime(6) NOT NULL,
  `email` varchar(255) DEFAULT NULL,
  `is_delete` bit(1) NOT NULL,
  `is_enabled` bit(1) NOT NULL,
  `nmr_documento` varchar(12) NOT NULL,
  `nombre` varchar(30) NOT NULL,
  `telefono` varchar(12) NOT NULL,
  `tipo_documento` varchar(30) NOT NULL,
  `updated_at` datetime(6) DEFAULT NULL,
  `id_departamento` int NOT NULL,
  `id_distrito` int NOT NULL,
  `id_pais` int NOT NULL,
  `id_provincia` int NOT NULL,
  `id_rol` int NOT NULL,
  PRIMARY KEY (`id`),
  KEY `FK6u6rubfuhxxndylvwkk5xoc0n` (`id_departamento`),
  KEY `FK3dlaq1cw7e0gw55wq2gyj129u` (`id_distrito`),
  KEY `FK41uyb1j7delwed1wha31whek3` (`id_pais`),
  KEY `FKeyyr8s6o46dsgohiwge4u571s` (`id_provincia`),
  KEY `FK6mxbmhthgow2y4dv0l13yngc5` (`id_rol`),
  CONSTRAINT `FK3dlaq1cw7e0gw55wq2gyj129u` FOREIGN KEY (`id_distrito`) REFERENCES `tb_distrito` (`id`),
  CONSTRAINT `FK41uyb1j7delwed1wha31whek3` FOREIGN KEY (`id_pais`) REFERENCES `tb_pais` (`id`),
  CONSTRAINT `FK6mxbmhthgow2y4dv0l13yngc5` FOREIGN KEY (`id_rol`) REFERENCES `tb_rol` (`id`),
  CONSTRAINT `FK6u6rubfuhxxndylvwkk5xoc0n` FOREIGN KEY (`id_departamento`) REFERENCES `tb_departamento` (`id`),
  CONSTRAINT `FKeyyr8s6o46dsgohiwge4u571s` FOREIGN KEY (`id_provincia`) REFERENCES `tb_provincia` (`id`)
) ENGINE=InnoDB AUTO_INCREMENT=54 DEFAULT CHARSET=utf8mb4 COLLATE=utf8mb4_0900_ai_ci;
/*!40101 SET character_set_client = @saved_cs_client */;
/*!40103 SET TIME_ZONE=@OLD_TIME_ZONE */;

/*!40101 SET SQL_MODE=@OLD_SQL_MODE */;
/*!40014 SET FOREIGN_KEY_CHECKS=@OLD_FOREIGN_KEY_CHECKS */;
/*!40014 SET UNIQUE_CHECKS=@OLD_UNIQUE_CHECKS */;
/*!40101 SET CHARACTER_SET_CLIENT=@OLD_CHARACTER_SET_CLIENT */;
/*!40101 SET CHARACTER_SET_RESULTS=@OLD_CHARACTER_SET_RESULTS */;
/*!40101 SET COLLATION_CONNECTION=@OLD_COLLATION_CONNECTION */;
/*!40111 SET SQL_NOTES=@OLD_SQL_NOTES */;

-- Dump completed on 2025-10-30  7:31:35

USE `runner_cibertec_db`;

SET FOREIGN_KEY_CHECKS = 0;

-- ### DATOS ORIGINALES Y ROLES ###

INSERT INTO `tb_pais` (id, abreviatura, created_at, img, is_delete, is_enabled, nombre, simbolo) VALUES (1, 'PE', '2025-10-29 15:47:54', 'https://upload.wikimedia.org/wikipedia/commons/thumb/1/15/Flag_of_Peru_%281825%E2%80%931884%29.svg/1280px-Flag_of_Peru_%281825%E2%8O%931884%29.svg.png', 0, 1, 'Perú', 'Sol');
INSERT INTO `tb_rol` (id, created_at, is_delete, is_enabled, nombre) VALUES (1, '2025-10-29 15:47:54', 0, 1, 'ADMIN');
INSERT INTO `tb_rol` (id, created_at, is_delete, is_enabled, nombre) VALUES (2, '2025-10-29 15:47:54', 0, 1, 'USER');

-- ### DATOS GEOGRÁFICOS ###

INSERT INTO `tb_departamento` (id, created_at, is_delete, is_enabled, nombre, id_pais) VALUES (1, '2025-10-29 15:47:54', 0, 1, 'Lima', 1);
INSERT INTO `tb_provincia` (id, created_at, is_delete, is_enabled, nombre, id_departamento) VALUES (1, '2025-10-29 15:47:54', 0, 1, 'Lima', 1);
INSERT INTO `tb_distrito` (id, created_at, is_delete, is_enabled, nombre, id_provincia) VALUES (1, '2025-10-29 15:47:54', 0, 1, 'Miraflores', 1);
INSERT INTO `tb_departamento` (id, created_at, is_delete, is_enabled, nombre, id_pais) VALUES (2, '2025-10-29 15:47:54', 0, 1, 'Arequipa', 1);
INSERT INTO `tb_provincia` (id, created_at, is_delete, is_enabled, nombre, id_departamento) VALUES (2, '2025-10-29 15:47:54', 0, 1, 'Arequipa', 2);
INSERT INTO `tb_distrito` (id, created_at, is_delete, is_enabled, nombre, id_provincia) VALUES (2, '2025-10-29 15:47:54', 0, 1, 'Cayma', 2);
INSERT INTO `tb_distrito` (id, created_at, is_delete, is_enabled, nombre, id_provincia) VALUES (3, '2025-10-29 15:47:54', 0, 1, 'Yanahuara', 2);
INSERT INTO `tb_departamento` (id, created_at, is_delete, is_enabled, nombre, id_pais) VALUES (3, '2025-10-29 15:47:54', 0, 1, 'Cusco', 1);
INSERT INTO `tb_provincia` (id, created_at, is_delete, is_enabled, nombre, id_departamento) VALUES (3, '2025-10-29 15:47:54', 0, 1, 'Cusco', 3);
INSERT INTO `tb_distrito` (id, created_at, is_delete, is_enabled, nombre, id_provincia) VALUES (4, '2025-10-29 15:47:54', 0, 1, 'Wanchaq', 3);
INSERT INTO `tb_distrito` (id, created_at, is_delete, is_enabled, nombre, id_provincia) VALUES (5, '2025-10-29 15:47:54', 0, 1, 'Cusco Cercado', 3);
INSERT INTO `tb_departamento` (id, created_at, is_delete, is_enabled, nombre, id_pais) VALUES (4, '2025-10-29 15:47:54', 0, 1, 'La Libertad', 1);
INSERT INTO `tb_provincia` (id, created_at, is_delete, is_enabled, nombre, id_departamento) VALUES (4, '2025-10-29 15:47:54', 0, 1, 'Trujillo', 4);
INSERT INTO `tb_distrito` (id, created_at, is_delete, is_enabled, nombre, id_provincia) VALUES (6, '2025-10-29 15:47:54', 0, 1, 'Trujillo', 4);
INSERT INTO `tb_distrito` (id, created_at, is_delete, is_enabled, nombre, id_provincia) VALUES (7, '2025-10-29 15:47:54', 0, 1, 'Víctor Larco Herrera', 4);

-- ### CATÁLOGOS DE PRODUCTOS ###

INSERT INTO `tb_categoria` (id, created_at, is_delete, is_enabled, nombre) VALUES (1, '2025-10-29 15:47:54', 0, 1, 'Hombre');
INSERT INTO `tb_categoria` (id, created_at, is_delete, is_enabled, nombre) VALUES (2, '2025-10-29 15:47:54', 0, 1, 'Mujer');
INSERT INTO `tb_categoria` (id, created_at, is_delete, is_enabled, nombre) VALUES (3, '2025-10-29 15:47:54', 0, 1, 'Niños');
INSERT INTO `tb_categoria` (id, created_at, is_delete, is_enabled, nombre) VALUES (4, '2025-10-29 15:47:54', 0, 1, 'Niñas');
INSERT INTO `tb_categoria` (id, created_at, is_delete, is_enabled, nombre) VALUES (5, '2025-10-29 15:47:54', 0, 1, 'Deportes');
INSERT INTO `tb_marca` (id, created_at, is_delete, is_enabled, nombre) VALUES (1, '2025-10-29 15:47:54', 0, 1, 'Nike');
INSERT INTO `tb_marca` (id, created_at, is_delete, is_enabled, nombre) VALUES (2, '2025-10-29 15:47:54', 0, 1, 'Adidas');
INSERT INTO `tb_marca` (id, created_at, is_delete, is_enabled, nombre) VALUES (3, '2025-10-29 15:47:54', 0, 1, 'Puma');
INSERT INTO `tb_marca` (id, created_at, is_delete, is_enabled, nombre) VALUES (4, '2025-10-29 15:47:54', 0, 1, 'Reebok');
INSERT INTO `tb_marca` (id, created_at, is_delete, is_enabled, nombre) VALUES (5, '2025-10-29 15:47:54', 0, 1, 'Converse');
INSERT INTO `tb_marca` (id, created_at, is_delete, is_enabled, nombre) VALUES (6, '2025-10-29 15:47:54', 0, 1, 'Vans');
INSERT INTO `tb_marca` (id, created_at, is_delete, is_enabled, nombre) VALUES (7, '2025-10-29 15:47:54', 0, 1, 'New Balance');
INSERT INTO `tb_marca` (id, created_at, is_delete, is_enabled, nombre) VALUES (8, '2025-10-29 15:47:54', 0, 1, 'Asics');
INSERT INTO `tb_marca` (id, created_at, is_delete, is_enabled, nombre) VALUES (9, '2025-10-29 15:47:54', 0, 1, 'Skechers');
INSERT INTO `tb_marca` (id, created_at, is_delete, is_enabled, nombre) VALUES (10, '2025-10-29 15:47:54', 0, 1, 'Fila');
INSERT INTO `tb_material` (id, created_at, is_delete, is_enabled, nombre) VALUES (1, '2025-10-29 15:47:54', 0, 1, 'Cuero');
INSERT INTO `tb_material` (id, created_at, is_delete, is_enabled, nombre) VALUES (2, '2025-10-29 15:47:54', 0, 1, 'Sintético');
INSERT INTO `tb_material` (id, created_at, is_delete, is_enabled, nombre) VALUES (3, '2025-10-29 15:47:54', 0, 1, 'Malla');
INSERT INTO `tb_material` (id, created_at, is_delete, is_enabled, nombre) VALUES (4, '2025-10-29 15:47:54', 0, 1, 'Algodón');
INSERT INTO `tb_material` (id, created_at, is_delete, is_enabled, nombre) VALUES (5, '2025-10-29 15:47:54', 0, 1, 'Gamuza');
INSERT INTO `tb_color` (id, created_at, is_delete, is_enabled, nombre) VALUES (1, '2025-10-29 15:47:54', 0, 1, 'Rojo');
INSERT INTO `tb_color` (id, created_at, is_delete, is_enabled, nombre) VALUES (2, '2025-10-29 15:47:54', 0, 1, 'Azul');
INSERT INTO `tb_color` (id, created_at, is_delete, is_enabled, nombre) VALUES (3, '2025-10-29 15:47:54', 0, 1, 'Negro');
INSERT INTO `tb_color` (id, created_at, is_delete, is_enabled, nombre) VALUES (4, '2025-10-29 15:47:54', 0, 1, 'Blanco');
INSERT INTO `tb_color` (id, created_at, is_delete, is_enabled, nombre) VALUES (5, '2025-10-29 15:47:54', 0, 1, 'Verde');
INSERT INTO `tb_color` (id, created_at, is_delete, is_enabled, nombre) VALUES (6, '2025-10-29 15:47:54', 0, 1, 'Gris');
INSERT INTO `tb_color` (id, created_at, is_delete, is_enabled, nombre) VALUES (7, '2025-10-29 15:47:54', 0, 1, 'Amarillo');
INSERT INTO `tb_color` (id, created_at, is_delete, is_enabled, nombre) VALUES (8, '2025-10-29 15:47:54', 0, 1, 'Naranja');
INSERT INTO `tb_color` (id, created_at, is_delete, is_enabled, nombre) VALUES (9, '2025-10-29 15:47:54', 0, 1, 'Morado');
INSERT INTO `tb_color` (id, created_at, is_delete, is_enabled, nombre) VALUES (10, '2025-10-29 15:47:54', 0, 1, 'Marrón');
INSERT INTO `tb_color` (id, created_at, is_delete, is_enabled, nombre) VALUES (11, '2025-10-29 15:47:54', 0, 1, 'Celeste');
INSERT INTO `tb_color` (id, created_at, is_delete, is_enabled, nombre) VALUES (12, '2025-10-29 15:47:54', 0, 1, 'Rosado');
INSERT INTO `tb_color` (id, created_at, is_delete, is_enabled, nombre) VALUES (13, '2025-10-29 15:47:54', 0, 1, 'Beige');
INSERT INTO `tb_color` (id, created_at, is_delete, is_enabled, nombre) VALUES (14, '2025-10-29 15:47:54', 0, 1, 'Dorado');
INSERT INTO `tb_color` (id, created_at, is_delete, is_enabled, nombre) VALUES (15, '2025-10-29 15:47:54', 0, 1, 'Plateado');
INSERT INTO `tb_talla` (id, created_at, is_delete, is_enabled, numero) VALUES (1, '2025-10-29 15:47:54', 0, 1, 36);
INSERT INTO `tb_talla` (id, created_at, is_delete, is_enabled, numero) VALUES (2, '2025-10-29 15:47:54', 0, 1, 37);
INSERT INTO `tb_talla` (id, created_at, is_delete, is_enabled, numero) VALUES (3, '2025-10-29 15:47:54', 0, 1, 38);
INSERT INTO `tb_talla` (id, created_at, is_delete, is_enabled, numero) VALUES (4, '2025-10-29 15:47:54', 0, 1, 39);
INSERT INTO `tb_talla` (id, created_at, is_delete, is_enabled, numero) VALUES (5, '2025-10-29 15:47:54', 0, 1, 40);
INSERT INTO `tb_talla` (id, created_at, is_delete, is_enabled, numero) VALUES (6, '2025-10-29 15:47:54', 0, 1, 41);
INSERT INTO `tb_talla` (id, created_at, is_delete, is_enabled, numero) VALUES (7, '2025-10-29 15:47:54', 0, 1, 42);
INSERT INTO `tb_talla` (id, created_at, is_delete, is_enabled, numero) VALUES (8, '2025-10-29 15:47:54', 0, 1, 43);
INSERT INTO `tb_talla` (id, created_at, is_delete, is_enabled, numero) VALUES (9, '2025-10-29 15:47:54', 0, 1, 44);
INSERT INTO `tb_talla` (id, created_at, is_delete, is_enabled, numero) VALUES (10, '2025-10-29 15:47:54', 0, 1, 45);
INSERT INTO `tb_talla` (id, created_at, is_delete, is_enabled, numero) VALUES (11, '2025-10-29 15:47:54', 0, 1, 46);
INSERT INTO `tb_talla` (id, created_at, is_delete, is_enabled, numero) VALUES (12, '2025-10-29 15:47:54', 0, 1, 47);
INSERT INTO `tb_subcategoria` (id, created_at, is_delete, is_enabled, nombre, id_categoria) VALUES (1, '2025-10-29 15:47:54', 0, 1, 'Subcat Flex 1 (Cat 1)', 1);
INSERT INTO `tb_subcategoria` (id, created_at, is_delete, is_enabled, nombre, id_categoria) VALUES (2, '2025-10-29 15:47:54', 0, 1, 'Subcat Alpha 2 (Cat 1)', 1);
INSERT INTO `tb_subcategoria` (id, created_at, is_delete, is_enabled, nombre, id_categoria) VALUES (3, '2025-10-29 15:47:54', 0, 1, 'Subcat Boost 3 (Cat 1)', 1);
INSERT INTO `tb_subcategoria` (id, created_at, is_delete, is_enabled, nombre, id_categoria) VALUES (4, '2025-10-29 15:47:54', 0, 1, 'Subcat Zoom 1 (Cat 2)', 2);
INSERT INTO `tb_subcategoria` (id, created_at, is_delete, is_enabled, nombre, id_categoria) VALUES (5, '2025-10-29 15:47:54', 0, 1, 'Subcat Flex 2 (Cat 2)', 2);
INSERT INTO `tb_subcategoria` (id, created_at, is_delete, is_enabled, nombre, id_categoria) VALUES (6, '2025-10-29 15:47:54', 0, 1, 'Subcat Pro 3 (Cat 2)', 2);
INSERT INTO `tb_subcategoria` (id, created_at, is_delete, is_enabled, nombre, id_categoria) VALUES (7, '2025-10-29 15:47:54', 0, 1, 'Subcat Pro 1 (Cat 3)', 3);
INSERT INTO `tb_subcategoria` (id, created_at, is_delete, is_enabled, nombre, id_categoria) VALUES (8, '2025-10-29 15:47:54', 0, 1, 'Subcat Ultra 2 (Cat 3)', 3);
INSERT INTO `tb_subcategoria` (id, created_at, is_delete, is_enabled, nombre, id_categoria) VALUES (9, '2025-10-29 15:47:54', 0, 1, 'Subcat Air 3 (Cat 3)', 3);
INSERT INTO `tb_subcategoria` (id, created_at, is_delete, is_enabled, nombre, id_categoria) VALUES (10, '2025-10-29 15:47:54', 0, 1, 'Subcat Pro 1 (Cat 4)', 4);
INSERT INTO `tb_subcategoria` (id, created_at, is_delete, is_enabled, nombre, id_categoria) VALUES (11, '2025-10-29 15:47:54', 0, 1, 'Subcat Delta 2 (Cat 4)', 4);
INSERT INTO `tb_subcategoria` (id, created_at, is_delete, is_enabled, nombre, id_categoria) VALUES (12, '2025-10-29 15:47:54', 0, 1, 'Subcat Run 3 (Cat 4)', 4);
INSERT INTO `tb_subcategoria` (id, created_at, is_delete, is_enabled, nombre, id_categoria) VALUES (13, '2025-10-29 15:47:54', 0, 1, 'Subcat Flex 1 (Cat 5)', 5);
INSERT INTO `tb_subcategoria` (id, created_at, is_delete, is_enabled, nombre, id_categoria) VALUES (14, '2025-10-29 15:47:54', 0, 1, 'Subcat Fly 2 (Cat 5)', 5);
INSERT INTO `tb_subcategoria` (id, created_at, is_delete, is_enabled, nombre, id_categoria) VALUES (15, '2025-10-29 15:47:54', 0, 1, 'Subcat Air 3 (Cat 5)', 5);
INSERT INTO `tb_branch` (id, created_at, is_delete, is_enabled, nombre, id_subcategoria) VALUES (1, '2025-10-29 15:47:54', 0, 1, 'Branch Omega 1 (Sub 1)', 1);
INSERT INTO `tb_branch` (id, created_at, is_delete, is_enabled, nombre, id_subcategoria) VALUES (2, '2025-10-29 15:47:54', 0, 1, 'Branch Delta 2 (Sub 1)', 1);
INSERT INTO `tb_branch` (id, created_at, is_delete, is_enabled, nombre, id_subcategoria) VALUES (3, '2025-10-29 15:47:54', 0, 1, 'Branch Ignite 1 (Sub 2)', 2);
INSERT INTO `tb_branch` (id, created_at, is_delete, is_enabled, nombre, id_subcategoria) VALUES (4, '2025-10-29 15:47:54', 0, 1, 'Branch Max 2 (Sub 2)', 2);
INSERT INTO `tb_branch` (id, created_at, is_delete, is_enabled, nombre, id_subcategoria) VALUES (5, '2025-10-29 15:47:54', 0, 1, 'Branch Fly 1 (Sub 3)', 3);
INSERT INTO `tb_branch` (id, created_at, is_delete, is_enabled, nombre, id_subcategoria) VALUES (6, '2025-10-29 15:47:54', 0, 1, 'Branch Boost 2 (Sub 3)', 3);
INSERT INTO `tb_branch` (id, created_at, is_delete, is_enabled, nombre, id_subcategoria) VALUES (7, '2025-10-29 15:47:54', 0, 1, 'Branch Max 1 (Sub 4)', 4);
INSERT INTO `tb_branch` (id, created_at, is_delete, is_enabled, nombre, id_subcategoria) VALUES (8, '2025-10-29 15:47:54', 0, 1, 'Branch Boost 2 (Sub 4)', 4);
INSERT INTO `tb_branch` (id, created_at, is_delete, is_enabled, nombre, id_subcategoria) VALUES (9, '2025-10-29 15:47:54', 0, 1, 'Branch Zoom 1 (Sub 5)', 5);
INSERT INTO `tb_branch` (id, created_at, is_delete, is_enabled, nombre, id_subcategoria) VALUES (10, '2025-10-29 15:47:54', 0, 1, 'Branch Pro 2 (Sub 5)', 5);
INSERT INTO `tb_branch` (id, created_at, is_delete, is_enabled, nombre, id_subcategoria) VALUES (11, '2025-10-29 15:47:54', 0, 1, 'Branch Fly 1 (Sub 6)', 6);
INSERT INTO `tb_branch` (id, created_at, is_delete, is_enabled, nombre, id_subcategoria) VALUES (12, '2025-10-29 15:47:54', 0, 1, 'Branch Zoom 2 (Sub 6)', 6);
INSERT INTO `tb_branch` (id, created_at, is_delete, is_enabled, nombre, id_subcategoria) VALUES (13, '2025-10-29 15:47:54', 0, 1, 'Branch Gamma 1 (Sub 7)', 7);
INSERT INTO `tb_branch` (id, created_at, is_delete, is_enabled, nombre, id_subcategoria) VALUES (14, '2025-10-29 15:47:54', 0, 1, 'Branch Fly 2 (Sub 7)', 7);
INSERT INTO `tb_branch` (id, created_at, is_delete, is_enabled, nombre, id_subcategoria) VALUES (15, '2025-10-29 15:47:54', 0, 1, 'Branch Fly 1 (Sub 8)', 8);
INSERT INTO `tb_branch` (id, created_at, is_delete, is_enabled, nombre, id_subcategoria) VALUES (16, '2025-10-29 15:47:54', 0, 1, 'Branch Alpha 2 (Sub 8)', 8);
INSERT INTO `tb_branch` (id, created_at, is_delete, is_enabled, nombre, id_subcategoria) VALUES (17, '2025-10-29 15:47:54', 0, 1, 'Branch Fly 1 (Sub 9)', 9);
INSERT INTO `tb_branch` (id, created_at, is_delete, is_enabled, nombre, id_subcategoria) VALUES (18, '2025-10-29 15:47:54', 0, 1, 'Branch Beta 2 (Sub 9)', 9);
INSERT INTO `tb_branch` (id, created_at, is_delete, is_enabled, nombre, id_subcategoria) VALUES (19, '2025-10-29 15:47:54', 0, 1, 'Branch Fly 1 (Sub 10)', 10);
INSERT INTO `tb_branch` (id, created_at, is_delete, is_enabled, nombre, id_subcategoria) VALUES (20, '2025-10-29 15:47:54', 0, 1, 'Branch Fly 2 (Sub 10)', 10);
INSERT INTO `tb_branch` (id, created_at, is_delete, is_enabled, nombre, id_subcategoria) VALUES (21, '2025-10-29 15:47:54', 0, 1, 'Branch Max 1 (Sub 11)', 11);
INSERT INTO `tb_branch` (id, created_at, is_delete, is_enabled, nombre, id_subcategoria) VALUES (22, '2025-10-29 15:47:54', 0, 1, 'Branch Pro 2 (Sub 11)', 11);
INSERT INTO `tb_branch` (id, created_at, is_delete, is_enabled, nombre, id_subcategoria) VALUES (23, '2025-10-29 15:47:54', 0, 1, 'Branch Zoom 1 (Sub 12)', 12);
INSERT INTO `tb_branch` (id, created_at, is_delete, is_enabled, nombre, id_subcategoria) VALUES (24, '2025-10-29 15:47:54', 0, 1, 'Branch Delta 2 (Sub 12)', 12);
INSERT INTO `tb_branch` (id, created_at, is_delete, is_enabled, nombre, id_subcategoria) VALUES (25, '2025-10-29 15:47:54', 0, 1, 'Branch Boost 1 (Sub 13)', 13);
INSERT INTO `tb_branch` (id, created_at, is_delete, is_enabled, nombre, id_subcategoria) VALUES (26, '2025-10-29 15:47:54', 0, 1, 'Branch Air 2 (Sub 13)', 13);
INSERT INTO `tb_branch` (id, created_at, is_delete, is_enabled, nombre, id_subcategoria) VALUES (27, '2025-10-29 15:47:54', 0, 1, 'Branch Ultra 1 (Sub 14)', 14);
INSERT INTO `tb_branch` (id, created_at, is_delete, is_enabled, nombre, id_subcategoria) VALUES (28, '2025-10-29 15:47:54', 0, 1, 'Branch Run 2 (Sub 14)', 14);
INSERT INTO `tb_branch` (id, created_at, is_delete, is_enabled, nombre, id_subcategoria) VALUES (29, '2025-10-29 15:47:54', 0, 1, 'Branch Zoom 1 (Sub 15)', 15);
INSERT INTO `tb_branch` (id, created_at, is_delete, is_enabled, nombre, id_subcategoria) VALUES (30, '2025-10-29 15:47:54', 0, 1, 'Branch Fly 2 (Sub 15)', 15);

-- ### TIENDAS ###

INSERT INTO `tb_tienda` (id, created_at, direccion, is_deleted, is_enabled, mail, nombre, nombre_legal, ruc, telefono, ubicacion, ruta_imagen, id_departamento, id_distrito, id_pais, id_provincia) VALUES (1, '2025-10-29 15:47:54', 'Calle Ejército 348, Miraflores', 0, 1, 'tienda1@runner.com', 'Runner Store Miraflores', 'Runner Store Miraflores S.A.C.', '20895545550', '932699066', 'Piso 2, Tienda 160', '/images/tiendas/tienda_1.jpg', 1, 1, 1, 1);
INSERT INTO `tb_tienda` (id, created_at, direccion, is_deleted, is_enabled, mail, nombre, nombre_legal, ruc, telefono, ubicacion, ruta_imagen, id_departamento, id_distrito, id_pais, id_provincia) VALUES (2, '2025-10-29 15:47:54', 'Paseo Javier Prado 579, Cusco Cercado', 0, 1, 'tienda2@runner.com', 'Runner Store Cusco Cercado', 'Runner Store Cusco Cercado S.A.C.', '20439370166', '983429213', 'Piso 3, Tienda 467', '/images/tiendas/tienda_2.jpg', 3, 5, 1, 3);
INSERT INTO `tb_tienda` (id, created_at, direccion, is_deleted, is_enabled, mail, nombre, nombre_legal, ruc, telefono, ubicacion, ruta_imagen, id_departamento, id_distrito, id_pais, id_provincia) VALUES (3, '2025-10-29 15:47:54', 'Jr. Salaverry 1061, Wanchaq', 0, 1, 'tienda3@runner.com', 'Runner Store Wanchaq', 'Runner Store Wanchaq S.A.C.', '20353553738', '987462894', 'Piso 1, Tienda 109', '/images/tiendas/tienda_3.jpg', 3, 4, 1, 3);
INSERT INTO `tb_tienda` (id, created_at, direccion, is_deleted, is_enabled, mail, nombre, nombre_legal, ruc, telefono, ubicacion, ruta_imagen, id_departamento, id_distrito, id_pais, id_provincia) VALUES (4, '2025-10-29 15:47:54', 'Jr. De la Cultura 1681, Yanahuara', 0, 1, 'tienda4@runner.com', 'Runner Store Yanahuara', 'Runner Store Yanahuara S.A.C.', '20439591996', '935542638', 'Piso 3, Tienda 323', '/images/tiendas/tienda_4.jpg', 2, 3, 1, 2);
INSERT INTO `tb_tienda` (id, created_at, direccion, is_deleted, is_enabled, mail, nombre, nombre_legal, ruc, telefono, ubicacion, ruta_imagen, id_departamento, id_distrito, id_pais, id_provincia) VALUES (5, '2025-10-29 15:47:54', 'Paseo Ejército 1164, Víctor Larco Herrera', 0, 1, 'tienda5@runner.com', 'Runner Store Víctor Larco Herrera', 'Runner Store Víctor Larco Herrera S.A.C.', '20482018402', '955678547', 'Piso 4, Tienda 221', '/images/tiendas/tienda_5.jpg', 4, 7, 1, 4);

-- ### USUARIOS ###

INSERT INTO `tb_usuario` (id, apellido, clave, created_at, email, is_delete, is_enabled, nmr_documento, nombre, telefono, tipo_documento, id_departamento, id_distrito, id_pais, id_provincia, id_rol) VALUES (2, 'Vargas', '$2a$10$RQjfVUaScbx/8fMHX7EhuuHa1HR8lxhfvbgphBrwbr5WOe56HdhW.', '2025-10-29 15:47:54', 'andymanquues@gmail.com', 0, 1, '22222222', 'Andy', '936545897', 'dni', 1, 1, 1, 1, 1);
INSERT INTO `tb_usuario` (id, apellido, clave, created_at, email, is_delete, is_enabled, nmr_documento, nombre, telefono, tipo_documento, id_departamento, id_distrito, id_pais, id_provincia, id_rol) VALUES (3, 'López', '$2a$12$X3VD6rcdx2TCVhYU4JasB.v9yj2dCZQCWKFpKzjaQBrXy3FW.f7Ky', '2025-10-29 15:47:54', 'davlópez3@runner-mail.com', 0, 1, '68436213', 'David', '974805277', 'dni', 3, 4, 1, 3, 2);
INSERT INTO `tb_usuario` (id, apellido, clave, created_at, email, is_delete, is_enabled, nmr_documento, nombre, telefono, tipo_documento, id_departamento, id_distrito, id_pais, id_provincia, id_rol) VALUES (4, 'López', '$2a$12$X3VD6rcdx2TCVhYU4JasB.v9yj2dCZQCWKFpKzjaQBrXy3FW.f7Ky', '2025-10-29 15:47:54', 'laulópez4@runner-mail.com', 0, 1, '71737874', 'Laura', '980325016', 'dni', 4, 6, 1, 4, 1);
INSERT INTO `tb_usuario` (id, apellido, clave, created_at, email, is_delete, is_enabled, nmr_documento, nombre, telefono, tipo_documento, id_departamento, id_distrito, id_pais, id_provincia, id_rol) VALUES (5, 'Vásquez', '$2a$12$X3VD6rcdx2TCVhYU4JasB.v9yj2dCZQCWKFpKzjaQBrXy3FW.f7Ky', '2025-10-29 15:47:54', 'sofvásquez5@runner-mail.com', 0, 1, '72018013', 'Sofía', '974464060', 'dni', 4, 7, 1, 4, 1);
INSERT INTO `tb_usuario` (id, apellido, clave, created_at, email, is_delete, is_enabled, nmr_documento, nombre, telefono, tipo_documento, id_departamento, id_distrito, id_pais, id_provincia, id_rol) VALUES (6, 'Pérez', '$2a$12$X3VD6rcdx2TCVhYU4JasB.v9yj2dCZQCWKFpKzjaQBrXy3FW.f7Ky', '2025-10-29 15:47:54', 'lucpérez6@runner-mail.com', 0, 1, '87344896', 'Lucía', '927883684', 'dni', 2, 3, 1, 2, 1);
INSERT INTO `tb_usuario` (id, apellido, clave, created_at, email, is_delete, is_enabled, nmr_documento, nombre, telefono, tipo_documento, id_departamento, id_distrito, id_pais, id_provincia, id_rol) VALUES (7, 'Vásquez', '$2a$12$X3VD6rcdx2TCVhYU4JasB.v9yj2dCZQCWKFpKzjaQBrXy3FW.f7Ky', '2025-10-29 15:47:54', 'migvásquez7@runner-mail.com', 0, 1, '47187829', 'Miguel', '965315029', 'dni', 3, 4, 1, 3, 2);
INSERT INTO `tb_usuario` (id, apellido, clave, created_at, email, is_delete, is_enabled, nmr_documento, nombre, telefono, tipo_documento, id_departamento, id_distrito, id_pais, id_provincia, id_rol) VALUES (8, 'Rodríguez', '$2a$12$X3VD6rcdx2TCVhYU4JasB.v9yj2dCZQCWKFpKzjaQBrXy3FW.f7Ky', '2025-10-29 15:47:54', 'migrodríguez8@runner-mail.com', 0, 1, '39145964', 'Miguel', '995152867', 'dni', 1, 1, 1, 1, 1);
INSERT INTO `tb_usuario` (id, apellido, clave, created_at, email, is_delete, is_enabled, nmr_documento, nombre, telefono, tipo_documento, id_departamento, id_distrito, id_pais, id_provincia, id_rol) VALUES (9, 'García', '$2a$12$X3VD6rcdx2TCVhYU4JasB.v9yj2dCZQCWKFpKzjaQBrXy3FW.f7Ky', '2025-10-29 15:47:54', 'margarcía9@runner-mail.com', 0, 1, '84038682', 'María', '999808294', 'dni', 3, 5, 1, 3, 2);
INSERT INTO `tb_usuario` (id, apellido, clave, created_at, email, is_delete, is_enabled, nmr_documento, nombre, telefono, tipo_documento, id_departamento, id_distrito, id_pais, id_provincia, id_rol) VALUES (10, 'Mendoza', '$2a$12$X3VD6rcdx2TCVhYU4JasB.v9yj2dCZQCWKFpKzjaQBrXy3FW.f7Ky', '2025-10-29 15:47:54', 'sofmendoza10@runner-mail.com', 0, 1, '52833569', 'Sofía', '916056288', 'dni', 2, 2, 1, 2, 2);
INSERT INTO `tb_usuario` (id, apellido, clave, created_at, email, is_delete, is_enabled, nmr_documento, nombre, telefono, tipo_documento, id_departamento, id_distrito, id_pais, id_provincia, id_rol) VALUES (11, 'López', '$2a$12$X3VD6rcdx2TCVhYU4JasB.v9yj2dCZQCWKFpKzjaQBrXy3FW.f7Ky', '2025-10-29 15:47:54', 'miglópez11@runner-mail.com', 0, 1, '60062829', 'Miguel', '931957036', 'dni', 3, 4, 1, 3, 1);
INSERT INTO `tb_usuario` (id, apellido, clave, created_at, email, is_delete, is_enabled, nmr_documento, nombre, telefono, tipo_documento, id_departamento, id_distrito, id_pais, id_provincia, id_rol) VALUES (12, 'Vásquez', '$2a$12$X3VD6rcdx2TCVhYU4JasB.v9yj2dCZQCWKFpKzjaQBrXy3FW.f7Ky', '2025-10-29 15:47:54', 'davvásquez12@runner-mail.com', 0, 1, '73092915', 'David', '938936519', 'dni', 2, 3, 1, 2, 1);
INSERT INTO `tb_usuario` (id, apellido, clave, created_at, email, is_delete, is_enabled, nmr_documento, nombre, telefono, tipo_documento, id_departamento, id_distrito, id_pais, id_provincia, id_rol) VALUES (13, 'Flores', '$2a$12$X3VD6rcdx2TCVhYU4JasB.v9yj2dCZQCWKFpKzjaQBrXy3FW.f7Ky', '2025-10-29 15:47:54', 'pedflores13@runner-mail.com', 0, 1, '27991850', 'Pedro', '979132426', 'dni', 3, 4, 1, 3, 2);
INSERT INTO `tb_usuario` (id, apellido, clave, created_at, email, is_delete, is_enabled, nmr_documento, nombre, telefono, tipo_documento, id_departamento, id_distrito, id_pais, id_provincia, id_rol) VALUES (14, 'Flores', '$2a$12$X3VD6rcdx2TCVhYU4JasB.v9yj2dCZQCWKFpKzjaQBrXy3FW.f7Ky', '2025-10-29 15:47:54', 'pauflores14@runner-mail.com', 0, 1, '89026700', 'Paula', '965130441', 'dni', 3, 4, 1, 3, 2);
INSERT INTO `tb_usuario` (id, apellido, clave, created_at, email, is_delete, is_enabled, nmr_documento, nombre, telefono, tipo_documento, id_departamento, id_distrito, id_pais, id_provincia, id_rol) VALUES (15, 'López', '$2a$12$X3VD6rcdx2TCVhYU4JasB.v9yj2dCZQCWKFpKzjaQBrXy3FW.f7Ky', '2025-10-29 15:47:54', 'miglópez15@runner-mail.com', 0, 1, '74234180', 'Miguel', '925675608', 'dni', 3, 4, 1, 3, 1);
INSERT INTO `tb_usuario` (id, apellido, clave, created_at, email, is_delete, is_enabled, nmr_documento, nombre, telefono, tipo_documento, id_departamento, id_distrito, id_pais, id_provincia, id_rol) VALUES (16, 'Pérez', '$2a$12$X3VD6rcdx2TCVhYU4JasB.v9yj2dCZQCWKFpKzjaQBrXy3FW.f7Ky', '2025-10-29 15:47:54', 'juapérez16@runner-mail.com', 0, 1, '49149890', 'Juan', '965542858', 'dni', 4, 6, 1, 4, 2);
INSERT INTO `tb_usuario` (id, apellido, clave, created_at, email, is_delete, is_enabled, nmr_documento, nombre, telefono, tipo_documento, id_departamento, id_distrito, id_pais, id_provincia, id_rol) VALUES (17, 'García', '$2a$12$X3VD6rcdx2TCVhYU4JasB.v9yj2dCZQCWKFpKzjaQBrXy3FW.f7Ky', '2025-10-29 15:47:54', 'javgarcía17@runner-mail.com', 0, 1, '25288257', 'Javier', '993570504', 'dni', 2, 2, 1, 2, 1);
INSERT INTO `tb_usuario` (id, apellido, clave, created_at, email, is_delete, is_enabled, nmr_documento, nombre, telefono, tipo_documento, id_departamento, id_distrito, id_pais, id_provincia, id_rol) VALUES (18, 'Pérez', '$2a$12$X3VD6rcdx2TCVhYU4JasB.v9yj2dCZQCWKFpKzjaQBrXy3FW.f7Ky', '2025-10-29 15:47:54', 'davpérez18@runner-mail.com', 0, 1, '50887873', 'David', '916647076', 'dni', 2, 2, 1, 2, 1);
INSERT INTO `tb_usuario` (id, apellido, clave, created_at, email, is_delete, is_enabled, nmr_documento, nombre, telefono, tipo_documento, id_departamento, id_distrito, id_pais, id_provincia, id_rol) VALUES (19, 'Mendoza', '$2a$12$X3VD6rcdx2TCVhYU4JasB.v9yj2dCZQCWKFpKzjaQBrXy3FW.f7Ky', '2025-10-29 15:47:54', 'elemendoza19@runner-mail.com', 0, 1, '58185357', 'Elena', '911805329', 'dni', 2, 3, 1, 2, 2);
INSERT INTO `tb_usuario` (id, apellido, clave, created_at, email, is_delete, is_enabled, nmr_documento, nombre, telefono, tipo_documento, id_departamento, id_distrito, id_pais, id_provincia, id_rol) VALUES (20, 'Rojas', '$2a$12$X3VD6rcdx2TCVhYU4JasB.v9yj2dCZQCWKFpKzjaQBrXy3FW.f7Ky', '2025-10-29 15:47:54', 'sofrojas20@runner-mail.com', 0, 1, '88444827', 'Sofía', '973016691', 'dni', 3, 4, 1, 3, 2);
INSERT INTO `tb_usuario` (id, apellido, clave, created_at, email, is_delete, is_enabled, nmr_documento, nombre, telefono, tipo_documento, id_departamento, id_distrito, id_pais, id_provincia, id_rol) VALUES (21, 'Torres', '$2a$12$X3VD6rcdx2TCVhYU4JasB.v9yj2dCZQCWKFpKzjaQBrXy3FW.f7Ky', '2025-10-29 15:47:54', 'softorres21@runner-mail.com', 0, 1, '85888030', 'Sofía', '915561963', 'dni', 2, 3, 1, 2, 2);
INSERT INTO `tb_usuario` (id, apellido, clave, created_at, email, is_delete, is_enabled, nmr_documento, nombre, telefono, tipo_documento, id_departamento, id_distrito, id_pais, id_provincia, id_rol) VALUES (22, 'Sánchez', '$2a$12$X3VD6rcdx2TCVhYU4JasB.v9yj2dCZQCWKFpKzjaQBrXy3FW.f7Ky', '2025-10-29 15:47:54', 'anasánchez22@runner-mail.com', 0, 1, '66017302', 'Ana', '930850346', 'dni', 4, 6, 1, 4, 1);
INSERT INTO `tb_usuario` (id, apellido, clave, created_at, email, is_delete, is_enabled, nmr_documento, nombre, telefono, tipo_documento, id_departamento, id_distrito, id_pais, id_provincia, id_rol) VALUES (23, 'Mendoza', '$2a$12$X3VD6rcdx2TCVhYU4JasB.v9yj2dCZQCWKFpKzjaQBrXy3FW.f7Ky', '2025-10-29 15:47:54', 'elemendoza23@runner-mail.com', 0, 1, '37734316', 'Elena', '949210891', 'dni', 3, 5, 1, 3, 2);
INSERT INTO `tb_usuario` (id, apellido, clave, created_at, email, is_delete, is_enabled, nmr_documento, nombre, telefono, tipo_documento, id_departamento, id_distrito, id_pais, id_provincia, id_rol) VALUES (24, 'López', '$2a$12$X3VD6rcdx2TCVhYU4JasB.v9yj2dCZQCWKFpKzjaQBrXy3FW.f7Ky', '2025-10-29 15:47:54', 'laulópez24@runner-mail.com', 0, 1, '64823517', 'Laura', '915765002', 'dni', 4, 6, 1, 4, 1);
INSERT INTO `tb_usuario` (id, apellido, clave, created_at, email, is_delete, is_enabled, nmr_documento, nombre, telefono, tipo_documento, id_departamento, id_distrito, id_pais, id_provincia, id_rol) VALUES (25, 'Vásquez', '$2a$12$X3VD6rcdx2TCVhYU4JasB.v9yj2dCZQCWKFpKzjaQBrXy3FW.f7Ky', '2025-10-29 15:47:54', 'sofvásquez25@runner-mail.com', 0, 1, '54299882', 'Sofía', '956646392', 'dni', 4, 7, 1, 4, 1);
INSERT INTO `tb_usuario` (id, apellido, clave, created_at, email, is_delete, is_enabled, nmr_documento, nombre, telefono, tipo_documento, id_departamento, id_distrito, id_pais, id_provincia, id_rol) VALUES (26, 'Flores', '$2a$12$X3VD6rcdx2TCVhYU4JasB.v9yj2dCZQCWKFpKzjaQBrXy3FW.f7Ky', '2025-10-29 15:47:54', 'carflores26@runner-mail.com', 0, 1, '22523656', 'Carlos', '976728456', 'dni', 2, 3, 1, 2, 1);
INSERT INTO `tb_usuario` (id, apellido, clave, created_at, email, is_delete, is_enabled, nmr_documento, nombre, telefono, tipo_documento, id_departamento, id_distrito, id_pais, id_provincia, id_rol) VALUES (27, 'García', '$2a$12$X3VD6rcdx2TCVhYU4JasB.v9yj2dCZQCWKFpKzjaQBrXy3FW.f7Ky', '2025-10-29 15:47:54', 'elegarcía27@runner-mail.com', 0, 1, '63937563', 'Elena', '950550892', 'dni', 4, 7, 1, 4, 1);
INSERT INTO `tb_usuario` (id, apellido, clave, created_at, email, is_delete, is_enabled, nmr_documento, nombre, telefono, tipo_documento, id_departamento, id_distrito, id_pais, id_provincia, id_rol) VALUES (28, 'Torres', '$2a$12$X3VD6rcdx2TCVhYU4JasB.v9yj2dCZQCWKFpKzjaQBrXy3FW.f7Ky', '2025-10-29 15:47:54', 'juatorres28@runner-mail.com', 0, 1, '24368530', 'Juan', '927884696', 'dni', 4, 7, 1, 4, 1);
INSERT INTO `tb_usuario` (id, apellido, clave, created_at, email, is_delete, is_enabled, nmr_documento, nombre, telefono, tipo_documento, id_departamento, id_distrito, id_pais, id_provincia, id_rol) VALUES (29, 'Hernández', '$2a$12$X3VD6rcdx2TCVhYU4JasB.v9yj2dCZQCWKFpKzjaQBrXy3FW.f7Ky', '2025-10-29 15:47:54', 'diehernández29@runner-mail.com', 0, 1, '88069253', 'Diego', '938267357', 'dni', 1, 1, 1, 1, 2);
INSERT INTO `tb_usuario` (id, apellido, clave, created_at, email, is_delete, is_enabled, nmr_documento, nombre, telefono, tipo_documento, id_departamento, id_distrito, id_pais, id_provincia, id_rol) VALUES (30, 'García', '$2a$12$X3VD6rcdx2TCVhYU4JasB.v9yj2dCZQCWKFpKzjaQBrXy3FW.f7Ky', '2025-10-29 15:47:54', 'diegarcía30@runner-mail.com', 0, 1, '50909260', 'Diego', '975011597', 'dni', 3, 4, 1, 3, 2);
INSERT INTO `tb_usuario` (id, apellido, clave, created_at, email, is_delete, is_enabled, nmr_documento, nombre, telefono, tipo_documento, id_departamento, id_distrito, id_pais, id_provincia, id_rol) VALUES (31, 'Sánchez', '$2a$12$X3VD6rcdx2TCVhYU4JasB.v9yj2dCZQCWKFpKzjaQBrXy3FW.f7Ky', '2025-10-29 15:47:54', 'davsánchez31@runner-mail.com', 0, 1, '32595260', 'David', '965347311', 'dni', 2, 3, 1, 2, 2);
INSERT INTO `tb_usuario` (id, apellido, clave, created_at, email, is_delete, is_enabled, nmr_documento, nombre, telefono, tipo_documento, id_departamento, id_distrito, id_pais, id_provincia, id_rol) VALUES (32, 'López', '$2a$12$X3VD6rcdx2TCVhYU4JasB.v9yj2dCZQCWKFpKzjaQBrXy3FW.f7Ky', '2025-10-29 15:47:54', 'luilópez32@runner-mail.com', 0, 1, '59681052', 'Luis', '930793516', 'dni', 3, 4, 1, 3, 1);
INSERT INTO `tb_usuario` (id, apellido, clave, created_at, email, is_delete, is_enabled, nmr_documento, nombre, telefono, tipo_documento, id_departamento, id_distrito, id_pais, id_provincia, id_rol) VALUES (33, 'Flores', '$2a$12$X3VD6rcdx2TCVhYU4JasB.v9yj2dCZQCWKFpKzjaQBrXy3FW.f7Ky', '2025-10-29 15:47:54', 'pedflores33@runner-mail.com', 0, 1, '49883208', 'Pedro', '913171215', 'dni', 1, 1, 1, 1, 2);
INSERT INTO `tb_usuario` (id, apellido, clave, created_at, email, is_delete, is_enabled, nmr_documento, nombre, telefono, tipo_documento, id_departamento, id_distrito, id_pais, id_provincia, id_rol) VALUES (34, 'Ramírez', '$2a$12$X3VD6rcdx2TCVhYU4JasB.v9yj2dCZQCWKFpKzjaQBrXy3FW.f7Ky', '2025-10-29 15:47:54', 'juaramírez34@runner-mail.com', 0, 1, '28871580', 'Juan', '928656933', 'dni', 3, 4, 1, 3, 1);
INSERT INTO `tb_usuario` (id, apellido, clave, created_at, email, is_delete, is_enabled, nmr_documento, nombre, telefono, tipo_documento, id_departamento, id_distrito, id_pais, id_provincia, id_rol) VALUES (35, 'Flores', '$2a$12$X3VD6rcdx2TCVhYU4JasB.v9yj2dCZQCWKFpKzjaQBrXy3FW.f7Ky', '2025-10-29 15:47:54', 'pedflores35@runner-mail.com', 0, 1, '34731215', 'Pedro', '948345418', 'dni', 4, 6, 1, 4, 2);
INSERT INTO `tb_usuario` (id, apellido, clave, created_at, email, is_delete, is_enabled, nmr_documento, nombre, telefono, tipo_documento, id_departamento, id_distrito, id_pais, id_provincia, id_rol) VALUES (36, 'López', '$2a$12$X3VD6rcdx2TCVhYU4JasB.v9yj2dCZQCWKFpKzjaQBrXy3FW.f7Ky', '2025-10-29 15:47:54', 'javlópez36@runner-mail.com', 0, 1, '65187720', 'Javier', '939174212', 'dni', 1, 1, 1, 1, 1);
INSERT INTO `tb_usuario` (id, apellido, clave, created_at, email, is_delete, is_enabled, nmr_documento, nombre, telefono, tipo_documento, id_departamento, id_distrito, id_pais, id_provincia, id_rol) VALUES (37, 'García', '$2a$12$X3VD6rcdx2TCVhYU4JasB.v9yj2dCZQCWKFpKzjaQBrXy3FW.f7Ky', '2025-10-29 15:47:54', 'paugarcía37@runner-mail.com', 0, 1, '41185436', 'Paula', '921988490', 'dni', 3, 5, 1, 3, 1);
INSERT INTO `tb_usuario` (id, apellido, clave, created_at, email, is_delete, is_enabled, nmr_documento, nombre, telefono, tipo_documento, id_departamento, id_distrito, id_pais, id_provincia, id_rol) VALUES (38, 'Hernández', '$2a$12$X3VD6rcdx2TCVhYU4JasB.v9yj2dCZQCWKFpKzjaQBrXy3FW.f7Ky', '2025-10-29 15:47:54', 'anahernández38@runner-mail.com', 0, 1, '91898331', 'Ana', '938675014', 'dni', 3, 4, 1, 3, 1);
INSERT INTO `tb_usuario` (id, apellido, clave, created_at, email, is_delete, is_enabled, nmr_documento, nombre, telefono, tipo_documento, id_departamento, id_distrito, id_pais, id_provincia, id_rol) VALUES (39, 'Rodríguez', '$2a$12$X3VD6rcdx2TCVhYU4JasB.v9yj2dCZQCWKFpKzjaQBrXy3FW.f7Ky', '2025-10-29 15:47:54', 'pedrodríguez39@runner-mail.com', 0, 1, '44787382', 'Pedro', '969713561', 'dni', 3, 4, 1, 3, 2);
INSERT INTO `tb_usuario` (id, apellido, clave, created_at, email, is_delete, is_enabled, nmr_documento, nombre, telefono, tipo_documento, id_departamento, id_distrito, id_pais, id_provincia, id_rol) VALUES (40, 'Hernández', '$2a$12$X3VD6rcdx2TCVhYU4JasB.v9yj2dCZQCWKFpKzjaQBrXy3FW.f7Ky', '2025-10-29 15:47:54', 'diehernández40@runner-mail.com', 0, 1, '35840267', 'Diego', '956085313', 'dni', 1, 1, 1, 1, 2);
INSERT INTO `tb_usuario` (id, apellido, clave, created_at, email, is_delete, is_enabled, nmr_documento, nombre, telefono, tipo_documento, id_departamento, id_distrito, id_pais, id_provincia, id_rol) VALUES (41, 'Pérez', '$2a$12$X3VD6rcdx2TCVhYU4JasB.v9yj2dCZQCWKFpKzjaQBrXy3FW.f7Ky', '2025-10-29 15:47:54', 'paupérez41@runner-mail.com', 0, 1, '66777029', 'Paula', '983547316', 'dni', 4, 6, 1, 4, 1);
INSERT INTO `tb_usuario` (id, apellido, clave, created_at, email, is_delete, is_enabled, nmr_documento, nombre, telefono, tipo_documento, id_departamento, id_distrito, id_pais, id_provincia, id_rol) VALUES (42, 'Torres', '$2a$12$X3VD6rcdx2TCVhYU4JasB.v9yj2dCZQCWKFpKzjaQBrXy3FW.f7Ky', '2025-10-29 15:47:54', 'cartorres42@runner-mail.com', 0, 1, '28783610', 'Carlos', '999793270', 'dni', 2, 2, 1, 2, 1);
INSERT INTO `tb_usuario` (id, apellido, clave, created_at, email, is_delete, is_enabled, nmr_documento, nombre, telefono, tipo_documento, id_departamento, id_distrito, id_pais, id_provincia, id_rol) VALUES (43, 'Torres', '$2a$12$X3VD6rcdx2TCVhYU4JasB.v9yj2dCZQCWKFpKzjaQBrXy3FW.f7Ky', '2025-10-29 15:47:54', 'dietorres43@runner-mail.com', 0, 1, '34141975', 'Diego', '962720554', 'dni', 4, 7, 1, 4, 2);
INSERT INTO `tb_usuario` (id, apellido, clave, created_at, email, is_delete, is_enabled, nmr_documento, nombre, telefono, tipo_documento, id_departamento, id_distrito, id_pais, id_provincia, id_rol) VALUES (44, 'Torres', '$2a$12$X3VD6rcdx2TCVhYU4JasB.v9yj2dCZQCWKFpKzjaQBrXy3FW.f7Ky', '2025-10-29 15:47:54', 'juatorres44@runner-mail.com', 0, 1, '88525892', 'Juan', '913379721', 'dni', 4, 6, 1, 4, 1);
INSERT INTO `tb_usuario` (id, apellido, clave, created_at, email, is_delete, is_enabled, nmr_documento, nombre, telefono, tipo_documento, id_departamento, id_distrito, id_pais, id_provincia, id_rol) VALUES (45, 'Flores', '$2a$12$X3VD6rcdx2TCVhYU4JasB.v9yj2dCZQCWKFpKzjaQBrXy3FW.f7Ky', '2025-10-29 15:47:54', 'lucflores45@runner-mail.com', 0, 1, '30468786', 'Lucía', '990342142', 'dni', 2, 2, 1, 2, 2);
INSERT INTO `tb_usuario` (id, apellido, clave, created_at, email, is_delete, is_enabled, nmr_documento, nombre, telefono, tipo_documento, id_departamento, id_distrito, id_pais, id_provincia, id_rol) VALUES (46, 'Rodríguez', '$2a$12$X3VD6rcdx2TCVhYU4JasB.v9yj2dCZQCWKFpKzjaQBrXy3FW.f7Ky', '2025-10-29 15:47:54', 'luirodríguez46@runner-mail.com', 0, 1, '41358183', 'Luis', '953970921', 'dni', 2, 2, 1, 2, 1);
INSERT INTO `tb_usuario` (id, apellido, clave, created_at, email, is_delete, is_enabled, nmr_documento, nombre, telefono, tipo_documento, id_departamento, id_distrito, id_pais, id_provincia, id_rol) VALUES (47, 'Torres', '$2a$12$X3VD6rcdx2TCVhYU4JasB.v9yj2dCZQCWKFpKzjaQBrXy3FW.f7Ky', '2025-10-29 15:47:54', 'cartorres47@runner-mail.com', 0, 1, '65157980', 'Carlos', '934639900', 'dni', 3, 5, 1, 3, 2);
INSERT INTO `tb_usuario` (id, apellido, clave, created_at, email, is_delete, is_enabled, nmr_documento, nombre, telefono, tipo_documento, id_departamento, id_distrito, id_pais, id_provincia, id_rol) VALUES (48, 'Sánchez', '$2a$12$X3VD6rcdx2TCVhYU4JasB.v9yj2dCZQCWKFpKzjaQBrXy3FW.f7Ky', '2025-10-29 15:47:54', 'lucsánchez48@runner-mail.com', 0, 1, '58219278', 'Lucía', '929279498', 'dni', 2, 2, 1, 2, 2);
INSERT INTO `tb_usuario` (id, apellido, clave, created_at, email, is_delete, is_enabled, nmr_documento, nombre, telefono, tipo_documento, id_departamento, id_distrito, id_pais, id_provincia, id_rol) VALUES (49, 'Hernández', '$2a$12$X3VD6rcdx2TCVhYU4JasB.v9yj2dCZQCWKFpKzjaQBrXy3FW.f7Ky', '2025-10-29 15:47:54', 'pedhernández49@runner-mail.com', 0, 1, '64916824', 'Pedro', '957640440', 'dni', 3, 4, 1, 3, 1);
INSERT INTO `tb_usuario` (id, apellido, clave, created_at, email, is_delete, is_enabled, nmr_documento, nombre, telefono, tipo_documento, id_departamento, id_distrito, id_pais, id_provincia, id_rol) VALUES (50, 'Vásquez', '$2a$12$X3VD6rcdx2TCVhYU4JasB.v9yj2dCZQCWKFpKzjaQBrXy3FW.f7Ky', '2025-10-29 15:47:54', 'dievásquez50@runner-mail.com', 0, 1, '31214502', 'Diego', '950063921', 'dni', 1, 1, 1, 1, 2);
INSERT INTO `tb_usuario` (id, apellido, clave, created_at, email, is_delete, is_enabled, nmr_documento, nombre, telefono, tipo_documento, id_departamento, id_distrito, id_pais, id_provincia, id_rol) VALUES (51, 'Vásquez', '$2a$12$X3VD6rcdx2TCVhYU4JasB.v9yj2dCZQCWKFpKzjaQBrXy3FW.f7Ky', '2025-10-29 15:47:54', 'dievásquez51@runner-mail.com', 0, 1, '25704077', 'Diego', '975572198', 'dni', 1, 1, 1, 1, 2);
INSERT INTO `tb_usuario` (id, apellido, clave, created_at, email, is_delete, is_enabled, nmr_documento, nombre, telefono, tipo_documento, id_departamento, id_distrito, id_pais, id_provincia, id_rol) VALUES (52, 'Sánchez', '$2a$12$X3VD6rcdx2TCVhYU4JasB.v9yj2dCZQCWKFpKzjaQBrXy3FW.f7Ky', '2025-10-29 15:47:54', 'pausánchez52@runner-mail.com', 0, 1, '23985802', 'Paula', '957415041', 'dni', 4, 7, 1, 4, 1);

-- ### TRABAJADORES ###

INSERT INTO `tb_trabajador` (id_usuario, created_at, horas_laborales, is_delete, is_enabled, salario, id_tienda) VALUES (2, '2025-10-29 15:47:54', 48, 0, 1, 3663.25, 4);
INSERT INTO `tb_trabajador` (id_usuario, created_at, horas_laborales, is_delete, is_enabled, salario, id_tienda) VALUES (37, '2025-10-29 15:47:54', 48, 0, 1, 3183.81, 1);
INSERT INTO `tb_trabajador` (id_usuario, created_at, horas_laborales, is_delete, is_enabled, salario, id_tienda) VALUES (21, '2025-10-29 15:47:54', 48, 0, 1, 2809.71, 3);
INSERT INTO `tb_trabajador` (id_usuario, created_at, horas_laborales, is_delete, is_enabled, salario, id_tienda) VALUES (4, '2025-10-29 15:47:54', 48, 0, 1, 2290.49, 2);
INSERT INTO `tb_trabajador` (id_usuario, created_at, horas_laborales, is_delete, is_enabled, salario, id_tienda) VALUES (6, '2025-10-29 15:47:54', 48, 0, 1, 2696.66, 2);
INSERT INTO `tb_trabajador` (id_usuario, created_at, horas_laborales, is_delete, is_enabled, salario, id_tienda) VALUES (8, '2025-10-29 15:47:54', 48, 0, 1, 2759.82, 2);
INSERT INTO `tb_trabajador` (id_usuario, created_at, horas_laborales, is_delete, is_enabled, salario, id_tienda) VALUES (27, '2025-10-29 15:47:54', 48, 0, 1, 2419.02, 3);
INSERT INTO `tb_trabajador` (id_usuario, created_at, horas_laborales, is_delete, is_enabled, salario, id_tienda) VALUES (42, '2025-10-29 15:47:54', 48, 0, 1, 3044.92, 4);
INSERT INTO `tb_trabajador` (id_usuario, created_at, horas_laborales, is_delete, is_enabled, salario, id_tienda) VALUES (41, '2025-10-29 15:47:54', 48, 0, 1, 1467.42, 1);
INSERT INTO `tb_trabajador` (id_usuario, created_at, horas_laborales, is_delete, is_enabled, salario, id_tienda) VALUES (29, '2025-10-29 15:47:54', 48, 0, 1, 3005.18, 5);
INSERT INTO `tb_trabajador` (id_usuario, created_at, horas_laborales, is_delete, is_enabled, salario, id_tienda) VALUES (51, '2025-10-29 15:47:54', 48, 0, 1, 1748.97, 3);
INSERT INTO `tb_trabajador` (id_usuario, created_at, horas_laborales, is_delete, is_enabled, salario, id_tienda) VALUES (34, '2025-10-29 15:47:54', 48, 0, 1, 1247.26, 1);
INSERT INTO `tb_trabajador` (id_usuario, created_at, horas_laborales, is_delete, is_enabled, salario, id_tienda) VALUES (18, '2025-10-29 15:47:54', 48, 0, 1, 2061.7, 1);
INSERT INTO `tb_trabajador` (id_usuario, created_at, horas_laborales, is_delete, is_enabled, salario, id_tienda) VALUES (16, '2025-10-29 15:47:54', 48, 0, 1, 2640.82, 5);
INSERT INTO `tb_trabajador` (id_usuario, created_at, horas_laborales, is_delete, is_enabled, salario, id_tienda) VALUES (9, '2025-10-29 15:47:54', 48, 0, 1, 1657.72, 1);
INSERT INTO `tb_trabajador` (id_usuario, created_at, horas_laborales, is_delete, is_enabled, salario, id_tienda) VALUES (39, '2025-10-29 15:47:54', 48, 0, 1, 1963.41, 4);
INSERT INTO `tb_trabajador` (id_usuario, created_at, horas_laborales, is_delete, is_enabled, salario, id_tienda) VALUES (49, '2025-10-29 15:47:54', 48, 0, 1, 3024.18, 5);
INSERT INTO `tb_trabajador` (id_usuario, created_at, horas_laborales, is_delete, is_enabled, salario, id_tienda) VALUES (52, '2025-10-29 15:47:54', 48, 0, 1, 2780.1, 3);
INSERT INTO `tb_trabajador` (id_usuario, created_at, horas_laborales, is_delete, is_enabled, salario, id_tienda) VALUES (22, '2025-10-29 15:47:54', 48, 0, 1, 1985.14, 5);
INSERT INTO `tb_trabajador` (id_usuario, created_at, horas_laborales, is_delete, is_enabled, salario, id_tienda) VALUES (40, '2025-10-29 15:47:54', 48, 0, 1, 2259.94, 4);
INSERT INTO `tb_trabajador` (id_usuario, created_at, horas_laborales, is_delete, is_enabled, salario, id_tienda) VALUES (25, '2025-10-29 15:47:54', 48, 0, 1, 1565.56, 1);
INSERT INTO `tb_trabajador` (id_usuario, created_at, horas_laborales, is_delete, is_enabled, salario, id_tienda) VALUES (32, '2025-10-29 15:47:54', 48, 0, 1, 1232.96, 1);
INSERT INTO `tb_trabajador` (id_usuario, created_at, horas_laborales, is_delete, is_enabled, salario, id_tienda) VALUES (24, '2025-10-29 15:47:54', 48, 0, 1, 2015.7, 5);
INSERT INTO `tb_trabajador` (id_usuario, created_at, horas_laborales, is_delete, is_enabled, salario, id_tienda) VALUES (43, '2025-10-29 15:47:54', 48, 0, 1, 2126.49, 2);
INSERT INTO `tb_trabajador` (id_usuario, created_at, horas_laborales, is_delete, is_enabled, salario, id_tienda) VALUES (36, '2025-10-29 15:47:54', 48, 0, 1, 2076.35, 2);
INSERT INTO `tb_trabajador` (id_usuario, created_at, horas_laborales, is_delete, is_enabled, salario, id_tienda) VALUES (17, '2025-10-29 15:47:54', 48, 0, 1, 3460.82, 5);
INSERT INTO `tb_trabajador` (id_usuario, created_at, horas_laborales, is_delete, is_enabled, salario, id_tienda) VALUES (31, '2025-10-29 15:47:54', 48, 0, 1, 3051.0, 4);
INSERT INTO `tb_trabajador` (id_usuario, created_at, horas_laborales, is_delete, is_enabled, salario, id_tienda) VALUES (44, '2025-10-29 15:47:54', 48, 0, 1, 2019.8, 2);
INSERT INTO `tb_trabajador` (id_usuario, created_at, horas_laborales, is_delete, is_enabled, salario, id_tienda) VALUES (23, '2025-10-29 15:47:54', 48, 0, 1, 2761.85, 4);
INSERT INTO `tb_trabajador` (id_usuario, created_at, horas_laborales, is_delete, is_enabled, salario, id_tienda) VALUES (35, '2025-10-29 15:47:54', 48, 0, 1, 3101.58, 2);
INSERT INTO `tb_trabajador` (id_usuario, created_at, horas_laborales, is_delete, is_enabled, salario, id_tienda) VALUES (45, '2025-10-29 15:47:54', 48, 0, 1, 2034.56, 1);
INSERT INTO `tb_trabajador` (id_usuario, created_at, horas_laborales, is_delete, is_enabled, salario, id_tienda) VALUES (3, '2025-10-29 15:47:54', 48, 0, 1, 3496.55, 5);
INSERT INTO `tb_trabajador` (id_usuario, created_at, horas_laborales, is_delete, is_enabled, salario, id_tienda) VALUES (26, '2025-10-29 15:47:54', 48, 0, 1, 3254.52, 2);
INSERT INTO `tb_trabajador` (id_usuario, created_at, horas_laborales, is_delete, is_enabled, salario, id_tienda) VALUES (13, '2025-10-29 15:47:54', 48, 0, 1, 1368.38, 2);
INSERT INTO `tb_trabajador` (id_usuario, created_at, horas_laborales, is_delete, is_enabled, salario, id_tienda) VALUES (14, '2025-10-29 15:47:54', 48, 0, 1, 2352.45, 5);
INSERT INTO `tb_trabajador` (id_usuario, created_at, horas_laborales, is_delete, is_enabled, salario, id_tienda) VALUES (10, '2025-10-29 15:47:54', 48, 0, 1, 2149.59, 4);
INSERT INTO `tb_trabajador` (id_usuario, created_at, horas_laborales, is_delete, is_enabled, salario, id_tienda) VALUES (15, '2025-10-29 15:47:54', 48, 0, 1, 1750.99, 1);
INSERT INTO `tb_trabajador` (id_usuario, created_at, horas_laborales, is_delete, is_enabled, salario, id_tienda) VALUES (50, '2025-10-29 15:47:54', 48, 0, 1, 2522.53, 3);
INSERT INTO `tb_trabajador` (id_usuario, created_at, horas_laborales, is_delete, is_enabled, salario, id_tienda) VALUES (30, '2025-10-29 15:47:54', 48, 0, 1, 2483.73, 2);
INSERT INTO `tb_trabajador` (id_usuario, created_at, horas_laborales, is_delete, is_enabled, salario, id_tienda) VALUES (38, '2025-10-29 15:47:54', 48, 0, 1, 1704.21, 3);
INSERT INTO `tb_trabajador` (id_usuario, created_at, horas_laborales, is_delete, is_enabled, salario, id_tienda) VALUES (47, '2025-10-29 15:47:54', 48, 0, 1, 2590.24, 1);

-- ### PRODUCTOS ###

INSERT INTO `tb_producto` (id, created_at, descripcion, is_delete, is_enabled, nombre, precio, id_branch, id_categoria, id_marca, id_material, id_subcategoria) VALUES (1, '2025-10-29 15:47:54', 'Máxima comodidad y estilo.', 0, 1, 'Fila Delta', 328.04, 11, 2, 10, 5, 6);
INSERT INTO `tb_producto` (id, created_at, descripcion, is_delete, is_enabled, nombre, precio, id_branch, id_categoria, id_marca, id_material, id_subcategoria) VALUES (2, '2025-10-29 15:47:54', 'Perfecto para el día a día.', 0, 1, 'Asics Zoom', 340.36, 21, 4, 8, 4, 11);
INSERT INTO `tb_producto` (id, created_at, descripcion, is_delete, is_enabled, nombre, precio, id_branch, id_categoria, id_marca, id_material, id_subcategoria) VALUES (3, '2025-10-29 15:47:54', 'Un clásico reinventado.', 0, 1, 'New Balance Boost', 270.99, 1, 1, 7, 5, 1);
INSERT INTO `tb_producto` (id, created_at, descripcion, is_delete, is_enabled, nombre, precio, id_branch, id_categoria, id_marca, id_material, id_subcategoria) VALUES (4, '2025-10-29 15:47:54', 'Perfecto para el día a día.', 0, 1, 'Nike Pro', 324.32, 4, 1, 1, 3, 2);
INSERT INTO `tb_producto` (id, created_at, descripcion, is_delete, is_enabled, nombre, precio, id_branch, id_categoria, id_marca, id_material, id_subcategoria) VALUES (5, '2025-10-29 15:47:54', 'Ideal para corredores urbanos.', 0, 1, 'Reebok Run', 664.26, 12, 2, 4, 2, 6);
INSERT INTO `tb_producto` (id, created_at, descripcion, is_delete, is_enabled, nombre, precio, id_branch, id_categoria, id_marca, id_material, id_subcategoria) VALUES (6, '2025-10-29 15:47:54', 'Perfecto para el día a día.', 0, 1, 'Reebok Max', 228.11, 30, 5, 4, 2, 15);
INSERT INTO `tb_producto` (id, created_at, descripcion, is_delete, is_enabled, nombre, precio, id_branch, id_categoria, id_marca, id_material, id_subcategoria) VALUES (7, '2025-10-29 15:47:54', 'Ideal para corredores urbanos.', 0, 1, 'Converse Fly', 754.5, 19, 4, 5, 2, 10);
INSERT INTO `tb_producto` (id, created_at, descripcion, is_delete, is_enabled, nombre, precio, id_branch, id_categoria, id_marca, id_material, id_subcategoria) VALUES (8, '2025-10-29 15:47:54', 'Perfecto para el día a día.', 0, 1, 'Vans Pro', 123.47, 3, 1, 6, 1, 2);
INSERT INTO `tb_producto` (id, created_at, descripcion, is_delete, is_enabled, nombre, precio, id_branch, id_categoria, id_marca, id_material, id_subcategoria) VALUES (9, '2025-10-29 15:47:54', 'Perfecto para el día a día.', 0, 1, 'New Balance Beta', 300.4, 11, 2, 7, 3, 6);
INSERT INTO `tb_producto` (id, created_at, descripcion, is_delete, is_enabled, nombre, precio, id_branch, id_categoria, id_marca, id_material, id_subcategoria) VALUES (10, '2025-10-29 15:47:54', 'Máxima comodidad y estilo.', 0, 1, 'Fila Zoom', 667.3, 5, 1, 10, 4, 3);
INSERT INTO `tb_producto` (id, created_at, descripcion, is_delete, is_enabled, nombre, precio, id_branch, id_categoria, id_marca, id_material, id_subcategoria) VALUES (11, '2025-10-29 15:47:54', 'Ideal para corredores urbanos.', 0, 1, 'New Balance Delta', 469.12, 23, 4, 7, 4, 12);
INSERT INTO `tb_producto` (id, created_at, descripcion, is_delete, is_enabled, nombre, precio, id_branch, id_categoria, id_marca, id_material, id_subcategoria) VALUES (12, '2025-10-29 15:47:54', 'Ideal para corredores urbanos.', 0, 1, 'Reebok Ignite', 760.57, 19, 4, 4, 4, 10);
INSERT INTO `tb_producto` (id, created_at, descripcion, is_delete, is_enabled, nombre, precio, id_branch, id_categoria, id_marca, id_material, id_subcategoria) VALUES (13, '2025-10-29 15:47:54', 'Perfecto para el día a día.', 0, 1, 'Vans Ignite', 731.77, 28, 5, 6, 2, 14);
INSERT INTO `tb_producto` (id, created_at, descripcion, is_delete, is_enabled, nombre, precio, id_branch, id_categoria, id_marca, id_material, id_subcategoria) VALUES (14, '2025-10-29 15:47:54', 'Perfecto para el día a día.', 0, 1, 'Fila Boost', 646.92, 14, 3, 10, 4, 7);
INSERT INTO `tb_producto` (id, created_at, descripcion, is_delete, is_enabled, nombre, precio, id_branch, id_categoria, id_marca, id_material, id_subcategoria) VALUES (15, '2025-10-29 15:47:54', 'Tecnología de punta para deporte.', 0, 1, 'Reebok Fly', 741.9, 11, 2, 4, 3, 6);
INSERT INTO `tb_producto` (id, created_at, descripcion, is_delete, is_enabled, nombre, precio, id_branch, id_categoria, id_marca, id_material, id_subcategoria) VALUES (16, '2025-10-29 15:47:54', 'Perfecto para el día a día.', 0, 1, 'Nike Fly', 790.18, 28, 5, 1, 1, 14);
INSERT INTO `tb_producto` (id, created_at, descripcion, is_delete, is_enabled, nombre, precio, id_branch, id_categoria, id_marca, id_material, id_subcategoria) VALUES (17, '2025-10-29 15:47:54', 'Máxima comodidad y estilo.', 0, 1, 'New Balance Delta', 656.81, 15, 3, 7, 3, 8);
INSERT INTO `tb_producto` (id, created_at, descripcion, is_delete, is_enabled, nombre, precio, id_branch, id_categoria, id_marca, id_material, id_subcategoria) VALUES (18, '2025-10-29 15:47:54', 'Perfecto para el día a día.', 0, 1, 'New Balance Flex', 636.63, 2, 1, 7, 4, 1);
INSERT INTO `tb_producto` (id, created_at, descripcion, is_delete, is_enabled, nombre, precio, id_branch, id_categoria, id_marca, id_material, id_subcategoria) VALUES (19, '2025-10-29 15:47:54', 'Un clásico reinventado.', 0, 1, 'Converse Max', 753.74, 4, 1, 5, 1, 2);
INSERT INTO `tb_producto` (id, created_at, descripcion, is_delete, is_enabled, nombre, precio, id_branch, id_categoria, id_marca, id_material, id_subcategoria) VALUES (20, '2025-10-29 15:47:54', 'Tecnología de punta para deporte.', 0, 1, 'New Balance Boost', 486.89, 15, 3, 7, 4, 8);
INSERT INTO `tb_producto` (id, created_at, descripcion, is_delete, is_enabled, nombre, precio, id_branch, id_categoria, id_marca, id_material, id_subcategoria) VALUES (21, '2025-10-29 15:47:54', 'Ideal para corredores urbanos.', 0, 1, 'Asics Zoom', 301.14, 29, 5, 8, 5, 15);
INSERT INTO `tb_producto` (id, created_at, descripcion, is_delete, is_enabled, nombre, precio, id_branch, id_categoria, id_marca, id_material, id_subcategoria) VALUES (22, '2025-10-29 15:47:54', 'Máxima comodidad y estilo.', 0, 1, 'Reebok Boost', 263.21, 8, 2, 4, 5, 4);
INSERT INTO `tb_producto` (id, created_at, descripcion, is_delete, is_enabled, nombre, precio, id_branch, id_categoria, id_marca, id_material, id_subcategoria) VALUES (23, '2025-10-29 15:47:54', 'Un clásico reinventado.', 0, 1, 'Vans Boost', 203.06, 23, 4, 6, 1, 12);
INSERT INTO `tb_producto` (id, created_at, descripcion, is_delete, is_enabled, nombre, precio, id_branch, id_categoria, id_marca, id_material, id_subcategoria) VALUES (24, '2025-10-29 15:47:54', 'Un clásico reinventado.', 0, 1, 'New Balance Run', 633.03, 2, 1, 7, 1, 1);
INSERT INTO `tb_producto` (id, created_at, descripcion, is_delete, is_enabled, nombre, precio, id_branch, id_categoria, id_marca, id_material, id_subcategoria) VALUES (25, '2025-10-29 15:47:54', 'Un clásico reinventado.', 0, 1, 'Puma Boost', 402.31, 17, 3, 3, 1, 9);
INSERT INTO `tb_producto` (id, created_at, descripcion, is_delete, is_enabled, nombre, precio, id_branch, id_categoria, id_marca, id_material, id_subcategoria) VALUES (26, '2025-10-29 15:47:54', 'Tecnología de punta para deporte.', 0, 1, 'Fila Beta', 211.07, 6, 1, 10, 2, 3);
INSERT INTO `tb_producto` (id, created_at, descripcion, is_delete, is_enabled, nombre, precio, id_branch, id_categoria, id_marca, id_material, id_subcategoria) VALUES (27, '2025-10-29 15:47:54', 'Perfecto para el día a día.', 0, 1, 'Converse Run', 742.7, 19, 4, 5, 2, 10);
INSERT INTO `tb_producto` (id, created_at, descripcion, is_delete, is_enabled, nombre, precio, id_branch, id_categoria, id_marca, id_material, id_subcategoria) VALUES (28, '2025-10-29 15:47:54', 'Máxima comodidad y estilo.', 0, 1, 'Converse Gamma', 641.68, 22, 4, 5, 4, 11);
INSERT INTO `tb_producto` (id, created_at, descripcion, is_delete, is_enabled, nombre, precio, id_branch, id_categoria, id_marca, id_material, id_subcategoria) VALUES (29, '2025-10-29 15:47:54', 'Tecnología de punta para deporte.', 0, 1, 'New Balance Zoom', 454.68, 6, 1, 7, 3, 3);
INSERT INTO `tb_producto` (id, created_at, descripcion, is_delete, is_enabled, nombre, precio, id_branch, id_categoria, id_marca, id_material, id_subcategoria) VALUES (30, '2025-10-29 15:47:54', 'Tecnología de punta para deporte.', 0, 1, 'Fila Delta', 405.46, 13, 3, 10, 5, 7);
INSERT INTO `tb_producto` (id, created_at, descripcion, is_delete, is_enabled, nombre, precio, id_branch, id_categoria, id_marca, id_material, id_subcategoria) VALUES (31, '2025-10-29 15:47:54', 'Perfecto para el día a día.', 0, 1, 'Vans Ultra', 353.44, 12, 2, 6, 1, 6);
INSERT INTO `tb_producto` (id, created_at, descripcion, is_delete, is_enabled, nombre, precio, id_branch, id_categoria, id_marca, id_material, id_subcategoria) VALUES (32, '2025-10-29 15:47:54', 'Tecnología de punta para deporte.', 0, 1, 'Converse Alpha', 229.59, 21, 4, 5, 4, 11);
INSERT INTO `tb_producto` (id, created_at, descripcion, is_delete, is_enabled, nombre, precio, id_branch, id_categoria, id_marca, id_material, id_subcategoria) VALUES (33, '2025-10-29 15:47:54', 'Ideal para corredores urbanos.', 0, 1, 'Nike Delta', 606.03, 2, 1, 1, 3, 1);
INSERT INTO `tb_producto` (id, created_at, descripcion, is_delete, is_enabled, nombre, precio, id_branch, id_categoria, id_marca, id_material, id_subcategoria) VALUES (34, '2025-10-29 15:47:54', 'Un clásico reinventado.', 0, 1, 'Asics Boost', 785.88, 15, 3, 8, 4, 8);
INSERT INTO `tb_producto` (id, created_at, descripcion, is_delete, is_enabled, nombre, precio, id_branch, id_categoria, id_marca, id_material, id_subcategoria) VALUES (35, '2025-10-29 15:47:54', 'Perfecto para el día a día.', 0, 1, 'Adidas Run', 467.65, 7, 2, 2, 4, 4);
INSERT INTO `tb_producto` (id, created_at, descripcion, is_delete, is_enabled, nombre, precio, id_branch, id_categoria, id_marca, id_material, id_subcategoria) VALUES (36, '2025-10-29 15:47:54', 'Un clásico reinventado.', 0, 1, 'Vans Ignite', 474.05, 17, 3, 6, 2, 9);
INSERT INTO `tb_producto` (id, created_at, descripcion, is_delete, is_enabled, nombre, precio, id_branch, id_categoria, id_marca, id_material, id_subcategoria) VALUES (37, '2025-10-29 15:47:54', 'Perfecto para el día a día.', 0, 1, 'Adidas Zoom', 258.91, 17, 3, 2, 2, 9);
INSERT INTO `tb_producto` (id, created_at, descripcion, is_delete, is_enabled, nombre, precio, id_branch, id_categoria, id_marca, id_material, id_subcategoria) VALUES (38, '2025-10-29 15:47:54', 'Máxima comodidad y estilo.', 0, 1, 'Reebok Run', 416.39, 12, 2, 4, 5, 6);
INSERT INTO `tb_producto` (id, created_at, descripcion, is_delete, is_enabled, nombre, precio, id_branch, id_categoria, id_marca, id_material, id_subcategoria) VALUES (39, '2025-10-29 15:47:54', 'Ideal para corredores urbanos.', 0, 1, 'Fila Run', 141.52, 18, 3, 10, 4, 9);
INSERT INTO `tb_producto` (id, created_at, descripcion, is_delete, is_enabled, nombre, precio, id_branch, id_categoria, id_marca, id_material, id_subcategoria) VALUES (40, '2025-10-29 15:47:54', 'Tecnología de punta para deporte.', 0, 1, 'Reebok Zoom', 474.32, 2, 1, 4, 2, 1);
INSERT INTO `tb_producto` (id, created_at, descripcion, is_delete, is_enabled, nombre, precio, id_branch, id_categoria, id_marca, id_material, id_subcategoria) VALUES (41, '2025-10-29 15:47:54', 'Perfecto para el día a día.', 0, 1, 'Skechers Beta', 567.43, 1, 1, 9, 2, 1);
INSERT INTO `tb_producto` (id, created_at, descripcion, is_delete, is_enabled, nombre, precio, id_branch, id_categoria, id_marca, id_material, id_subcategoria) VALUES (42, '2025-10-29 15:47:54', 'Perfecto para el día a día.', 0, 1, 'Skechers Alpha', 122.75, 6, 1, 9, 1, 3);
INSERT INTO `tb_producto` (id, created_at, descripcion, is_delete, is_enabled, nombre, precio, id_branch, id_categoria, id_marca, id_material, id_subcategoria) VALUES (43, '2025-10-29 15:47:54', 'Ideal para corredores urbanos.', 0, 1, 'Nike Zoom', 388.38, 13, 3, 1, 3, 7);
INSERT INTO `tb_producto` (id, created_at, descripcion, is_delete, is_enabled, nombre, precio, id_branch, id_categoria, id_marca, id_material, id_subcategoria) VALUES (44, '2025-10-29 15:47:54', 'Perfecto para el día a día.', 0, 1, 'Puma Boost', 177.94, 2, 1, 3, 3, 1);
INSERT INTO `tb_producto` (id, created_at, descripcion, is_delete, is_enabled, nombre, precio, id_branch, id_categoria, id_marca, id_material, id_subcategoria) VALUES (45, '2025-10-29 15:47:54', 'Tecnología de punta para deporte.', 0, 1, 'Nike Beta', 592.0, 27, 5, 1, 4, 14);
INSERT INTO `tb_producto` (id, created_at, descripcion, is_delete, is_enabled, nombre, precio, id_branch, id_categoria, id_marca, id_material, id_subcategoria) VALUES (46, '2025-10-29 15:47:54', 'Ideal para corredores urbanos.', 0, 1, 'Nike Zoom', 503.72, 15, 3, 1, 4, 8);
INSERT INTO `tb_producto` (id, created_at, descripcion, is_delete, is_enabled, nombre, precio, id_branch, id_categoria, id_marca, id_material, id_subcategoria) VALUES (47, '2025-10-29 15:47:54', 'Ideal para corredores urbanos.', 0, 1, 'Adidas Max', 366.69, 24, 4, 2, 1, 12);
INSERT INTO `tb_producto` (id, created_at, descripcion, is_delete, is_enabled, nombre, precio, id_branch, id_categoria, id_marca, id_material, id_subcategoria) VALUES (48, '2025-10-29 15:47:54', 'Máxima comodidad y estilo.', 0, 1, 'Adidas Omega', 196.08, 2, 1, 2, 1, 1);
INSERT INTO `tb_producto` (id, created_at, descripcion, is_delete, is_enabled, nombre, precio, id_branch, id_categoria, id_marca, id_material, id_subcategoria) VALUES (49, '2025-10-29 15:47:54', 'Un clásico reinventado.', 0, 1, 'Puma Boost', 120.59, 4, 1, 3, 4, 2);
INSERT INTO `tb_producto` (id, created_at, descripcion, is_delete, is_enabled, nombre, precio, id_branch, id_categoria, id_marca, id_material, id_subcategoria) VALUES (50, '2025-10-29 15:47:54', 'Máxima comodidad y estilo.', 0, 1, 'Adidas Alpha', 358.63, 23, 4, 2, 4, 12);
INSERT INTO `tb_producto` (id, created_at, descripcion, is_delete, is_enabled, nombre, precio, id_branch, id_categoria, id_marca, id_material, id_subcategoria) VALUES (51, '2025-10-29 15:47:54', 'Un clásico reinventado.', 0, 1, 'Adidas Ultra', 673.4, 11, 2, 2, 5, 6);
INSERT INTO `tb_producto` (id, created_at, descripcion, is_delete, is_enabled, nombre, precio, id_branch, id_categoria, id_marca, id_material, id_subcategoria) VALUES (52, '2025-10-29 15:47:54', 'Un clásico reinventado.', 0, 1, 'Skechers Fly', 163.84, 2, 1, 9, 3, 1);
INSERT INTO `tb_producto` (id, created_at, descripcion, is_delete, is_enabled, nombre, precio, id_branch, id_categoria, id_marca, id_material, id_subcategoria) VALUES (53, '2025-10-29 15:47:54', 'Perfecto para el día a día.', 0, 1, 'Vans Boost', 528.31, 1, 1, 6, 1, 1);
INSERT INTO `tb_producto` (id, created_at, descripcion, is_delete, is_enabled, nombre, precio, id_branch, id_categoria, id_marca, id_material, id_subcategoria) VALUES (54, '2025-10-29 15:47:54', 'Perfecto para el día a día.', 0, 1, 'Converse Omega', 115.37, 4, 1, 5, 3, 2);
INSERT INTO `tb_producto` (id, created_at, descripcion, is_delete, is_enabled, nombre, precio, id_branch, id_categoria, id_marca, id_material, id_subcategoria) VALUES (55, '2025-10-29 15:47:54', 'Tecnología de punta para deporte.', 0, 1, 'Skechers Ignite', 240.2, 24, 4, 9, 1, 12);
INSERT INTO `tb_producto` (id, created_at, descripcion, is_delete, is_enabled, nombre, precio, id_branch, id_categoria, id_marca, id_material, id_subcategoria) VALUES (56, '2025-10-29 15:47:54', 'Un clásico reinventado.', 0, 1, 'Vans Run', 624.59, 21, 4, 6, 3, 11);
INSERT INTO `tb_producto` (id, created_at, descripcion, is_delete, is_enabled, nombre, precio, id_branch, id_categoria, id_marca, id_material, id_subcategoria) VALUES (57, '2025-10-29 15:47:54', 'Ideal para corredores urbanos.', 0, 1, 'Converse Zoom', 347.34, 15, 3, 5, 3, 8);
INSERT INTO `tb_producto` (id, created_at, descripcion, is_delete, is_enabled, nombre, precio, id_branch, id_categoria, id_marca, id_material, id_subcategoria) VALUES (58, '2025-10-29 15:47:54', 'Un clásico reinventado.', 0, 1, 'New Balance Delta', 365.52, 24, 4, 7, 3, 12);
INSERT INTO `tb_producto` (id, created_at, descripcion, is_delete, is_enabled, nombre, precio, id_branch, id_categoria, id_marca, id_material, id_subcategoria) VALUES (59, '2025-10-29 15:47:54', 'Máxima comodidad y estilo.', 0, 1, 'Vans Max', 528.76, 9, 2, 6, 4, 5);
INSERT INTO `tb_producto` (id, created_at, descripcion, is_delete, is_enabled, nombre, precio, id_branch, id_categoria, id_marca, id_material, id_subcategoria) VALUES (60, '2025-10-29 15:47:54', 'Tecnología de punta para deporte.', 0, 1, 'Nike Run', 394.18, 22, 4, 1, 2, 11);
INSERT INTO `tb_producto` (id, created_at, descripcion, is_delete, is_enabled, nombre, precio, id_branch, id_categoria, id_marca, id_material, id_subcategoria) VALUES (61, '2025-10-29 15:47:54', 'Perfecto para el día a día.', 0, 1, 'Vans Fly', 419.8, 16, 3, 6, 2, 8);
INSERT INTO `tb_producto` (id, created_at, descripcion, is_delete, is_enabled, nombre, precio, id_branch, id_categoria, id_marca, id_material, id_subcategoria) VALUES (62, '2025-10-29 15:47:54', 'Perfecto para el día a día.', 0, 1, 'Reebok Pro', 684.22, 11, 2, 4, 3, 6);
INSERT INTO `tb_producto` (id, created_at, descripcion, is_delete, is_enabled, nombre, precio, id_branch, id_categoria, id_marca, id_material, id_subcategoria) VALUES (63, '2025-10-29 15:47:54', 'Máxima comodidad y estilo.', 0, 1, 'Fila Boost', 365.82, 20, 4, 10, 2, 10);
INSERT INTO `tb_producto` (id, created_at, descripcion, is_delete, is_enabled, nombre, precio, id_branch, id_categoria, id_marca, id_material, id_subcategoria) VALUES (64, '2025-10-29 15:47:54', 'Un clásico reinventado.', 0, 1, 'Converse Omega', 197.01, 18, 3, 5, 1, 9);
INSERT INTO `tb_producto` (id, created_at, descripcion, is_delete, is_enabled, nombre, precio, id_branch, id_categoria, id_marca, id_material, id_subcategoria) VALUES (65, '2025-10-29 15:47:54', 'Máxima comodidad y estilo.', 0, 1, 'New Balance Omega', 501.08, 1, 1, 7, 3, 1);
INSERT INTO `tb_producto` (id, created_at, descripcion, is_delete, is_enabled, nombre, precio, id_branch, id_categoria, id_marca, id_material, id_subcategoria) VALUES (66, '2025-10-29 15:47:54', 'Máxima comodidad y estilo.', 0, 1, 'Adidas Ignite', 588.65, 18, 3, 2, 1, 9);
INSERT INTO `tb_producto` (id, created_at, descripcion, is_delete, is_enabled, nombre, precio, id_branch, id_categoria, id_marca, id_material, id_subcategoria) VALUES (67, '2025-10-29 15:47:54', 'Ideal para corredores urbanos.', 0, 1, 'Fila Omega', 124.04, 7, 2, 10, 3, 4);
INSERT INTO `tb_producto` (id, created_at, descripcion, is_delete, is_enabled, nombre, precio, id_branch, id_categoria, id_marca, id_material, id_subcategoria) VALUES (68, '2025-10-29 15:47:54', 'Máxima comodidad y estilo.', 0, 1, 'Asics Gamma', 444.22, 2, 1, 8, 4, 1);
INSERT INTO `tb_producto` (id, created_at, descripcion, is_delete, is_enabled, nombre, precio, id_branch, id_categoria, id_marca, id_material, id_subcategoria) VALUES (69, '2025-10-29 15:47:54', 'Perfecto para el día a día.', 0, 1, 'Fila Flex', 197.45, 18, 3, 10, 4, 9);
INSERT INTO `tb_producto` (id, created_at, descripcion, is_delete, is_enabled, nombre, precio, id_branch, id_categoria, id_marca, id_material, id_subcategoria) VALUES (70, '2025-10-29 15:47:54', 'Tecnología de punta para deporte.', 0, 1, 'Adidas Max', 331.73, 1, 1, 2, 2, 1);
INSERT INTO `tb_producto` (id, created_at, descripcion, is_delete, is_enabled, nombre, precio, id_branch, id_categoria, id_marca, id_material, id_subcategoria) VALUES (71, '2025-10-29 15:47:54', 'Tecnología de punta para deporte.', 0, 1, 'Reebok Ignite', 258.58, 19, 4, 4, 3, 10);
INSERT INTO `tb_producto` (id, created_at, descripcion, is_delete, is_enabled, nombre, precio, id_branch, id_categoria, id_marca, id_material, id_subcategoria) VALUES (72, '2025-10-29 15:47:54', 'Máxima comodidad y estilo.', 0, 1, 'Adidas Omega', 350.36, 29, 5, 2, 1, 15);
INSERT INTO `tb_producto` (id, created_at, descripcion, is_delete, is_enabled, nombre, precio, id_branch, id_categoria, id_marca, id_material, id_subcategoria) VALUES (73, '2025-10-29 15:47:54', 'Tecnología de punta para deporte.', 0, 1, 'Adidas Boost', 601.07, 12, 2, 2, 4, 6);
INSERT INTO `tb_producto` (id, created_at, descripcion, is_delete, is_enabled, nombre, precio, id_branch, id_categoria, id_marca, id_material, id_subcategoria) VALUES (74, '2025-10-29 15:47:54', 'Máxima comodidad y estilo.', 0, 1, 'Vans Beta', 134.72, 12, 2, 6, 1, 6);
INSERT INTO `tb_producto` (id, created_at, descripcion, is_delete, is_enabled, nombre, precio, id_branch, id_categoria, id_marca, id_material, id_subcategoria) VALUES (75, '2025-10-29 15:47:54', 'Ideal para corredores urbanos.', 0, 1, 'Puma Zoom', 115.5, 18, 3, 3, 4, 9);
INSERT INTO `tb_producto` (id, created_at, descripcion, is_delete, is_enabled, nombre, precio, id_branch, id_categoria, id_marca, id_material, id_subcategoria) VALUES (76, '2025-10-29 15:47:54', 'Perfecto para el día a día.', 0, 1, 'Adidas Air', 145.07, 16, 3, 2, 4, 8);
INSERT INTO `tb_producto` (id, created_at, descripcion, is_delete, is_enabled, nombre, precio, id_branch, id_categoria, id_marca, id_material, id_subcategoria) VALUES (77, '2025-10-29 15:47:54', 'Tecnología de punta para deporte.', 0, 1, 'Converse Max', 443.39, 10, 2, 5, 3, 5);
INSERT INTO `tb_producto` (id, created_at, descripcion, is_delete, is_enabled, nombre, precio, id_branch, id_categoria, id_marca, id_material, id_subcategoria) VALUES (78, '2025-10-29 15:47:54', 'Tecnología de punta para deporte.', 0, 1, 'Puma Beta', 756.11, 5, 1, 3, 2, 3);
INSERT INTO `tb_producto` (id, created_at, descripcion, is_delete, is_enabled, nombre, precio, id_branch, id_categoria, id_marca, id_material, id_subcategoria) VALUES (79, '2025-10-29 15:47:54', 'Un clásico reinventado.', 0, 1, 'Nike Zoom', 253.69, 3, 1, 1, 3, 2);
INSERT INTO `tb_producto` (id, created_at, descripcion, is_delete, is_enabled, nombre, precio, id_branch, id_categoria, id_marca, id_material, id_subcategoria) VALUES (80, '2025-10-29 15:47:54', 'Tecnología de punta para deporte.', 0, 1, 'Fila Beta', 183.02, 2, 1, 10, 1, 1);
INSERT INTO `tb_producto` (id, created_at, descripcion, is_delete, is_enabled, nombre, precio, id_branch, id_categoria, id_marca, id_material, id_subcategoria) VALUES (81, '2025-10-29 15:47:54', 'Un clásico reinventado.', 0, 1, 'New Balance Pro', 550.09, 8, 2, 7, 1, 4);
INSERT INTO `tb_producto` (id, created_at, descripcion, is_delete, is_enabled, nombre, precio, id_branch, id_categoria, id_marca, id_material, id_subcategoria) VALUES (82, '2025-10-29 15:47:54', 'Perfecto para el día a día.', 0, 1, 'Asics Beta', 684.27, 24, 4, 8, 4, 12);
INSERT INTO `tb_producto` (id, created_at, descripcion, is_delete, is_enabled, nombre, precio, id_branch, id_categoria, id_marca, id_material, id_subcategoria) VALUES (83, '2025-10-29 15:47:54', 'Máxima comodidad y estilo.', 0, 1, 'Nike Delta', 367.16, 19, 4, 1, 5, 10);
INSERT INTO `tb_producto` (id, created_at, descripcion, is_delete, is_enabled, nombre, precio, id_branch, id_categoria, id_marca, id_material, id_subcategoria) VALUES (84, '2025-10-29 15:47:54', 'Máxima comodidad y estilo.', 0, 1, 'Puma Zoom', 293.98, 8, 2, 3, 3, 4);
INSERT INTO `tb_producto` (id, created_at, descripcion, is_delete, is_enabled, nombre, precio, id_branch, id_categoria, id_marca, id_material, id_subcategoria) VALUES (85, '2025-10-29 15:47:54', 'Ideal para corredores urbanos.', 0, 1, 'Converse Max', 240.63, 21, 4, 5, 5, 11);
INSERT INTO `tb_producto` (id, created_at, descripcion, is_delete, is_enabled, nombre, precio, id_branch, id_categoria, id_marca, id_material, id_subcategoria) VALUES (86, '2025-10-29 15:47:54', 'Perfecto para el día a día.', 0, 1, 'Reebok Air', 493.12, 10, 2, 4, 5, 5);
INSERT INTO `tb_producto` (id, created_at, descripcion, is_delete, is_enabled, nombre, precio, id_branch, id_categoria, id_marca, id_material, id_subcategoria) VALUES (87, '2025-10-29 15:47:54', 'Ideal para corredores urbanos.', 0, 1, 'Fila Fly', 540.27, 14, 3, 10, 5, 7);
INSERT INTO `tb_producto` (id, created_at, descripcion, is_delete, is_enabled, nombre, precio, id_branch, id_categoria, id_marca, id_material, id_subcategoria) VALUES (88, '2025-10-29 15:47:54', 'Un clásico reinventado.', 0, 1, 'Puma Ultra', 682.56, 10, 2, 3, 3, 5);
INSERT INTO `tb_producto` (id, created_at, descripcion, is_delete, is_enabled, nombre, precio, id_branch, id_categoria, id_marca, id_material, id_subcategoria) VALUES (89, '2025-10-29 15:47:54', 'Máxima comodidad y estilo.', 0, 1, 'Converse Alpha', 742.67, 27, 5, 5, 1, 14);
INSERT INTO `tb_producto` (id, created_at, descripcion, is_delete, is_enabled, nombre, precio, id_branch, id_categoria, id_marca, id_material, id_subcategoria) VALUES (90, '2025-10-29 15:47:54', 'Un clásico reinventado.', 0, 1, 'New Balance Zoom', 190.09, 16, 3, 7, 2, 8);
INSERT INTO `tb_producto` (id, created_at, descripcion, is_delete, is_enabled, nombre, precio, id_branch, id_categoria, id_marca, id_material, id_subcategoria) VALUES (91, '2025-10-29 15:47:54', 'Máxima comodidad y estilo.', 0, 1, 'Converse Max', 668.54, 6, 1, 5, 1, 3);
INSERT INTO `tb_producto` (id, created_at, descripcion, is_delete, is_enabled, nombre, precio, id_branch, id_categoria, id_marca, id_material, id_subcategoria) VALUES (92, '2025-10-29 15:47:54', 'Tecnología de punta para deporte.', 0, 1, 'Fila Alpha', 493.93, 1, 1, 10, 2, 1);
INSERT INTO `tb_producto` (id, created_at, descripcion, is_delete, is_enabled, nombre, precio, id_branch, id_categoria, id_marca, id_material, id_subcategoria) VALUES (93, '2025-10-29 15:47:54', 'Ideal para corredores urbanos.', 0, 1, 'Fila Beta', 450.92, 11, 2, 10, 3, 6);
INSERT INTO `tb_producto` (id, created_at, descripcion, is_delete, is_enabled, nombre, precio, id_branch, id_categoria, id_marca, id_material, id_subcategoria) VALUES (94, '2025-10-29 15:47:54', 'Máxima comodidad y estilo.', 0, 1, 'Nike Gamma', 159.52, 21, 4, 1, 3, 11);
INSERT INTO `tb_producto` (id, created_at, descripcion, is_delete, is_enabled, nombre, precio, id_branch, id_categoria, id_marca, id_material, id_subcategoria) VALUES (95, '2025-10-29 15:47:54', 'Máxima comodidad y estilo.', 0, 1, 'Skechers Omega', 573.91, 30, 5, 9, 3, 15);
INSERT INTO `tb_producto` (id, created_at, descripcion, is_delete, is_enabled, nombre, precio, id_branch, id_categoria, id_marca, id_material, id_subcategoria) VALUES (96, '2025-10-29 15:47:54', 'Máxima comodidad y estilo.', 0, 1, 'Reebok Beta', 651.8, 24, 4, 4, 3, 12);
INSERT INTO `tb_producto` (id, created_at, descripcion, is_delete, is_enabled, nombre, precio, id_branch, id_categoria, id_marca, id_material, id_subcategoria) VALUES (97, '2025-10-29 15:47:54', 'Un clásico reinventado.', 0, 1, 'Asics Air', 183.28, 30, 5, 8, 5, 15);
INSERT INTO `tb_producto` (id, created_at, descripcion, is_delete, is_enabled, nombre, precio, id_branch, id_categoria, id_marca, id_material, id_subcategoria) VALUES (98, '2025-10-29 15:47:54', 'Perfecto para el día a día.', 0, 1, 'Puma Fly', 377.78, 6, 1, 3, 5, 3);
INSERT INTO `tb_producto` (id, created_at, descripcion, is_delete, is_enabled, nombre, precio, id_branch, id_categoria, id_marca, id_material, id_subcategoria) VALUES (99, '2025-10-29 15:47:54', 'Un clásico reinventado.', 0, 1, 'Fila Max', 498.26, 23, 4, 10, 3, 12);
INSERT INTO `tb_producto` (id, created_at, descripcion, is_delete, is_enabled, nombre, precio, id_branch, id_categoria, id_marca, id_material, id_subcategoria) VALUES (100, '2025-10-29 15:47:54', 'Ideal para corredores urbanos.', 0, 1, 'Skechers Alpha', 795.01, 13, 3, 9, 4, 7);
INSERT INTO `tb_producto` (id, created_at, descripcion, is_delete, is_enabled, nombre, precio, id_branch, id_categoria, id_marca, id_material, id_subcategoria) VALUES (101, '2025-10-29 15:47:54', 'Ideal para corredores urbanos.', 0, 1, 'Converse Run', 609.95, 24, 4, 5, 2, 12);
INSERT INTO `tb_producto` (id, created_at, descripcion, is_delete, is_enabled, nombre, precio, id_branch, id_categoria, id_marca, id_material, id_subcategoria) VALUES (102, '2025-10-29 15:47:54', 'Un clásico reinventado.', 0, 1, 'Asics Air', 582.39, 22, 4, 8, 3, 11);
INSERT INTO `tb_producto` (id, created_at, descripcion, is_delete, is_enabled, nombre, precio, id_branch, id_categoria, id_marca, id_material, id_subcategoria) VALUES (103, '2025-10-29 15:47:54', 'Ideal para corredores urbanos.', 0, 1, 'Puma Delta', 619.43, 16, 3, 3, 5, 8);
INSERT INTO `tb_producto` (id, created_at, descripcion, is_delete, is_enabled, nombre, precio, id_branch, id_categoria, id_marca, id_material, id_subcategoria) VALUES (104, '2025-10-29 15:47:54', 'Un clásico reinventado.', 0, 1, 'Nike Omega', 688.16, 25, 5, 1, 3, 13);
INSERT INTO `tb_producto` (id, created_at, descripcion, is_delete, is_enabled, nombre, precio, id_branch, id_categoria, id_marca, id_material, id_subcategoria) VALUES (105, '2025-10-29 15:47:54', 'Un clásico reinventado.', 0, 1, 'Asics Fly', 342.5, 23, 4, 8, 5, 12);
INSERT INTO `tb_producto` (id, created_at, descripcion, is_delete, is_enabled, nombre, precio, id_branch, id_categoria, id_marca, id_material, id_subcategoria) VALUES (106, '2025-10-29 15:47:54', 'Perfecto para el día a día.', 0, 1, 'Asics Max', 718.36, 25, 5, 8, 2, 13);
INSERT INTO `tb_producto` (id, created_at, descripcion, is_delete, is_enabled, nombre, precio, id_branch, id_categoria, id_marca, id_material, id_subcategoria) VALUES (107, '2025-10-29 15:47:54', 'Ideal para corredores urbanos.', 0, 1, 'Fila Ignite', 714.28, 19, 4, 10, 4, 10);
INSERT INTO `tb_producto` (id, created_at, descripcion, is_delete, is_enabled, nombre, precio, id_branch, id_categoria, id_marca, id_material, id_subcategoria) VALUES (108, '2025-10-29 15:47:54', 'Tecnología de punta para deporte.', 0, 1, 'Converse Ultra', 385.76, 1, 1, 5, 1, 1);
INSERT INTO `tb_producto` (id, created_at, descripcion, is_delete, is_enabled, nombre, precio, id_branch, id_categoria, id_marca, id_material, id_subcategoria) VALUES (109, '2025-10-29 15:47:54', 'Ideal para corredores urbanos.', 0, 1, 'Nike Omega', 299.2, 17, 3, 1, 1, 9);
INSERT INTO `tb_producto` (id, created_at, descripcion, is_delete, is_enabled, nombre, precio, id_branch, id_categoria, id_marca, id_material, id_subcategoria) VALUES (110, '2025-10-29 15:47:54', 'Tecnología de punta para deporte.', 0, 1, 'Skechers Ultra', 143.88, 5, 1, 9, 2, 3);
INSERT INTO `tb_producto` (id, created_at, descripcion, is_delete, is_enabled, nombre, precio, id_branch, id_categoria, id_marca, id_material, id_subcategoria) VALUES (111, '2025-10-29 15:47:54', 'Ideal para corredores urbanos.', 0, 1, 'Adidas Ultra', 123.49, 28, 5, 2, 5, 14);
INSERT INTO `tb_producto` (id, created_at, descripcion, is_delete, is_enabled, nombre, precio, id_branch, id_categoria, id_marca, id_material, id_subcategoria) VALUES (112, '2025-10-29 15:47:54', 'Perfecto para el día a día.', 0, 1, 'Puma Pro', 452.38, 29, 5, 3, 3, 15);
INSERT INTO `tb_producto` (id, created_at, descripcion, is_delete, is_enabled, nombre, precio, id_branch, id_categoria, id_marca, id_material, id_subcategoria) VALUES (113, '2025-10-29 15:47:54', 'Un clásico reinventado.', 0, 1, 'Vans Flex', 351.31, 20, 4, 6, 5, 10);
INSERT INTO `tb_producto` (id, created_at, descripcion, is_delete, is_enabled, nombre, precio, id_branch, id_categoria, id_marca, id_material, id_subcategoria) VALUES (114, '2025-10-29 15:47:54', 'Ideal para corredores urbanos.', 0, 1, 'Adidas Alpha', 782.4, 21, 4, 2, 2, 11);
INSERT INTO `tb_producto` (id, created_at, descripcion, is_delete, is_enabled, nombre, precio, id_branch, id_categoria, id_marca, id_material, id_subcategoria) VALUES (115, '2025-10-29 15:47:54', 'Perfecto para el día a día.', 0, 1, 'Adidas Omega', 760.91, 19, 4, 2, 4, 10);
INSERT INTO `tb_producto` (id, created_at, descripcion, is_delete, is_enabled, nombre, precio, id_branch, id_categoria, id_marca, id_material, id_subcategoria) VALUES (116, '2025-10-29 15:47:54', 'Perfecto para el día a día.', 0, 1, 'Puma Fly', 146.97, 2, 1, 3, 3, 1);
INSERT INTO `tb_producto` (id, created_at, descripcion, is_delete, is_enabled, nombre, precio, id_branch, id_categoria, id_marca, id_material, id_subcategoria) VALUES (117, '2025-10-29 15:47:54', 'Máxima comodidad y estilo.', 0, 1, 'Asics Boost', 449.37, 10, 2, 8, 1, 5);
INSERT INTO `tb_producto` (id, created_at, descripcion, is_delete, is_enabled, nombre, precio, id_branch, id_categoria, id_marca, id_material, id_subcategoria) VALUES (118, '2025-10-29 15:47:54', 'Tecnología de punta para deporte.', 0, 1, 'Converse Ignite', 452.29, 7, 2, 5, 2, 4);
INSERT INTO `tb_producto` (id, created_at, descripcion, is_delete, is_enabled, nombre, precio, id_branch, id_categoria, id_marca, id_material, id_subcategoria) VALUES (119, '2025-10-29 15:47:54', 'Ideal para corredores urbanos.', 0, 1, 'Puma Boost', 294.59, 21, 4, 3, 2, 11);
INSERT INTO `tb_producto` (id, created_at, descripcion, is_delete, is_enabled, nombre, precio, id_branch, id_categoria, id_marca, id_material, id_subcategoria) VALUES (120, '2025-10-29 15:47:54', 'Máxima comodidad y estilo.', 0, 1, 'Puma Flex', 215.08, 1, 1, 3, 2, 1);
INSERT INTO `tb_producto` (id, created_at, descripcion, is_delete, is_enabled, nombre, precio, id_branch, id_categoria, id_marca, id_material, id_subcategoria) VALUES (121, '2025-10-29 15:47:54', 'Tecnología de punta para deporte.', 0, 1, 'Puma Ignite', 184.08, 30, 5, 3, 1, 15);
INSERT INTO `tb_producto` (id, created_at, descripcion, is_delete, is_enabled, nombre, precio, id_branch, id_categoria, id_marca, id_material, id_subcategoria) VALUES (122, '2025-10-29 15:47:54', 'Un clásico reinventado.', 0, 1, 'Vans Air', 725.95, 1, 1, 6, 5, 1);
INSERT INTO `tb_producto` (id, created_at, descripcion, is_delete, is_enabled, nombre, precio, id_branch, id_categoria, id_marca, id_material, id_subcategoria) VALUES (123, '2025-10-29 15:47:54', 'Máxima comodidad y estilo.', 0, 1, 'Vans Beta', 134.94, 8, 2, 6, 2, 4);
INSERT INTO `tb_producto` (id, created_at, descripcion, is_delete, is_enabled, nombre, precio, id_branch, id_categoria, id_marca, id_material, id_subcategoria) VALUES (124, '2025-10-29 15:47:54', 'Máxima comodidad y estilo.', 0, 1, 'Fila Beta', 284.45, 10, 2, 10, 4, 5);
INSERT INTO `tb_producto` (id, created_at, descripcion, is_delete, is_enabled, nombre, precio, id_branch, id_categoria, id_marca, id_material, id_subcategoria) VALUES (125, '2025-10-29 15:47:54', 'Perfecto para el día a día.', 0, 1, 'New Balance Gamma', 641.03, 20, 4, 7, 2, 10);
INSERT INTO `tb_producto` (id, created_at, descripcion, is_delete, is_enabled, nombre, precio, id_branch, id_categoria, id_marca, id_material, id_subcategoria) VALUES (126, '2025-10-29 15:47:54', 'Perfecto para el día a día.', 0, 1, 'Nike Boost', 389.16, 29, 5, 1, 4, 15);
INSERT INTO `tb_producto` (id, created_at, descripcion, is_delete, is_enabled, nombre, precio, id_branch, id_categoria, id_marca, id_material, id_subcategoria) VALUES (127, '2025-10-29 15:47:54', 'Máxima comodidad y estilo.', 0, 1, 'Vans Flex', 226.27, 18, 3, 6, 5, 9);
INSERT INTO `tb_producto` (id, created_at, descripcion, is_delete, is_enabled, nombre, precio, id_branch, id_categoria, id_marca, id_material, id_subcategoria) VALUES (128, '2025-10-29 15:47:54', 'Perfecto para el día a día.', 0, 1, 'Converse Gamma', 151.04, 23, 4, 5, 3, 12);
INSERT INTO `tb_producto` (id, created_at, descripcion, is_delete, is_enabled, nombre, precio, id_branch, id_categoria, id_marca, id_material, id_subcategoria) VALUES (129, '2025-10-29 15:47:54', 'Ideal para corredores urbanos.', 0, 1, 'Fila Flex', 393.71, 27, 5, 10, 1, 14);
INSERT INTO `tb_producto` (id, created_at, descripcion, is_delete, is_enabled, nombre, precio, id_branch, id_categoria, id_marca, id_material, id_subcategoria) VALUES (130, '2025-10-29 15:47:54', 'Un clásico reinventado.', 0, 1, 'Converse Ignite', 125.39, 24, 4, 5, 2, 12);
INSERT INTO `tb_producto` (id, created_at, descripcion, is_delete, is_enabled, nombre, precio, id_branch, id_categoria, id_marca, id_material, id_subcategoria) VALUES (131, '2025-10-29 15:47:54', 'Máxima comodidad y estilo.', 0, 1, 'Reebok Pro', 630.5, 14, 3, 4, 5, 7);
INSERT INTO `tb_producto` (id, created_at, descripcion, is_delete, is_enabled, nombre, precio, id_branch, id_categoria, id_marca, id_material, id_subcategoria) VALUES (132, '2025-10-29 15:47:54', 'Tecnología de punta para deporte.', 0, 1, 'Nike Zoom', 720.33, 4, 1, 1, 5, 2);
INSERT INTO `tb_producto` (id, created_at, descripcion, is_delete, is_enabled, nombre, precio, id_branch, id_categoria, id_marca, id_material, id_subcategoria) VALUES (133, '2025-10-29 15:47:54', 'Un clásico reinventado.', 0, 1, 'Fila Ignite', 587.59, 4, 1, 10, 3, 2);
INSERT INTO `tb_producto` (id, created_at, descripcion, is_delete, is_enabled, nombre, precio, id_branch, id_categoria, id_marca, id_material, id_subcategoria) VALUES (134, '2025-10-29 15:47:54', 'Un clásico reinventado.', 0, 1, 'Nike Ignite', 757.72, 9, 2, 1, 5, 5);
INSERT INTO `tb_producto` (id, created_at, descripcion, is_delete, is_enabled, nombre, precio, id_branch, id_categoria, id_marca, id_material, id_subcategoria) VALUES (135, '2025-10-29 15:47:54', 'Máxima comodidad y estilo.', 0, 1, 'Fila Boost', 664.17, 21, 4, 10, 3, 11);
INSERT INTO `tb_producto` (id, created_at, descripcion, is_delete, is_enabled, nombre, precio, id_branch, id_categoria, id_marca, id_material, id_subcategoria) VALUES (136, '2025-10-29 15:47:54', 'Máxima comodidad y estilo.', 0, 1, 'Asics Ultra', 467.16, 4, 1, 8, 1, 2);
INSERT INTO `tb_producto` (id, created_at, descripcion, is_delete, is_enabled, nombre, precio, id_branch, id_categoria, id_marca, id_material, id_subcategoria) VALUES (137, '2025-10-29 15:47:54', 'Un clásico reinventado.', 0, 1, 'Converse Flex', 228.52, 27, 5, 5, 4, 14);
INSERT INTO `tb_producto` (id, created_at, descripcion, is_delete, is_enabled, nombre, precio, id_branch, id_categoria, id_marca, id_material, id_subcategoria) VALUES (138, '2025-10-29 15:47:54', 'Tecnología de punta para deporte.', 0, 1, 'Reebok Max', 471.23, 23, 4, 4, 4, 12);
INSERT INTO `tb_producto` (id, created_at, descripcion, is_delete, is_enabled, nombre, precio, id_branch, id_categoria, id_marca, id_material, id_subcategoria) VALUES (139, '2025-10-29 15:47:54', 'Máxima comodidad y estilo.', 0, 1, 'Converse Flex', 261.78, 27, 5, 5, 4, 14);
INSERT INTO `tb_producto` (id, created_at, descripcion, is_delete, is_enabled, nombre, precio, id_branch, id_categoria, id_marca, id_material, id_subcategoria) VALUES (140, '2025-10-29 15:47:54', 'Un clásico reinventado.', 0, 1, 'Puma Air', 310.72, 9, 2, 3, 1, 5);
INSERT INTO `tb_producto` (id, created_at, descripcion, is_delete, is_enabled, nombre, precio, id_branch, id_categoria, id_marca, id_material, id_subcategoria) VALUES (141, '2025-10-29 15:47:54', 'Un clásico reinventado.', 0, 1, 'Reebok Max', 482.21, 4, 1, 4, 1, 2);
INSERT INTO `tb_producto` (id, created_at, descripcion, is_delete, is_enabled, nombre, precio, id_branch, id_categoria, id_marca, id_material, id_subcategoria) VALUES (142, '2025-10-29 15:47:54', 'Máxima comodidad y estilo.', 0, 1, 'Skechers Alpha', 776.86, 10, 2, 9, 4, 5);
INSERT INTO `tb_producto` (id, created_at, descripcion, is_delete, is_enabled, nombre, precio, id_branch, id_categoria, id_marca, id_material, id_subcategoria) VALUES (143, '2025-10-29 15:47:54', 'Tecnología de punta para deporte.', 0, 1, 'Converse Flex', 715.72, 20, 4, 5, 1, 10);
INSERT INTO `tb_producto` (id, created_at, descripcion, is_delete, is_enabled, nombre, precio, id_branch, id_categoria, id_marca, id_material, id_subcategoria) VALUES (144, '2025-10-29 15:47:54', 'Un clásico reinventado.', 0, 1, 'Vans Air', 741.45, 22, 4, 6, 2, 11);
INSERT INTO `tb_producto` (id, created_at, descripcion, is_delete, is_enabled, nombre, precio, id_branch, id_categoria, id_marca, id_material, id_subcategoria) VALUES (145, '2025-10-29 15:47:54', 'Ideal para corredores urbanos.', 0, 1, 'Asics Ignite', 765.06, 24, 4, 8, 5, 12);
INSERT INTO `tb_producto` (id, created_at, descripcion, is_delete, is_enabled, nombre, precio, id_branch, id_categoria, id_marca, id_material, id_subcategoria) VALUES (146, '2025-10-29 15:47:54', 'Máxima comodidad y estilo.', 0, 1, 'Asics Max', 612.32, 13, 3, 8, 2, 7);
INSERT INTO `tb_producto` (id, created_at, descripcion, is_delete, is_enabled, nombre, precio, id_branch, id_categoria, id_marca, id_material, id_subcategoria) VALUES (147, '2025-10-29 15:47:54', 'Ideal para corredores urbanos.', 0, 1, 'Skechers Flex', 434.22, 5, 1, 9, 4, 3);
INSERT INTO `tb_producto` (id, created_at, descripcion, is_delete, is_enabled, nombre, precio, id_branch, id_categoria, id_marca, id_material, id_subcategoria) VALUES (148, '2025-10-29 15:47:54', 'Tecnología de punta para deporte.', 0, 1, 'Skechers Boost', 613.16, 1, 1, 9, 2, 1);
INSERT INTO `tb_producto` (id, created_at, descripcion, is_delete, is_enabled, nombre, precio, id_branch, id_categoria, id_marca, id_material, id_subcategoria) VALUES (149, '2025-10-29 15:47:54', 'Máxima comodidad y estilo.', 0, 1, 'Adidas Ultra', 564.24, 22, 4, 2, 3, 11);
INSERT INTO `tb_producto` (id, created_at, descripcion, is_delete, is_enabled, nombre, precio, id_branch, id_categoria, id_marca, id_material, id_subcategoria) VALUES (150, '2025-10-29 15:47:54', 'Ideal para corredores urbanos.', 0, 1, 'Vans Run', 344.32, 1, 1, 6, 5, 1);
INSERT INTO `tb_producto` (id, created_at, descripcion, is_delete, is_enabled, nombre, precio, id_branch, id_categoria, id_marca, id_material, id_subcategoria) VALUES (151, '2025-10-29 15:47:54', 'Tecnología de punta para deporte.', 0, 1, 'Vans Delta', 503.36, 16, 3, 6, 4, 8);
INSERT INTO `tb_producto` (id, created_at, descripcion, is_delete, is_enabled, nombre, precio, id_branch, id_categoria, id_marca, id_material, id_subcategoria) VALUES (152, '2025-10-29 15:47:54', 'Un clásico reinventado.', 0, 1, 'Vans Run', 626.16, 21, 4, 6, 4, 11);
INSERT INTO `tb_producto` (id, created_at, descripcion, is_delete, is_enabled, nombre, precio, id_branch, id_categoria, id_marca, id_material, id_subcategoria) VALUES (153, '2025-10-29 15:47:54', 'Perfecto para el día a día.', 0, 1, 'Asics Fly', 633.31, 11, 2, 8, 2, 6);
INSERT INTO `tb_producto` (id, created_at, descripcion, is_delete, is_enabled, nombre, precio, id_branch, id_categoria, id_marca, id_material, id_subcategoria) VALUES (154, '2025-10-29 15:47:54', 'Máxima comodidad y estilo.', 0, 1, 'Reebok Beta', 343.59, 20, 4, 4, 5, 10);
INSERT INTO `tb_producto` (id, created_at, descripcion, is_delete, is_enabled, nombre, precio, id_branch, id_categoria, id_marca, id_material, id_subcategoria) VALUES (155, '2025-10-29 15:47:54', 'Máxima comodidad y estilo.', 0, 1, 'Adidas Fly', 433.75, 17, 3, 2, 2, 9);
INSERT INTO `tb_producto` (id, created_at, descripcion, is_delete, is_enabled, nombre, precio, id_branch, id_categoria, id_marca, id_material, id_subcategoria) VALUES (156, '2025-10-29 15:47:54', 'Perfecto para el día a día.', 0, 1, 'Vans Zoom', 402.78, 24, 4, 6, 3, 12);
INSERT INTO `tb_producto` (id, created_at, descripcion, is_delete, is_enabled, nombre, precio, id_branch, id_categoria, id_marca, id_material, id_subcategoria) VALUES (157, '2025-10-29 15:47:54', 'Perfecto para el día a día.', 0, 1, 'Fila Ultra', 697.57, 15, 3, 10, 3, 8);
INSERT INTO `tb_producto` (id, created_at, descripcion, is_delete, is_enabled, nombre, precio, id_branch, id_categoria, id_marca, id_material, id_subcategoria) VALUES (158, '2025-10-29 15:47:54', 'Ideal para corredores urbanos.', 0, 1, 'Adidas Fly', 735.01, 2, 1, 2, 4, 1);
INSERT INTO `tb_producto` (id, created_at, descripcion, is_delete, is_enabled, nombre, precio, id_branch, id_categoria, id_marca, id_material, id_subcategoria) VALUES (159, '2025-10-29 15:47:54', 'Máxima comodidad y estilo.', 0, 1, 'Skechers Zoom', 147.85, 25, 5, 9, 5, 13);
INSERT INTO `tb_producto` (id, created_at, descripcion, is_delete, is_enabled, nombre, precio, id_branch, id_categoria, id_marca, id_material, id_subcategoria) VALUES (160, '2025-10-29 15:47:54', 'Perfecto para el día a día.', 0, 1, 'Fila Zoom', 697.0, 1, 1, 10, 4, 1);
INSERT INTO `tb_producto` (id, created_at, descripcion, is_delete, is_enabled, nombre, precio, id_branch, id_categoria, id_marca, id_material, id_subcategoria) VALUES (161, '2025-10-29 15:47:54', 'Ideal para corredores urbanos.', 0, 1, 'Asics Delta', 272.9, 30, 5, 8, 1, 15);
INSERT INTO `tb_producto` (id, created_at, descripcion, is_delete, is_enabled, nombre, precio, id_branch, id_categoria, id_marca, id_material, id_subcategoria) VALUES (162, '2025-10-29 15:47:54', 'Un clásico reinventado.', 0, 1, 'Fila Air', 393.13, 23, 4, 10, 5, 12);
INSERT INTO `tb_producto` (id, created_at, descripcion, is_delete, is_enabled, nombre, precio, id_branch, id_categoria, id_marca, id_material, id_subcategoria) VALUES (163, '2025-10-29 15:47:54', 'Ideal para corredores urbanos.', 0, 1, 'Adidas Boost', 219.5, 25, 5, 2, 4, 13);
INSERT INTO `tb_producto` (id, created_at, descripcion, is_delete, is_enabled, nombre, precio, id_branch, id_categoria, id_marca, id_material, id_subcategoria) VALUES (164, '2025-10-29 15:47:54', 'Tecnología de punta para deporte.', 0, 1, 'Puma Max', 410.79, 28, 5, 3, 3, 14);
INSERT INTO `tb_producto` (id, created_at, descripcion, is_delete, is_enabled, nombre, precio, id_branch, id_categoria, id_marca, id_material, id_subcategoria) VALUES (165, '2025-10-29 15:47:54', 'Perfecto para el día a día.', 0, 1, 'Asics Delta', 433.19, 4, 1, 8, 5, 2);
INSERT INTO `tb_producto` (id, created_at, descripcion, is_delete, is_enabled, nombre, precio, id_branch, id_categoria, id_marca, id_material, id_subcategoria) VALUES (166, '2025-10-29 15:47:54', 'Perfecto para el día a día.', 0, 1, 'Adidas Flex', 655.29, 4, 1, 2, 3, 2);
INSERT INTO `tb_producto` (id, created_at, descripcion, is_delete, is_enabled, nombre, precio, id_branch, id_categoria, id_marca, id_material, id_subcategoria) VALUES (167, '2025-10-29 15:47:54', 'Tecnología de punta para deporte.', 0, 1, 'Asics Ignite', 529.04, 16, 3, 8, 4, 8);
INSERT INTO `tb_producto` (id, created_at, descripcion, is_delete, is_enabled, nombre, precio, id_branch, id_categoria, id_marca, id_material, id_subcategoria) VALUES (168, '2025-10-29 15:47:54', 'Tecnología de punta para deporte.', 0, 1, 'Reebok Flex', 191.01, 7, 2, 4, 2, 4);
INSERT INTO `tb_producto` (id, created_at, descripcion, is_delete, is_enabled, nombre, precio, id_branch, id_categoria, id_marca, id_material, id_subcategoria) VALUES (169, '2025-10-29 15:47:54', 'Ideal para corredores urbanos.', 0, 1, 'Converse Fly', 491.48, 24, 4, 5, 4, 12);
INSERT INTO `tb_producto` (id, created_at, descripcion, is_delete, is_enabled, nombre, precio, id_branch, id_categoria, id_marca, id_material, id_subcategoria) VALUES (170, '2025-10-29 15:47:54', 'Perfecto para el día a día.', 0, 1, 'Nike Beta', 229.41, 8, 2, 1, 1, 4);
INSERT INTO `tb_producto` (id, created_at, descripcion, is_delete, is_enabled, nombre, precio, id_branch, id_categoria, id_marca, id_material, id_subcategoria) VALUES (171, '2025-10-29 15:47:54', 'Perfecto para el día a día.', 0, 1, 'Converse Gamma', 187.89, 19, 4, 5, 3, 10);
INSERT INTO `tb_producto` (id, created_at, descripcion, is_delete, is_enabled, nombre, precio, id_branch, id_categoria, id_marca, id_material, id_subcategoria) VALUES (172, '2025-10-29 15:47:54', 'Perfecto para el día a día.', 0, 1, 'Nike Fly', 256.26, 18, 3, 1, 5, 9);
INSERT INTO `tb_producto` (id, created_at, descripcion, is_delete, is_enabled, nombre, precio, id_branch, id_categoria, id_marca, id_material, id_subcategoria) VALUES (173, '2025-10-29 15:47:54', 'Tecnología de punta para deporte.', 0, 1, 'Reebok Ignite', 423.7, 23, 4, 4, 2, 12);
INSERT INTO `tb_producto` (id, created_at, descripcion, is_delete, is_enabled, nombre, precio, id_branch, id_categoria, id_marca, id_material, id_subcategoria) VALUES (174, '2025-10-29 15:47:54', 'Máxima comodidad y estilo.', 0, 1, 'Asics Zoom', 183.57, 12, 2, 8, 4, 6);
INSERT INTO `tb_producto` (id, created_at, descripcion, is_delete, is_enabled, nombre, precio, id_branch, id_categoria, id_marca, id_material, id_subcategoria) VALUES (175, '2025-10-29 15:47:54', 'Tecnología de punta para deporte.', 0, 1, 'Fila Pro', 172.67, 25, 5, 10, 3, 13);
INSERT INTO `tb_producto` (id, created_at, descripcion, is_delete, is_enabled, nombre, precio, id_branch, id_categoria, id_marca, id_material, id_subcategoria) VALUES (176, '2025-10-29 15:47:54', 'Máxima comodidad y estilo.', 0, 1, 'Puma Alpha', 293.51, 20, 4, 3, 2, 10);
INSERT INTO `tb_producto` (id, created_at, descripcion, is_delete, is_enabled, nombre, precio, id_branch, id_categoria, id_marca, id_material, id_subcategoria) VALUES (177, '2025-10-29 15:47:54', 'Perfecto para el día a día.', 0, 1, 'Asics Air', 221.3, 5, 1, 8, 4, 3);
INSERT INTO `tb_producto` (id, created_at, descripcion, is_delete, is_enabled, nombre, precio, id_branch, id_categoria, id_marca, id_material, id_subcategoria) VALUES (178, '2025-10-29 15:47:54', 'Un clásico reinventado.', 0, 1, 'Fila Air', 480.35, 11, 2, 10, 3, 6);
INSERT INTO `tb_producto` (id, created_at, descripcion, is_delete, is_enabled, nombre, precio, id_branch, id_categoria, id_marca, id_material, id_subcategoria) VALUES (179, '2025-10-29 15:47:54', 'Máxima comodidad y estilo.', 0, 1, 'Skechers Boost', 431.84, 22, 4, 9, 4, 11);
INSERT INTO `tb_producto` (id, created_at, descripcion, is_delete, is_enabled, nombre, precio, id_branch, id_categoria, id_marca, id_material, id_subcategoria) VALUES (180, '2025-10-29 15:47:54', 'Un clásico reinventado.', 0, 1, 'Vans Ultra', 207.95, 24, 4, 6, 2, 12);
INSERT INTO `tb_producto` (id, created_at, descripcion, is_delete, is_enabled, nombre, precio, id_branch, id_categoria, id_marca, id_material, id_subcategoria) VALUES (181, '2025-10-29 15:47:54', 'Máxima comodidad y estilo.', 0, 1, 'Converse Flex', 536.12, 12, 2, 5, 1, 6);
INSERT INTO `tb_producto` (id, created_at, descripcion, is_delete, is_enabled, nombre, precio, id_branch, id_categoria, id_marca, id_material, id_subcategoria) VALUES (182, '2025-10-29 15:47:54', 'Máxima comodidad y estilo.', 0, 1, 'Nike Air', 124.3, 12, 2, 1, 5, 6);
INSERT INTO `tb_producto` (id, created_at, descripcion, is_delete, is_enabled, nombre, precio, id_branch, id_categoria, id_marca, id_material, id_subcategoria) VALUES (183, '2025-10-29 15:47:54', 'Ideal para corredores urbanos.', 0, 1, 'Skechers Fly', 140.66, 9, 2, 9, 5, 5);
INSERT INTO `tb_producto` (id, created_at, descripcion, is_delete, is_enabled, nombre, precio, id_branch, id_categoria, id_marca, id_material, id_subcategoria) VALUES (184, '2025-10-29 15:47:54', 'Tecnología de punta para deporte.', 0, 1, 'Asics Gamma', 427.01, 1, 1, 8, 4, 1);
INSERT INTO `tb_producto` (id, created_at, descripcion, is_delete, is_enabled, nombre, precio, id_branch, id_categoria, id_marca, id_material, id_subcategoria) VALUES (185, '2025-10-29 15:47:54', 'Ideal para corredores urbanos.', 0, 1, 'Vans Max', 664.84, 5, 1, 6, 2, 3);
INSERT INTO `tb_producto` (id, created_at, descripcion, is_delete, is_enabled, nombre, precio, id_branch, id_categoria, id_marca, id_material, id_subcategoria) VALUES (186, '2025-10-29 15:47:54', 'Máxima comodidad y estilo.', 0, 1, 'Puma Omega', 147.67, 29, 5, 3, 4, 15);
INSERT INTO `tb_producto` (id, created_at, descripcion, is_delete, is_enabled, nombre, precio, id_branch, id_categoria, id_marca, id_material, id_subcategoria) VALUES (187, '2025-10-29 15:47:54', 'Un clásico reinventado.', 0, 1, 'New Balance Run', 397.76, 29, 5, 7, 2, 15);
INSERT INTO `tb_producto` (id, created_at, descripcion, is_delete, is_enabled, nombre, precio, id_branch, id_categoria, id_marca, id_material, id_subcategoria) VALUES (188, '2025-10-29 15:47:54', 'Máxima comodidad y estilo.', 0, 1, 'New Balance Max', 375.39, 24, 4, 7, 2, 12);
INSERT INTO `tb_producto` (id, created_at, descripcion, is_delete, is_enabled, nombre, precio, id_branch, id_categoria, id_marca, id_material, id_subcategoria) VALUES (189, '2025-10-29 15:47:54', 'Máxima comodidad y estilo.', 0, 1, 'Reebok Max', 173.14, 27, 5, 4, 2, 14);
INSERT INTO `tb_producto` (id, created_at, descripcion, is_delete, is_enabled, nombre, precio, id_branch, id_categoria, id_marca, id_material, id_subcategoria) VALUES (190, '2025-10-29 15:47:54', 'Perfecto para el día a día.', 0, 1, 'Puma Flex', 419.58, 19, 4, 3, 2, 10);
INSERT INTO `tb_producto` (id, created_at, descripcion, is_delete, is_enabled, nombre, precio, id_branch, id_categoria, id_marca, id_material, id_subcategoria) VALUES (191, '2025-10-29 15:47:54', 'Tecnología de punta para deporte.', 0, 1, 'Vans Air', 760.16, 19, 4, 6, 1, 10);
INSERT INTO `tb_producto` (id, created_at, descripcion, is_delete, is_enabled, nombre, precio, id_branch, id_categoria, id_marca, id_material, id_subcategoria) VALUES (192, '2025-10-29 15:47:54', 'Un clásico reinventado.', 0, 1, 'Vans Fly', 190.74, 26, 5, 6, 4, 13);
INSERT INTO `tb_producto` (id, created_at, descripcion, is_delete, is_enabled, nombre, precio, id_branch, id_categoria, id_marca, id_material, id_subcategoria) VALUES (193, '2025-10-29 15:47:54', 'Ideal para corredores urbanos.', 0, 1, 'Fila Delta', 134.58, 16, 3, 10, 4, 8);
INSERT INTO `tb_producto` (id, created_at, descripcion, is_delete, is_enabled, nombre, precio, id_branch, id_categoria, id_marca, id_material, id_subcategoria) VALUES (194, '2025-10-29 15:47:54', 'Un clásico reinventado.', 0, 1, 'Nike Fly', 635.61, 17, 3, 1, 2, 9);
INSERT INTO `tb_producto` (id, created_at, descripcion, is_delete, is_enabled, nombre, precio, id_branch, id_categoria, id_marca, id_material, id_subcategoria) VALUES (195, '2025-10-29 15:47:54', 'Un clásico reinventado.', 0, 1, 'Asics Fly', 500.92, 1, 1, 8, 1, 1);
INSERT INTO `tb_producto` (id, created_at, descripcion, is_delete, is_enabled, nombre, precio, id_branch, id_categoria, id_marca, id_material, id_subcategoria) VALUES (196, '2025-10-29 15:47:54', 'Ideal para corredores urbanos.', 0, 1, 'Reebok Air', 583.9, 14, 3, 4, 4, 7);
INSERT INTO `tb_producto` (id, created_at, descripcion, is_delete, is_enabled, nombre, precio, id_branch, id_categoria, id_marca, id_material, id_subcategoria) VALUES (197, '2025-10-29 15:47:54', 'Un clásico reinventado.', 0, 1, 'Asics Run', 517.77, 18, 3, 8, 3, 9);
INSERT INTO `tb_producto` (id, created_at, descripcion, is_delete, is_enabled, nombre, precio, id_branch, id_categoria, id_marca, id_material, id_subcategoria) VALUES (198, '2025-10-29 15:47:54', 'Un clásico reinventado.', 0, 1, 'Nike Beta', 483.96, 18, 3, 1, 1, 9);
INSERT INTO `tb_producto` (id, created_at, descripcion, is_delete, is_enabled, nombre, precio, id_branch, id_categoria, id_marca, id_material, id_subcategoria) VALUES (199, '2025-10-29 15:47:54', 'Ideal para corredores urbanos.', 0, 1, 'Fila Alpha', 473.64, 6, 1, 10, 2, 3);
INSERT INTO `tb_producto` (id, created_at, descripcion, is_delete, is_enabled, nombre, precio, id_branch, id_categoria, id_marca, id_material, id_subcategoria) VALUES (200, '2025-10-29 15:47:54', 'Un clásico reinventado.', 0, 1, 'Vans Alpha', 351.66, 21, 4, 6, 5, 11);

-- ### INVENTARIO (CALZADO) ###

INSERT INTO `tb_calzado` (id, created_at, estado, is_delete, is_enabled, stock, id_color, id_producto, id_talla) VALUES (1, '2025-10-29 15:47:54', 'Nuevo', 0, 1, 21, 1, 157, 1);
INSERT INTO `tb_calzado` (id, created_at, estado, is_delete, is_enabled, stock, id_color, id_producto, id_talla) VALUES (2, '2025-10-29 15:47:54', 'Nuevo', 0, 1, 10, 15, 48, 5);
INSERT INTO `tb_calzado` (id, created_at, estado, is_delete, is_enabled, stock, id_color, id_producto, id_talla) VALUES (3, '2025-10-29 15:47:54', 'Nuevo', 0, 1, 30, 4, 4, 7);
INSERT INTO `tb_calzado` (id, created_at, estado, is_delete, is_enabled, stock, id_color, id_producto, id_talla) VALUES (4, '2025-10-29 15:47:54', 'Nuevo', 0, 1, 23, 12, 185, 11);
INSERT INTO `tb_calzado` (id, created_at, estado, is_delete, is_enabled, stock, id_color, id_producto, id_talla) VALUES (5, '2025-10-29 15:47:54', 'Nuevo', 0, 1, 10, 14, 42, 5);
INSERT INTO `tb_calzado` (id, created_at, estado, is_delete, is_enabled, stock, id_color, id_producto, id_talla) VALUES (6, '2025-10-29 15:47:54', 'Nuevo', 0, 1, 17, 7, 40, 3);
INSERT INTO `tb_calzado` (id, created_at, estado, is_delete, is_enabled, stock, id_color, id_producto, id_talla) VALUES (7, '2025-10-29 15:47:54', 'Nuevo', 0, 1, 31, 6, 72, 1);
INSERT INTO `tb_calzado` (id, created_at, estado, is_delete, is_enabled, stock, id_color, id_producto, id_talla) VALUES (8, '2025-10-29 15:47:54', 'Nuevo', 0, 1, 32, 8, 52, 4);
INSERT INTO `tb_calzado` (id, created_at, estado, is_delete, is_enabled, stock, id_color, id_producto, id_talla) VALUES (9, '2025-10-29 15:47:54', 'Nuevo', 0, 1, 19, 15, 78, 5);
INSERT INTO `tb_calzado` (id, created_at, estado, is_delete, is_enabled, stock, id_color, id_producto, id_talla) VALUES (10, '2025-10-29 15:47:54', 'Nuevo', 0, 1, 10, 8, 173, 3);
INSERT INTO `tb_calzado` (id, created_at, estado, is_delete, is_enabled, stock, id_color, id_producto, id_talla) VALUES (11, '2025-10-29 15:47:54', 'Nuevo', 0, 1, 14, 3, 82, 12);
INSERT INTO `tb_calzado` (id, created_at, estado, is_delete, is_enabled, stock, id_color, id_producto, id_talla) VALUES (12, '2025-10-29 15:47:54', 'Nuevo', 0, 1, 17, 14, 119, 4);
INSERT INTO `tb_calzado` (id, created_at, estado, is_delete, is_enabled, stock, id_color, id_producto, id_talla) VALUES (13, '2025-10-29 15:47:54', 'Nuevo', 0, 1, 42, 2, 92, 8);
INSERT INTO `tb_calzado` (id, created_at, estado, is_delete, is_enabled, stock, id_color, id_producto, id_talla) VALUES (14, '2025-10-29 15:47:54', 'Nuevo', 0, 1, 43, 11, 161, 12);
INSERT INTO `tb_calzado` (id, created_at, estado, is_delete, is_enabled, stock, id_color, id_producto, id_talla) VALUES (15, '2025-10-29 15:47:54', 'Nuevo', 0, 1, 29, 2, 181, 9);
INSERT INTO `tb_calzado` (id, created_at, estado, is_delete, is_enabled, stock, id_color, id_producto, id_talla) VALUES (16, '2025-10-29 15:47:54', 'Nuevo', 0, 1, 43, 1, 11, 2);
INSERT INTO `tb_calzado` (id, created_at, estado, is_delete, is_enabled, stock, id_color, id_producto, id_talla) VALUES (17, '2025-10-29 15:47:54', 'Nuevo', 0, 1, 29, 13, 133, 3);
INSERT INTO `tb_calzado` (id, created_at, estado, is_delete, is_enabled, stock, id_color, id_producto, id_talla) VALUES (18, '2025-10-29 15:47:54', 'Nuevo', 0, 1, 32, 8, 19, 9);
INSERT INTO `tb_calzado` (id, created_at, estado, is_delete, is_enabled, stock, id_color, id_producto, id_talla) VALUES (19, '2025-10-29 15:47:54', 'Nuevo', 0, 1, 11, 9, 161, 10);
INSERT INTO `tb_calzado` (id, created_at, estado, is_delete, is_enabled, stock, id_color, id_producto, id_talla) VALUES (20, '2025-10-29 15:47:54', 'Nuevo', 0, 1, 15, 7, 128, 5);
INSERT INTO `tb_calzado` (id, created_at, estado, is_delete, is_enabled, stock, id_color, id_producto, id_talla) VALUES (21, '2025-10-29 15:47:54', 'Nuevo', 0, 1, 50, 9, 196, 10);
INSERT INTO `tb_calzado` (id, created_at, estado, is_delete, is_enabled, stock, id_color, id_producto, id_talla) VALUES (22, '2025-10-29 15:47:54', 'Nuevo', 0, 1, 7, 3, 142, 3);
INSERT INTO `tb_calzado` (id, created_at, estado, is_delete, is_enabled, stock, id_color, id_producto, id_talla) VALUES (23, '2025-10-29 15:47:54', 'Nuevo', 0, 1, 31, 3, 188, 12);
INSERT INTO `tb_calzado` (id, created_at, estado, is_delete, is_enabled, stock, id_color, id_producto, id_talla) VALUES (24, '2025-10-29 15:47:54', 'Nuevo', 0, 1, 9, 15, 31, 1);
INSERT INTO `tb_calzado` (id, created_at, estado, is_delete, is_enabled, stock, id_color, id_producto, id_talla) VALUES (25, '2025-10-29 15:47:54', 'Nuevo', 0, 1, 11, 8, 79, 10);
INSERT INTO `tb_calzado` (id, created_at, estado, is_delete, is_enabled, stock, id_color, id_producto, id_talla) VALUES (26, '2025-10-29 15:47:54', 'Nuevo', 0, 1, 34, 4, 30, 9);
INSERT INTO `tb_calzado` (id, created_at, estado, is_delete, is_enabled, stock, id_color, id_producto, id_talla) VALUES (27, '2025-10-29 15:47:54', 'Nuevo', 0, 1, 13, 4, 173, 8);
INSERT INTO `tb_calzado` (id, created_at, estado, is_delete, is_enabled, stock, id_color, id_producto, id_talla) VALUES (28, '2025-10-29 15:47:54', 'Nuevo', 0, 1, 8, 11, 60, 11);
INSERT INTO `tb_calzado` (id, created_at, estado, is_delete, is_enabled, stock, id_color, id_producto, id_talla) VALUES (29, '2025-10-29 15:47:54', 'Nuevo', 0, 1, 18, 6, 191, 1);
INSERT INTO `tb_calzado` (id, created_at, estado, is_delete, is_enabled, stock, id_color, id_producto, id_talla) VALUES (30, '2025-10-29 15:47:54', 'Nuevo', 0, 1, 46, 12, 3, 2);
INSERT INTO `tb_calzado` (id, created_at, estado, is_delete, is_enabled, stock, id_color, id_producto, id_talla) VALUES (31, '2025-10-29 15:47:54', 'Nuevo', 0, 1, 17, 13, 99, 7);
INSERT INTO `tb_calzado` (id, created_at, estado, is_delete, is_enabled, stock, id_color, id_producto, id_talla) VALUES (32, '2025-10-29 15:47:54', 'Nuevo', 0, 1, 14, 2, 151, 7);
INSERT INTO `tb_calzado` (id, created_at, estado, is_delete, is_enabled, stock, id_color, id_producto, id_talla) VALUES (33, '2025-10-29 15:47:54', 'Nuevo', 0, 1, 40, 8, 193, 2);
INSERT INTO `tb_calzado` (id, created_at, estado, is_delete, is_enabled, stock, id_color, id_producto, id_talla) VALUES (34, '2025-10-29 15:47:54', 'Nuevo', 0, 1, 49, 5, 2, 8);
INSERT INTO `tb_calzado` (id, created_at, estado, is_delete, is_enabled, stock, id_color, id_producto, id_talla) VALUES (35, '2025-10-29 15:47:54', 'Nuevo', 0, 1, 5, 3, 56, 5);
INSERT INTO `tb_calzado` (id, created_at, estado, is_delete, is_enabled, stock, id_color, id_producto, id_talla) VALUES (36, '2025-10-29 15:47:54', 'Nuevo', 0, 1, 32, 7, 47, 11);
INSERT INTO `tb_calzado` (id, created_at, estado, is_delete, is_enabled, stock, id_color, id_producto, id_talla) VALUES (37, '2025-10-29 15:47:54', 'Nuevo', 0, 1, 21, 14, 15, 3);
INSERT INTO `tb_calzado` (id, created_at, estado, is_delete, is_enabled, stock, id_color, id_producto, id_talla) VALUES (38, '2025-10-29 15:47:54', 'Nuevo', 0, 1, 43, 11, 130, 5);
INSERT INTO `tb_calzado` (id, created_at, estado, is_delete, is_enabled, stock, id_color, id_producto, id_talla) VALUES (39, '2025-10-29 15:47:54', 'Nuevo', 0, 1, 30, 6, 22, 2);
INSERT INTO `tb_calzado` (id, created_at, estado, is_delete, is_enabled, stock, id_color, id_producto, id_talla) VALUES (40, '2025-10-29 15:47:54', 'Nuevo', 0, 1, 46, 15, 175, 4);
INSERT INTO `tb_calzado` (id, created_at, estado, is_delete, is_enabled, stock, id_color, id_producto, id_talla) VALUES (41, '2025-10-29 15:47:54', 'Nuevo', 0, 1, 7, 9, 75, 8);
INSERT INTO `tb_calzado` (id, created_at, estado, is_delete, is_enabled, stock, id_color, id_producto, id_talla) VALUES (42, '2025-10-29 15:47:54', 'Nuevo', 0, 1, 8, 5, 33, 5);
INSERT INTO `tb_calzado` (id, created_at, estado, is_delete, is_enabled, stock, id_color, id_producto, id_talla) VALUES (43, '2025-10-29 15:47:54', 'Nuevo', 0, 1, 16, 13, 167, 1);
INSERT INTO `tb_calzado` (id, created_at, estado, is_delete, is_enabled, stock, id_color, id_producto, id_talla) VALUES (44, '2025-10-29 15:47:54', 'Nuevo', 0, 1, 43, 2, 68, 7);
INSERT INTO `tb_calzado` (id, created_at, estado, is_delete, is_enabled, stock, id_color, id_producto, id_talla) VALUES (45, '2025-10-29 15:47:54', 'Nuevo', 0, 1, 49, 1, 112, 12);
INSERT INTO `tb_calzado` (id, created_at, estado, is_delete, is_enabled, stock, id_color, id_producto, id_talla) VALUES (46, '2025-10-29 15:47:54', 'Nuevo', 0, 1, 26, 3, 2, 7);
INSERT INTO `tb_calzado` (id, created_at, estado, is_delete, is_enabled, stock, id_color, id_producto, id_talla) VALUES (47, '2025-10-29 15:47:54', 'Nuevo', 0, 1, 45, 5, 95, 11);
INSERT INTO `tb_calzado` (id, created_at, estado, is_delete, is_enabled, stock, id_color, id_producto, id_talla) VALUES (48, '2025-10-29 15:47:54', 'Nuevo', 0, 1, 15, 7, 62, 7);
INSERT INTO `tb_calzado` (id, created_at, estado, is_delete, is_enabled, stock, id_color, id_producto, id_talla) VALUES (49, '2025-10-29 15:47:54', 'Nuevo', 0, 1, 16, 13, 132, 1);
INSERT INTO `tb_calzado` (id, created_at, estado, is_delete, is_enabled, stock, id_color, id_producto, id_talla) VALUES (50, '2025-10-29 15:47:54', 'Nuevo', 0, 1, 49, 15, 52, 6);
INSERT INTO `tb_calzado` (id, created_at, estado, is_delete, is_enabled, stock, id_color, id_producto, id_talla) VALUES (51, '2025-10-29 15:47:54', 'Nuevo', 0, 1, 35, 4, 88, 9);
INSERT INTO `tb_calzado` (id, created_at, estado, is_delete, is_enabled, stock, id_color, id_producto, id_talla) VALUES (52, '2025-10-29 15:47:54', 'Nuevo', 0, 1, 35, 10, 171, 1);
INSERT INTO `tb_calzado` (id, created_at, estado, is_delete, is_enabled, stock, id_color, id_producto, id_talla) VALUES (53, '2025-10-29 15:47:54', 'Nuevo', 0, 1, 34, 3, 127, 1);
INSERT INTO `tb_calzado` (id, created_at, estado, is_delete, is_enabled, stock, id_color, id_producto, id_talla) VALUES (54, '2025-10-29 15:47:54', 'Nuevo', 0, 1, 37, 5, 109, 10);
INSERT INTO `tb_calzado` (id, created_at, estado, is_delete, is_enabled, stock, id_color, id_producto, id_talla) VALUES (55, '2025-10-29 15:47:54', 'Nuevo', 0, 1, 7, 13, 56, 1);
INSERT INTO `tb_calzado` (id, created_at, estado, is_delete, is_enabled, stock, id_color, id_producto, id_talla) VALUES (56, '2025-10-29 15:47:54', 'Nuevo', 0, 1, 43, 12, 16, 10);
INSERT INTO `tb_calzado` (id, created_at, estado, is_delete, is_enabled, stock, id_color, id_producto, id_talla) VALUES (57, '2025-10-29 15:47:54', 'Nuevo', 0, 1, 7, 1, 121, 9);
INSERT INTO `tb_calzado` (id, created_at, estado, is_delete, is_enabled, stock, id_color, id_producto, id_talla) VALUES (58, '2025-10-29 15:47:54', 'Nuevo', 0, 1, 49, 1, 123, 10);
INSERT INTO `tb_calzado` (id, created_at, estado, is_delete, is_enabled, stock, id_color, id_producto, id_talla) VALUES (59, '2025-10-29 15:47:54', 'Nuevo', 0, 1, 41, 14, 166, 8);
INSERT INTO `tb_calzado` (id, created_at, estado, is_delete, is_enabled, stock, id_color, id_producto, id_talla) VALUES (60, '2025-10-29 15:47:54', 'Nuevo', 0, 1, 17, 4, 138, 12);
INSERT INTO `tb_calzado` (id, created_at, estado, is_delete, is_enabled, stock, id_color, id_producto, id_talla) VALUES (61, '2025-10-29 15:47:54', 'Nuevo', 0, 1, 27, 1, 96, 9);
INSERT INTO `tb_calzado` (id, created_at, estado, is_delete, is_enabled, stock, id_color, id_producto, id_talla) VALUES (62, '2025-10-29 15:47:54', 'Nuevo', 0, 1, 15, 15, 79, 9);
INSERT INTO `tb_calzado` (id, created_at, estado, is_delete, is_enabled, stock, id_color, id_producto, id_talla) VALUES (63, '2025-10-29 15:47:54', 'Nuevo', 0, 1, 14, 9, 66, 3);
INSERT INTO `tb_calzado` (id, created_at, estado, is_delete, is_enabled, stock, id_color, id_producto, id_talla) VALUES (64, '2025-10-29 15:47:54', 'Nuevo', 0, 1, 14, 5, 58, 2);
INSERT INTO `tb_calzado` (id, created_at, estado, is_delete, is_enabled, stock, id_color, id_producto, id_talla) VALUES (65, '2025-10-29 15:47:54', 'Nuevo', 0, 1, 37, 1, 101, 1);
INSERT INTO `tb_calzado` (id, created_at, estado, is_delete, is_enabled, stock, id_color, id_producto, id_talla) VALUES (66, '2025-10-29 15:47:54', 'Nuevo', 0, 1, 28, 13, 180, 9);
INSERT INTO `tb_calzado` (id, created_at, estado, is_delete, is_enabled, stock, id_color, id_producto, id_talla) VALUES (67, '2025-10-29 15:47:54', 'Nuevo', 0, 1, 14, 2, 113, 4);
INSERT INTO `tb_calzado` (id, created_at, estado, is_delete, is_enabled, stock, id_color, id_producto, id_talla) VALUES (68, '2025-10-29 15:47:54', 'Nuevo', 0, 1, 38, 6, 17, 1);
INSERT INTO `tb_calzado` (id, created_at, estado, is_delete, is_enabled, stock, id_color, id_producto, id_talla) VALUES (69, '2025-10-29 15:47:54', 'Nuevo', 0, 1, 12, 14, 92, 11);
INSERT INTO `tb_calzado` (id, created_at, estado, is_delete, is_enabled, stock, id_color, id_producto, id_talla) VALUES (70, '2025-10-29 15:47:54', 'Nuevo', 0, 1, 9, 6, 52, 1);
INSERT INTO `tb_calzado` (id, created_at, estado, is_delete, is_enabled, stock, id_color, id_producto, id_talla) VALUES (71, '2025-10-29 15:47:54', 'Nuevo', 0, 1, 26, 6, 195, 12);
INSERT INTO `tb_calzado` (id, created_at, estado, is_delete, is_enabled, stock, id_color, id_producto, id_talla) VALUES (72, '2025-10-29 15:47:54', 'Nuevo', 0, 1, 42, 11, 83, 3);
INSERT INTO `tb_calzado` (id, created_at, estado, is_delete, is_enabled, stock, id_color, id_producto, id_talla) VALUES (73, '2025-10-29 15:47:54', 'Nuevo', 0, 1, 22, 2, 95, 9);
INSERT INTO `tb_calzado` (id, created_at, estado, is_delete, is_enabled, stock, id_color, id_producto, id_talla) VALUES (74, '2025-10-29 15:47:54', 'Nuevo', 0, 1, 26, 9, 38, 2);
INSERT INTO `tb_calzado` (id, created_at, estado, is_delete, is_enabled, stock, id_color, id_producto, id_talla) VALUES (75, '2025-10-29 15:47:54', 'Nuevo', 0, 1, 49, 13, 55, 4);
INSERT INTO `tb_calzado` (id, created_at, estado, is_delete, is_enabled, stock, id_color, id_producto, id_talla) VALUES (76, '2025-10-29 15:47:54', 'Nuevo', 0, 1, 39, 10, 6, 11);
INSERT INTO `tb_calzado` (id, created_at, estado, is_delete, is_enabled, stock, id_color, id_producto, id_talla) VALUES (77, '2025-10-29 15:47:54', 'Nuevo', 0, 1, 31, 4, 14, 6);
INSERT INTO `tb_calzado` (id, created_at, estado, is_delete, is_enabled, stock, id_color, id_producto, id_talla) VALUES (78, '2025-10-29 15:47:54', 'Nuevo', 0, 1, 28, 4, 9, 7);
INSERT INTO `tb_calzado` (id, created_at, estado, is_delete, is_enabled, stock, id_color, id_producto, id_talla) VALUES (79, '2025-10-29 15:47:54', 'Nuevo', 0, 1, 8, 4, 51, 7);
INSERT INTO `tb_calzado` (id, created_at, estado, is_delete, is_enabled, stock, id_color, id_producto, id_talla) VALUES (80, '2025-10-29 15:47:54', 'Nuevo', 0, 1, 21, 1, 108, 2);
INSERT INTO `tb_calzado` (id, created_at, estado, is_delete, is_enabled, stock, id_color, id_producto, id_talla) VALUES (81, '2025-10-29 15:47:54', 'Nuevo', 0, 1, 41, 4, 163, 5);
INSERT INTO `tb_calzado` (id, created_at, estado, is_delete, is_enabled, stock, id_color, id_producto, id_talla) VALUES (82, '2025-10-29 15:47:54', 'Nuevo', 0, 1, 6, 2, 112, 7);
INSERT INTO `tb_calzado` (id, created_at, estado, is_delete, is_enabled, stock, id_color, id_producto, id_talla) VALUES (83, '2025-10-29 15:47:54', 'Nuevo', 0, 1, 34, 5, 156, 3);
INSERT INTO `tb_calzado` (id, created_at, estado, is_delete, is_enabled, stock, id_color, id_producto, id_talla) VALUES (84, '2025-10-29 15:47:54', 'Nuevo', 0, 1, 15, 14, 198, 11);
INSERT INTO `tb_calzado` (id, created_at, estado, is_delete, is_enabled, stock, id_color, id_producto, id_talla) VALUES (85, '2025-10-29 15:47:54', 'Nuevo', 0, 1, 10, 6, 38, 1);
INSERT INTO `tb_calzado` (id, created_at, estado, is_delete, is_enabled, stock, id_color, id_producto, id_talla) VALUES (86, '2025-10-29 15:47:54', 'Nuevo', 0, 1, 39, 13, 34, 3);
INSERT INTO `tb_calzado` (id, created_at, estado, is_delete, is_enabled, stock, id_color, id_producto, id_talla) VALUES (87, '2025-10-29 15:47:54', 'Nuevo', 0, 1, 33, 1, 110, 12);
INSERT INTO `tb_calzado` (id, created_at, estado, is_delete, is_enabled, stock, id_color, id_producto, id_talla) VALUES (88, '2025-10-29 15:47:54', 'Nuevo', 0, 1, 33, 8, 47, 6);
INSERT INTO `tb_calzado` (id, created_at, estado, is_delete, is_enabled, stock, id_color, id_producto, id_talla) VALUES (89, '2025-10-29 15:47:54', 'Nuevo', 0, 1, 24, 10, 24, 3);
INSERT INTO `tb_calzado` (id, created_at, estado, is_delete, is_enabled, stock, id_color, id_producto, id_talla) VALUES (90, '2025-10-29 15:47:54', 'Nuevo', 0, 1, 12, 1, 179, 6);
INSERT INTO `tb_calzado` (id, created_at, estado, is_delete, is_enabled, stock, id_color, id_producto, id_talla) VALUES (91, '2025-10-29 15:47:54', 'Nuevo', 0, 1, 36, 11, 179, 12);
INSERT INTO `tb_calzado` (id, created_at, estado, is_delete, is_enabled, stock, id_color, id_producto, id_talla) VALUES (92, '2025-10-29 15:47:54', 'Nuevo', 0, 1, 45, 5, 65, 3);
INSERT INTO `tb_calzado` (id, created_at, estado, is_delete, is_enabled, stock, id_color, id_producto, id_talla) VALUES (93, '2025-10-29 15:47:54', 'Nuevo', 0, 1, 17, 15, 147, 5);
INSERT INTO `tb_calzado` (id, created_at, estado, is_delete, is_enabled, stock, id_color, id_producto, id_talla) VALUES (94, '2025-10-29 15:47:54', 'Nuevo', 0, 1, 22, 10, 184, 2);
INSERT INTO `tb_calzado` (id, created_at, estado, is_delete, is_enabled, stock, id_color, id_producto, id_talla) VALUES (95, '2025-10-29 15:47:54', 'Nuevo', 0, 1, 28, 14, 57, 1);
INSERT INTO `tb_calzado` (id, created_at, estado, is_delete, is_enabled, stock, id_color, id_producto, id_talla) VALUES (96, '2025-10-29 15:47:54', 'Nuevo', 0, 1, 13, 6, 49, 12);
INSERT INTO `tb_calzado` (id, created_at, estado, is_delete, is_enabled, stock, id_color, id_producto, id_talla) VALUES (97, '2025-10-29 15:47:54', 'Nuevo', 0, 1, 10, 14, 98, 6);
INSERT INTO `tb_calzado` (id, created_at, estado, is_delete, is_enabled, stock, id_color, id_producto, id_talla) VALUES (98, '2025-10-29 15:47:54', 'Nuevo', 0, 1, 17, 8, 38, 11);
INSERT INTO `tb_calzado` (id, created_at, estado, is_delete, is_enabled, stock, id_color, id_producto, id_talla) VALUES (99, '2025-10-29 15:47:54', 'Nuevo', 0, 1, 12, 9, 41, 3);
INSERT INTO `tb_calzado` (id, created_at, estado, is_delete, is_enabled, stock, id_color, id_producto, id_talla) VALUES (100, '2025-10-29 15:47:54', 'Nuevo', 0, 1, 27, 2, 178, 3);
INSERT INTO `tb_calzado` (id, created_at, estado, is_delete, is_enabled, stock, id_color, id_producto, id_talla) VALUES (101, '2025-10-29 15:47:54', 'Nuevo', 0, 1, 26, 8, 50, 8);
INSERT INTO `tb_calzado` (id, created_at, estado, is_delete, is_enabled, stock, id_color, id_producto, id_talla) VALUES (102, '2025-10-29 15:47:54', 'Nuevo', 0, 1, 7, 1, 160, 3);
INSERT INTO `tb_calzado` (id, created_at, estado, is_delete, is_enabled, stock, id_color, id_producto, id_talla) VALUES (103, '2025-10-29 15:47:54', 'Nuevo', 0, 1, 42, 11, 43, 6);
INSERT INTO `tb_calzado` (id, created_at, estado, is_delete, is_enabled, stock, id_color, id_producto, id_talla) VALUES (104, '2025-10-29 15:47:54', 'Nuevo', 0, 1, 15, 12, 182, 10);
INSERT INTO `tb_calzado` (id, created_at, estado, is_delete, is_enabled, stock, id_color, id_producto, id_talla) VALUES (105, '2025-10-29 15:47:54', 'Nuevo', 0, 1, 44, 3, 69, 7);
INSERT INTO `tb_calzado` (id, created_at, estado, is_delete, is_enabled, stock, id_color, id_producto, id_talla) VALUES (106, '2025-10-29 15:47:54', 'Nuevo', 0, 1, 19, 9, 118, 2);
INSERT INTO `tb_calzado` (id, created_at, estado, is_delete, is_enabled, stock, id_color, id_producto, id_talla) VALUES (107, '2025-10-29 15:47:54', 'Nuevo', 0, 1, 10, 9, 126, 6);
INSERT INTO `tb_calzado` (id, created_at, estado, is_delete, is_enabled, stock, id_color, id_producto, id_talla) VALUES (108, '2025-10-29 15:47:54', 'Nuevo', 0, 1, 43, 15, 50, 2);
INSERT INTO `tb_calzado` (id, created_at, estado, is_delete, is_enabled, stock, id_color, id_producto, id_talla) VALUES (109, '2025-10-29 15:47:54', 'Nuevo', 0, 1, 23, 13, 32, 6);
INSERT INTO `tb_calzado` (id, created_at, estado, is_delete, is_enabled, stock, id_color, id_producto, id_talla) VALUES (110, '2025-10-29 15:47:54', 'Nuevo', 0, 1, 9, 4, 110, 7);
INSERT INTO `tb_calzado` (id, created_at, estado, is_delete, is_enabled, stock, id_color, id_producto, id_talla) VALUES (111, '2025-10-29 15:47:54', 'Nuevo', 0, 1, 30, 12, 114, 4);
INSERT INTO `tb_calzado` (id, created_at, estado, is_delete, is_enabled, stock, id_color, id_producto, id_talla) VALUES (112, '2025-10-29 15:47:54', 'Nuevo', 0, 1, 15, 10, 24, 10);
INSERT INTO `tb_calzado` (id, created_at, estado, is_delete, is_enabled, stock, id_color, id_producto, id_talla) VALUES (113, '2025-10-29 15:47:54', 'Nuevo', 0, 1, 9, 12, 174, 12);
INSERT INTO `tb_calzado` (id, created_at, estado, is_delete, is_enabled, stock, id_color, id_producto, id_talla) VALUES (114, '2025-10-29 15:47:54', 'Nuevo', 0, 1, 46, 6, 116, 8);
INSERT INTO `tb_calzado` (id, created_at, estado, is_delete, is_enabled, stock, id_color, id_producto, id_talla) VALUES (115, '2025-10-29 15:47:54', 'Nuevo', 0, 1, 9, 12, 198, 2);
INSERT INTO `tb_calzado` (id, created_at, estado, is_delete, is_enabled, stock, id_color, id_producto, id_talla) VALUES (116, '2025-10-29 15:47:54', 'Nuevo', 0, 1, 43, 12, 40, 3);
INSERT INTO `tb_calzado` (id, created_at, estado, is_delete, is_enabled, stock, id_color, id_producto, id_talla) VALUES (117, '2025-10-29 15:47:54', 'Nuevo', 0, 1, 23, 15, 189, 11);
INSERT INTO `tb_calzado` (id, created_at, estado, is_delete, is_enabled, stock, id_color, id_producto, id_talla) VALUES (118, '2025-10-29 15:47:54', 'Nuevo', 0, 1, 45, 8, 97, 12);
INSERT INTO `tb_calzado` (id, created_at, estado, is_delete, is_enabled, stock, id_color, id_producto, id_talla) VALUES (119, '2025-10-29 15:47:54', 'Nuevo', 0, 1, 33, 11, 147, 5);
INSERT INTO `tb_calzado` (id, created_at, estado, is_delete, is_enabled, stock, id_color, id_producto, id_talla) VALUES (120, '2025-10-29 15:47:54', 'Nuevo', 0, 1, 35, 2, 13, 1);
INSERT INTO `tb_calzado` (id, created_at, estado, is_delete, is_enabled, stock, id_color, id_producto, id_talla) VALUES (121, '2025-10-29 15:47:54', 'Nuevo', 0, 1, 42, 5, 164, 2);
INSERT INTO `tb_calzado` (id, created_at, estado, is_delete, is_enabled, stock, id_color, id_producto, id_talla) VALUES (122, '2025-10-29 15:47:54', 'Nuevo', 0, 1, 31, 8, 37, 3);
INSERT INTO `tb_calzado` (id, created_at, estado, is_delete, is_enabled, stock, id_color, id_producto, id_talla) VALUES (123, '2025-10-29 15:47:54', 'Nuevo', 0, 1, 20, 14, 54, 6);
INSERT INTO `tb_calzado` (id, created_at, estado, is_delete, is_enabled, stock, id_color, id_producto, id_talla) VALUES (124, '2025-10-29 15:47:54', 'Nuevo', 0, 1, 33, 15, 51, 5);
INSERT INTO `tb_calzado` (id, created_at, estado, is_delete, is_enabled, stock, id_color, id_producto, id_talla) VALUES (125, '2025-10-29 15:47:54', 'Nuevo', 0, 1, 9, 10, 9, 8);
INSERT INTO `tb_calzado` (id, created_at, estado, is_delete, is_enabled, stock, id_color, id_producto, id_talla) VALUES (126, '2025-10-29 15:47:54', 'Nuevo', 0, 1, 7, 4, 79, 11);
INSERT INTO `tb_calzado` (id, created_at, estado, is_delete, is_enabled, stock, id_color, id_producto, id_talla) VALUES (127, '2025-10-29 15:47:54', 'Nuevo', 0, 1, 34, 10, 107, 11);
INSERT INTO `tb_calzado` (id, created_at, estado, is_delete, is_enabled, stock, id_color, id_producto, id_talla) VALUES (128, '2025-10-29 15:47:54', 'Nuevo', 0, 1, 39, 10, 93, 1);
INSERT INTO `tb_calzado` (id, created_at, estado, is_delete, is_enabled, stock, id_color, id_producto, id_talla) VALUES (129, '2025-10-29 15:47:54', 'Nuevo', 0, 1, 7, 4, 95, 10);
INSERT INTO `tb_calzado` (id, created_at, estado, is_delete, is_enabled, stock, id_color, id_producto, id_talla) VALUES (130, '2025-10-29 15:47:54', 'Nuevo', 0, 1, 9, 9, 19, 12);
INSERT INTO `tb_calzado` (id, created_at, estado, is_delete, is_enabled, stock, id_color, id_producto, id_talla) VALUES (131, '2025-10-29 15:47:54', 'Nuevo', 0, 1, 24, 9, 105, 6);
INSERT INTO `tb_calzado` (id, created_at, estado, is_delete, is_enabled, stock, id_color, id_producto, id_talla) VALUES (132, '2025-10-29 15:47:54', 'Nuevo', 0, 1, 47, 13, 127, 2);
INSERT INTO `tb_calzado` (id, created_at, estado, is_delete, is_enabled, stock, id_color, id_producto, id_talla) VALUES (133, '2025-10-29 15:47:54', 'Nuevo', 0, 1, 23, 5, 17, 6);
INSERT INTO `tb_calzado` (id, created_at, estado, is_delete, is_enabled, stock, id_color, id_producto, id_talla) VALUES (134, '2025-10-29 15:47:54', 'Nuevo', 0, 1, 37, 6, 120, 5);
INSERT INTO `tb_calzado` (id, created_at, estado, is_delete, is_enabled, stock, id_color, id_producto, id_talla) VALUES (135, '2025-10-29 15:47:54', 'Nuevo', 0, 1, 46, 7, 87, 6);
INSERT INTO `tb_calzado` (id, created_at, estado, is_delete, is_enabled, stock, id_color, id_producto, id_talla) VALUES (136, '2025-10-29 15:47:54', 'Nuevo', 0, 1, 44, 8, 127, 7);
INSERT INTO `tb_calzado` (id, created_at, estado, is_delete, is_enabled, stock, id_color, id_producto, id_talla) VALUES (137, '2025-10-29 15:47:54', 'Nuevo', 0, 1, 47, 12, 7, 6);
INSERT INTO `tb_calzado` (id, created_at, estado, is_delete, is_enabled, stock, id_color, id_producto, id_talla) VALUES (138, '2025-10-29 15:47:54', 'Nuevo', 0, 1, 45, 7, 42, 4);
INSERT INTO `tb_calzado` (id, created_at, estado, is_delete, is_enabled, stock, id_color, id_producto, id_talla) VALUES (139, '2025-10-29 15:47:54', 'Nuevo', 0, 1, 13, 1, 66, 7);
INSERT INTO `tb_calzado` (id, created_at, estado, is_delete, is_enabled, stock, id_color, id_producto, id_talla) VALUES (140, '2025-10-29 15:47:54', 'Nuevo', 0, 1, 11, 5, 17, 9);
INSERT INTO `tb_calzado` (id, created_at, estado, is_delete, is_enabled, stock, id_color, id_producto, id_talla) VALUES (141, '2025-10-29 15:47:54', 'Nuevo', 0, 1, 13, 1, 170, 6);
INSERT INTO `tb_calzado` (id, created_at, estado, is_delete, is_enabled, stock, id_color, id_producto, id_talla) VALUES (142, '2025-10-29 15:47:54', 'Nuevo', 0, 1, 27, 15, 31, 7);
INSERT INTO `tb_calzado` (id, created_at, estado, is_delete, is_enabled, stock, id_color, id_producto, id_talla) VALUES (143, '2025-10-29 15:47:54', 'Nuevo', 0, 1, 30, 3, 36, 8);
INSERT INTO `tb_calzado` (id, created_at, estado, is_delete, is_enabled, stock, id_color, id_producto, id_talla) VALUES (144, '2025-10-29 15:47:54', 'Nuevo', 0, 1, 6, 5, 18, 10);
INSERT INTO `tb_calzado` (id, created_at, estado, is_delete, is_enabled, stock, id_color, id_producto, id_talla) VALUES (145, '2025-10-29 15:47:54', 'Nuevo', 0, 1, 10, 6, 23, 9);
INSERT INTO `tb_calzado` (id, created_at, estado, is_delete, is_enabled, stock, id_color, id_producto, id_talla) VALUES (146, '2025-10-29 15:47:54', 'Nuevo', 0, 1, 40, 13, 160, 11);
INSERT INTO `tb_calzado` (id, created_at, estado, is_delete, is_enabled, stock, id_color, id_producto, id_talla) VALUES (147, '2025-10-29 15:47:54', 'Nuevo', 0, 1, 40, 13, 53, 4);
INSERT INTO `tb_calzado` (id, created_at, estado, is_delete, is_enabled, stock, id_color, id_producto, id_talla) VALUES (148, '2025-10-29 15:47:54', 'Nuevo', 0, 1, 38, 5, 130, 1);
INSERT INTO `tb_calzado` (id, created_at, estado, is_delete, is_enabled, stock, id_color, id_producto, id_talla) VALUES (149, '2025-10-29 15:47:54', 'Nuevo', 0, 1, 48, 10, 177, 9);
INSERT INTO `tb_calzado` (id, created_at, estado, is_delete, is_enabled, stock, id_color, id_producto, id_talla) VALUES (150, '2025-10-29 15:47:54', 'Nuevo', 0, 1, 15, 14, 49, 7);
INSERT INTO `tb_calzado` (id, created_at, estado, is_delete, is_enabled, stock, id_color, id_producto, id_talla) VALUES (151, '2025-10-29 15:47:54', 'Nuevo', 0, 1, 18, 11, 160, 3);
INSERT INTO `tb_calzado` (id, created_at, estado, is_delete, is_enabled, stock, id_color, id_producto, id_talla) VALUES (152, '2025-10-29 15:47:54', 'Nuevo', 0, 1, 33, 14, 10, 12);
INSERT INTO `tb_calzado` (id, created_at, estado, is_delete, is_enabled, stock, id_color, id_producto, id_talla) VALUES (153, '2025-10-29 15:47:54', 'Nuevo', 0, 1, 27, 5, 111, 12);
INSERT INTO `tb_calzado` (id, created_at, estado, is_delete, is_enabled, stock, id_color, id_producto, id_talla) VALUES (154, '2025-10-29 15:47:54', 'Nuevo', 0, 1, 32, 7, 10, 9);
INSERT INTO `tb_calzado` (id, created_at, estado, is_delete, is_enabled, stock, id_color, id_producto, id_talla) VALUES (155, '2025-10-29 15:47:54', 'Nuevo', 0, 1, 29, 12, 190, 2);
INSERT INTO `tb_calzado` (id, created_at, estado, is_delete, is_enabled, stock, id_color, id_producto, id_talla) VALUES (156, '2025-10-29 15:47:54', 'Nuevo', 0, 1, 5, 12, 68, 12);
INSERT INTO `tb_calzado` (id, created_at, estado, is_delete, is_enabled, stock, id_color, id_producto, id_talla) VALUES (157, '2025-10-29 15:47:54', 'Nuevo', 0, 1, 10, 14, 158, 5);
INSERT INTO `tb_calzado` (id, created_at, estado, is_delete, is_enabled, stock, id_color, id_producto, id_talla) VALUES (158, '2025-10-29 15:47:54', 'Nuevo', 0, 1, 30, 14, 121, 6);
INSERT INTO `tb_calzado` (id, created_at, estado, is_delete, is_enabled, stock, id_color, id_producto, id_talla) VALUES (159, '2025-10-29 15:47:54', 'Nuevo', 0, 1, 29, 3, 72, 11);
INSERT INTO `tb_calzado` (id, created_at, estado, is_delete, is_enabled, stock, id_color, id_producto, id_talla) VALUES (160, '2025-10-29 15:47:54', 'Nuevo', 0, 1, 45, 4, 44, 5);
INSERT INTO `tb_calzado` (id, created_at, estado, is_delete, is_enabled, stock, id_color, id_producto, id_talla) VALUES (161, '2025-10-29 15:47:54', 'Nuevo', 0, 1, 32, 10, 159, 1);
INSERT INTO `tb_calzado` (id, created_at, estado, is_delete, is_enabled, stock, id_color, id_producto, id_talla) VALUES (162, '2025-10-29 15:47:54', 'Nuevo', 0, 1, 17, 11, 59, 9);
INSERT INTO `tb_calzado` (id, created_at, estado, is_delete, is_enabled, stock, id_color, id_producto, id_talla) VALUES (163, '2025-10-29 15:47:54', 'Nuevo', 0, 1, 11, 1, 29, 9);
INSERT INTO `tb_calzado` (id, created_at, estado, is_delete, is_enabled, stock, id_color, id_producto, id_talla) VALUES (164, '2025-10-29 15:47:54', 'Nuevo', 0, 1, 28, 6, 189, 1);
INSERT INTO `tb_calzado` (id, created_at, estado, is_delete, is_enabled, stock, id_color, id_producto, id_talla) VALUES (165, '2025-10-29 15:47:54', 'Nuevo', 0, 1, 18, 4, 25, 10);
INSERT INTO `tb_calzado` (id, created_at, estado, is_delete, is_enabled, stock, id_color, id_producto, id_talla) VALUES (166, '2025-10-29 15:47:54', 'Nuevo', 0, 1, 40, 4, 21, 10);
INSERT INTO `tb_calzado` (id, created_at, estado, is_delete, is_enabled, stock, id_color, id_producto, id_talla) VALUES (167, '2025-10-29 15:47:54', 'Nuevo', 0, 1, 23, 6, 4, 3);
INSERT INTO `tb_calzado` (id, created_at, estado, is_delete, is_enabled, stock, id_color, id_producto, id_talla) VALUES (168, '2025-10-29 15:47:54', 'Nuevo', 0, 1, 20, 9, 74, 8);
INSERT INTO `tb_calzado` (id, created_at, estado, is_delete, is_enabled, stock, id_color, id_producto, id_talla) VALUES (169, '2025-10-29 15:47:54', 'Nuevo', 0, 1, 35, 5, 163, 11);
INSERT INTO `tb_calzado` (id, created_at, estado, is_delete, is_enabled, stock, id_color, id_producto, id_talla) VALUES (170, '2025-10-29 15:47:54', 'Nuevo', 0, 1, 12, 2, 101, 7);
INSERT INTO `tb_calzado` (id, created_at, estado, is_delete, is_enabled, stock, id_color, id_producto, id_talla) VALUES (171, '2025-10-29 15:47:54', 'Nuevo', 0, 1, 8, 9, 8, 12);
INSERT INTO `tb_calzado` (id, created_at, estado, is_delete, is_enabled, stock, id_color, id_producto, id_talla) VALUES (172, '2025-10-29 15:47:54', 'Nuevo', 0, 1, 37, 5, 152, 2);
INSERT INTO `tb_calzado` (id, created_at, estado, is_delete, is_enabled, stock, id_color, id_producto, id_talla) VALUES (173, '2025-10-29 15:47:54', 'Nuevo', 0, 1, 42, 6, 57, 10);
INSERT INTO `tb_calzado` (id, created_at, estado, is_delete, is_enabled, stock, id_color, id_producto, id_talla) VALUES (174, '2025-10-29 15:47:54', 'Nuevo', 0, 1, 20, 1, 65, 3);
INSERT INTO `tb_calzado` (id, created_at, estado, is_delete, is_enabled, stock, id_color, id_producto, id_talla) VALUES (175, '2025-10-29 15:47:54', 'Nuevo', 0, 1, 38, 4, 4, 9);
INSERT INTO `tb_calzado` (id, created_at, estado, is_delete, is_enabled, stock, id_color, id_producto, id_talla) VALUES (176, '2025-10-29 15:47:54', 'Nuevo', 0, 1, 44, 8, 68, 5);
INSERT INTO `tb_calzado` (id, created_at, estado, is_delete, is_enabled, stock, id_color, id_producto, id_talla) VALUES (177, '2025-10-29 15:47:54', 'Nuevo', 0, 1, 38, 10, 110, 10);
INSERT INTO `tb_calzado` (id, created_at, estado, is_delete, is_enabled, stock, id_color, id_producto, id_talla) VALUES (178, '2025-10-29 15:47:54', 'Nuevo', 0, 1, 18, 5, 54, 7);
INSERT INTO `tb_calzado` (id, created_at, estado, is_delete, is_enabled, stock, id_color, id_producto, id_talla) VALUES (179, '2025-10-29 15:47:54', 'Nuevo', 0, 1, 23, 6, 136, 6);
INSERT INTO `tb_calzado` (id, created_at, estado, is_delete, is_enabled, stock, id_color, id_producto, id_talla) VALUES (180, '2025-10-29 15:47:54', 'Nuevo', 0, 1, 34, 3, 172, 4);
INSERT INTO `tb_calzado` (id, created_at, estado, is_delete, is_enabled, stock, id_color, id_producto, id_talla) VALUES (181, '2025-10-29 15:47:54', 'Nuevo', 0, 1, 19, 7, 119, 3);
INSERT INTO `tb_calzado` (id, created_at, estado, is_delete, is_enabled, stock, id_color, id_producto, id_talla) VALUES (182, '2025-10-29 15:47:54', 'Nuevo', 0, 1, 34, 12, 194, 3);
INSERT INTO `tb_calzado` (id, created_at, estado, is_delete, is_enabled, stock, id_color, id_producto, id_talla) VALUES (183, '2025-10-29 15:47:54', 'Nuevo', 0, 1, 9, 2, 155, 12);
INSERT INTO `tb_calzado` (id, created_at, estado, is_delete, is_enabled, stock, id_color, id_producto, id_talla) VALUES (184, '2025-10-29 15:47:54', 'Nuevo', 0, 1, 35, 13, 78, 9);
INSERT INTO `tb_calzado` (id, created_at, estado, is_delete, is_enabled, stock, id_color, id_producto, id_talla) VALUES (185, '2025-10-29 15:47:54', 'Nuevo', 0, 1, 8, 1, 104, 11);
INSERT INTO `tb_calzado` (id, created_at, estado, is_delete, is_enabled, stock, id_color, id_producto, id_talla) VALUES (186, '2025-10-29 15:47:54', 'Nuevo', 0, 1, 8, 8, 170, 12);
INSERT INTO `tb_calzado` (id, created_at, estado, is_delete, is_enabled, stock, id_color, id_producto, id_talla) VALUES (187, '2025-10-29 15:47:54', 'Nuevo', 0, 1, 8, 14, 197, 11);
INSERT INTO `tb_calzado` (id, created_at, estado, is_delete, is_enabled, stock, id_color, id_producto, id_talla) VALUES (188, '2025-10-29 15:47:54', 'Nuevo', 0, 1, 17, 14, 140, 4);
INSERT INTO `tb_calzado` (id, created_at, estado, is_delete, is_enabled, stock, id_color, id_producto, id_talla) VALUES (189, '2025-10-29 15:47:54', 'Nuevo', 0, 1, 10, 13, 97, 8);
INSERT INTO `tb_calzado` (id, created_at, estado, is_delete, is_enabled, stock, id_color, id_producto, id_talla) VALUES (190, '2025-10-29 15:47:54', 'Nuevo', 0, 1, 46, 13, 95, 8);
INSERT INTO `tb_calzado` (id, created_at, estado, is_delete, is_enabled, stock, id_color, id_producto, id_talla) VALUES (191, '2025-10-29 15:47:54', 'Nuevo', 0, 1, 18, 1, 97, 2);
INSERT INTO `tb_calzado` (id, created_at, estado, is_delete, is_enabled, stock, id_color, id_producto, id_talla) VALUES (192, '2025-10-29 15:47:54', 'Nuevo', 0, 1, 15, 1, 44, 10);
INSERT INTO `tb_calzado` (id, created_at, estado, is_delete, is_enabled, stock, id_color, id_producto, id_talla) VALUES (193, '2025-10-29 15:47:54', 'Nuevo', 0, 1, 50, 4, 189, 5);
INSERT INTO `tb_calzado` (id, created_at, estado, is_delete, is_enabled, stock, id_color, id_producto, id_talla) VALUES (194, '2025-10-29 15:47:54', 'Nuevo', 0, 1, 12, 15, 5, 10);
INSERT INTO `tb_calzado` (id, created_at, estado, is_delete, is_enabled, stock, id_color, id_producto, id_talla) VALUES (195, '2025-10-29 15:47:54', 'Nuevo', 0, 1, 11, 5, 181, 1);
INSERT INTO `tb_calzado` (id, created_at, estado, is_delete, is_enabled, stock, id_color, id_producto, id_talla) VALUES (196, '2025-10-29 15:47:54', 'Nuevo', 0, 1, 20, 2, 168, 3);
INSERT INTO `tb_calzado` (id, created_at, estado, is_delete, is_enabled, stock, id_color, id_producto, id_talla) VALUES (197, '2025-10-29 15:47:54', 'Nuevo', 0, 1, 34, 10, 64, 5);
INSERT INTO `tb_calzado` (id, created_at, estado, is_delete, is_enabled, stock, id_color, id_producto, id_talla) VALUES (198, '2025-10-29 15:47:54', 'Nuevo', 0, 1, 20, 8, 186, 8);
INSERT INTO `tb_calzado` (id, created_at, estado, is_delete, is_enabled, stock, id_color, id_producto, id_talla) VALUES (199, '2025-10-29 15:47:54', 'Nuevo', 0, 1, 11, 12, 142, 10);
INSERT INTO `tb_calzado` (id, created_at, estado, is_delete, is_enabled, stock, id_color, id_producto, id_talla) VALUES (200, '2025-10-29 15:47:54', 'Nuevo', 0, 1, 50, 14, 174, 10);
INSERT INTO `tb_calzado` (id, created_at, estado, is_delete, is_enabled, stock, id_color, id_producto, id_talla) VALUES (201, '2025-10-29 15:47:54', 'Nuevo', 0, 1, 44, 8, 68, 6);
INSERT INTO `tb_calzado` (id, created_at, estado, is_delete, is_enabled, stock, id_color, id_producto, id_talla) VALUES (202, '2025-10-29 15:47:54', 'Nuevo', 0, 1, 13, 6, 111, 1);
INSERT INTO `tb_calzado` (id, created_at, estado, is_delete, is_enabled, stock, id_color, id_producto, id_talla) VALUES (203, '2025-10-29 15:47:54', 'Nuevo', 0, 1, 47, 12, 64, 9);
INSERT INTO `tb_calzado` (id, created_at, estado, is_delete, is_enabled, stock, id_color, id_producto, id_talla) VALUES (204, '2025-10-29 15:47:54', 'Nuevo', 0, 1, 41, 13, 140, 6);
INSERT INTO `tb_calzado` (id, created_at, estado, is_delete, is_enabled, stock, id_color, id_producto, id_talla) VALUES (205, '2025-10-29 15:47:54', 'Nuevo', 0, 1, 46, 6, 22, 5);
INSERT INTO `tb_calzado` (id, created_at, estado, is_delete, is_enabled, stock, id_color, id_producto, id_talla) VALUES (206, '2025-10-29 15:47:54', 'Nuevo', 0, 1, 7, 13, 42, 11);
INSERT INTO `tb_calzado` (id, created_at, estado, is_delete, is_enabled, stock, id_color, id_producto, id_talla) VALUES (207, '2025-10-29 15:47:54', 'Nuevo', 0, 1, 9, 4, 143, 11);
INSERT INTO `tb_calzado` (id, created_at, estado, is_delete, is_enabled, stock, id_color, id_producto, id_talla) VALUES (208, '2025-10-29 15:47:54', 'Nuevo', 0, 1, 42, 9, 64, 7);
INSERT INTO `tb_calzado` (id, created_at, estado, is_delete, is_enabled, stock, id_color, id_producto, id_talla) VALUES (209, '2025-10-29 15:47:54', 'Nuevo', 0, 1, 15, 9, 140, 12);
INSERT INTO `tb_calzado` (id, created_at, estado, is_delete, is_enabled, stock, id_color, id_producto, id_talla) VALUES (210, '2025-10-29 15:47:54', 'Nuevo', 0, 1, 33, 1, 113, 1);
INSERT INTO `tb_calzado` (id, created_at, estado, is_delete, is_enabled, stock, id_color, id_producto, id_talla) VALUES (211, '2025-10-29 15:47:54', 'Nuevo', 0, 1, 38, 5, 151, 3);
INSERT INTO `tb_calzado` (id, created_at, estado, is_delete, is_enabled, stock, id_color, id_producto, id_talla) VALUES (212, '2025-10-29 15:47:54', 'Nuevo', 0, 1, 9, 8, 114, 3);
INSERT INTO `tb_calzado` (id, created_at, estado, is_delete, is_enabled, stock, id_color, id_producto, id_talla) VALUES (213, '2025-10-29 15:47:54', 'Nuevo', 0, 1, 31, 5, 86, 4);
INSERT INTO `tb_calzado` (id, created_at, estado, is_delete, is_enabled, stock, id_color, id_producto, id_talla) VALUES (214, '2025-10-29 15:47:54', 'Nuevo', 0, 1, 37, 1, 18, 10);
INSERT INTO `tb_calzado` (id, created_at, estado, is_delete, is_enabled, stock, id_color, id_producto, id_talla) VALUES (215, '2025-10-29 15:47:54', 'Nuevo', 0, 1, 35, 3, 135, 5);
INSERT INTO `tb_calzado` (id, created_at, estado, is_delete, is_enabled, stock, id_color, id_producto, id_talla) VALUES (216, '2025-10-29 15:47:54', 'Nuevo', 0, 1, 20, 7, 57, 6);
INSERT INTO `tb_calzado` (id, created_at, estado, is_delete, is_enabled, stock, id_color, id_producto, id_talla) VALUES (217, '2025-10-29 15:47:54', 'Nuevo', 0, 1, 9, 2, 128, 2);
INSERT INTO `tb_calzado` (id, created_at, estado, is_delete, is_enabled, stock, id_color, id_producto, id_talla) VALUES (218, '2025-10-29 15:47:54', 'Nuevo', 0, 1, 37, 3, 116, 11);
INSERT INTO `tb_calzado` (id, created_at, estado, is_delete, is_enabled, stock, id_color, id_producto, id_talla) VALUES (219, '2025-10-29 15:47:54', 'Nuevo', 0, 1, 14, 1, 13, 6);
INSERT INTO `tb_calzado` (id, created_at, estado, is_delete, is_enabled, stock, id_color, id_producto, id_talla) VALUES (220, '2025-10-29 15:47:54', 'Nuevo', 0, 1, 41, 3, 167, 1);
INSERT INTO `tb_calzado` (id, created_at, estado, is_delete, is_enabled, stock, id_color, id_producto, id_talla) VALUES (221, '2025-10-29 15:47:54', 'Nuevo', 0, 1, 37, 15, 84, 4);
INSERT INTO `tb_calzado` (id, created_at, estado, is_delete, is_enabled, stock, id_color, id_producto, id_talla) VALUES (222, '2025-10-29 15:47:54', 'Nuevo', 0, 1, 44, 5, 190, 10);
INSERT INTO `tb_calzado` (id, created_at, estado, is_delete, is_enabled, stock, id_color, id_producto, id_talla) VALUES (223, '2025-10-29 15:47:54', 'Nuevo', 0, 1, 36, 10, 92, 4);
INSERT INTO `tb_calzado` (id, created_at, estado, is_delete, is_enabled, stock, id_color, id_producto, id_talla) VALUES (224, '2025-10-29 15:47:54', 'Nuevo', 0, 1, 18, 13, 50, 3);
INSERT INTO `tb_calzado` (id, created_at, estado, is_delete, is_enabled, stock, id_color, id_producto, id_talla) VALUES (225, '2025-10-29 15:47:54', 'Nuevo', 0, 1, 29, 9, 190, 2);
INSERT INTO `tb_calzado` (id, created_at, estado, is_delete, is_enabled, stock, id_color, id_producto, id_talla) VALUES (226, '2025-10-29 15:47:54', 'Nuevo', 0, 1, 23, 12, 130, 3);
INSERT INTO `tb_calzado` (id, created_at, estado, is_delete, is_enabled, stock, id_color, id_producto, id_talla) VALUES (227, '2025-10-29 15:47:54', 'Nuevo', 0, 1, 47, 10, 92, 12);
INSERT INTO `tb_calzado` (id, created_at, estado, is_delete, is_enabled, stock, id_color, id_producto, id_talla) VALUES (228, '2025-10-29 15:47:54', 'Nuevo', 0, 1, 44, 15, 52, 12);
INSERT INTO `tb_calzado` (id, created_at, estado, is_delete, is_enabled, stock, id_color, id_producto, id_talla) VALUES (229, '2025-10-29 15:47:54', 'Nuevo', 0, 1, 21, 14, 30, 1);
INSERT INTO `tb_calzado` (id, created_at, estado, is_delete, is_enabled, stock, id_color, id_producto, id_talla) VALUES (230, '2025-10-29 15:47:54', 'Nuevo', 0, 1, 32, 10, 6, 5);
INSERT INTO `tb_calzado` (id, created_at, estado, is_delete, is_enabled, stock, id_color, id_producto, id_talla) VALUES (231, '2025-10-29 15:47:54', 'Nuevo', 0, 1, 42, 5, 197, 10);
INSERT INTO `tb_calzado` (id, created_at, estado, is_delete, is_enabled, stock, id_color, id_producto, id_talla) VALUES (232, '2025-10-29 15:47:54', 'Nuevo', 0, 1, 31, 15, 117, 7);
INSERT INTO `tb_calzado` (id, created_at, estado, is_delete, is_enabled, stock, id_color, id_producto, id_talla) VALUES (233, '2025-10-29 15:47:54', 'Nuevo', 0, 1, 21, 5, 124, 12);
INSERT INTO `tb_calzado` (id, created_at, estado, is_delete, is_enabled, stock, id_color, id_producto, id_talla) VALUES (234, '2025-10-29 15:47:54', 'Nuevo', 0, 1, 5, 9, 118, 3);
INSERT INTO `tb_calzado` (id, created_at, estado, is_delete, is_enabled, stock, id_color, id_producto, id_talla) VALUES (235, '2025-10-29 15:47:54', 'Nuevo', 0, 1, 6, 11, 53, 11);
INSERT INTO `tb_calzado` (id, created_at, estado, is_delete, is_enabled, stock, id_color, id_producto, id_talla) VALUES (236, '2025-10-29 15:47:54', 'Nuevo', 0, 1, 45, 13, 109, 12);
INSERT INTO `tb_calzado` (id, created_at, estado, is_delete, is_enabled, stock, id_color, id_producto, id_talla) VALUES (237, '2025-10-29 15:47:54', 'Nuevo', 0, 1, 39, 12, 125, 3);
INSERT INTO `tb_calzado` (id, created_at, estado, is_delete, is_enabled, stock, id_color, id_producto, id_talla) VALUES (238, '2025-10-29 15:47:54', 'Nuevo', 0, 1, 22, 11, 1, 11);
INSERT INTO `tb_calzado` (id, created_at, estado, is_delete, is_enabled, stock, id_color, id_producto, id_talla) VALUES (239, '2025-10-29 15:47:54', 'Nuevo', 0, 1, 38, 15, 194, 1);
INSERT INTO `tb_calzado` (id, created_at, estado, is_delete, is_enabled, stock, id_color, id_producto, id_talla) VALUES (240, '2025-10-29 15:47:54', 'Nuevo', 0, 1, 21, 3, 101, 9);
INSERT INTO `tb_calzado` (id, created_at, estado, is_delete, is_enabled, stock, id_color, id_producto, id_talla) VALUES (241, '2025-10-29 15:47:54', 'Nuevo', 0, 1, 12, 14, 148, 11);
INSERT INTO `tb_calzado` (id, created_at, estado, is_delete, is_enabled, stock, id_color, id_producto, id_talla) VALUES (242, '2025-10-29 15:47:54', 'Nuevo', 0, 1, 48, 3, 108, 1);
INSERT INTO `tb_calzado` (id, created_at, estado, is_delete, is_enabled, stock, id_color, id_producto, id_talla) VALUES (243, '2025-10-29 15:47:54', 'Nuevo', 0, 1, 16, 1, 135, 12);
INSERT INTO `tb_calzado` (id, created_at, estado, is_delete, is_enabled, stock, id_color, id_producto, id_talla) VALUES (244, '2025-10-29 15:47:54', 'Nuevo', 0, 1, 10, 10, 172, 6);
INSERT INTO `tb_calzado` (id, created_at, estado, is_delete, is_enabled, stock, id_color, id_producto, id_talla) VALUES (245, '2025-10-29 15:47:54', 'Nuevo', 0, 1, 37, 11, 7, 12);
INSERT INTO `tb_calzado` (id, created_at, estado, is_delete, is_enabled, stock, id_color, id_producto, id_talla) VALUES (246, '2025-10-29 15:47:54', 'Nuevo', 0, 1, 28, 5, 56, 2);
INSERT INTO `tb_calzado` (id, created_at, estado, is_delete, is_enabled, stock, id_color, id_producto, id_talla) VALUES (247, '2025-10-29 15:47:54', 'Nuevo', 0, 1, 48, 10, 117, 5);
INSERT INTO `tb_calzado` (id, created_at, estado, is_delete, is_enabled, stock, id_color, id_producto, id_talla) VALUES (248, '2025-10-29 15:47:54', 'Nuevo', 0, 1, 19, 1, 92, 11);
INSERT INTO `tb_calzado` (id, created_at, estado, is_delete, is_enabled, stock, id_color, id_producto, id_talla) VALUES (249, '2025-10-29 15:47:54', 'Nuevo', 0, 1, 36, 10, 141, 12);
INSERT INTO `tb_calzado` (id, created_at, estado, is_delete, is_enabled, stock, id_color, id_producto, id_talla) VALUES (250, '2025-10-29 15:47:54', 'Nuevo', 0, 1, 6, 8, 114, 2);
INSERT INTO `tb_calzado` (id, created_at, estado, is_delete, is_enabled, stock, id_color, id_producto, id_talla) VALUES (251, '2025-10-29 15:47:54', 'Nuevo', 0, 1, 17, 7, 154, 8);
INSERT INTO `tb_calzado` (id, created_at, estado, is_delete, is_enabled, stock, id_color, id_producto, id_talla) VALUES (252, '2025-10-29 15:47:54', 'Nuevo', 0, 1, 49, 9, 77, 6);
INSERT INTO `tb_calzado` (id, created_at, estado, is_delete, is_enabled, stock, id_color, id_producto, id_talla) VALUES (253, '2025-10-29 15:47:54', 'Nuevo', 0, 1, 12, 3, 3, 10);
INSERT INTO `tb_calzado` (id, created_at, estado, is_delete, is_enabled, stock, id_color, id_producto, id_talla) VALUES (254, '2025-10-29 15:47:54', 'Nuevo', 0, 1, 19, 2, 23, 10);
INSERT INTO `tb_calzado` (id, created_at, estado, is_delete, is_enabled, stock, id_color, id_producto, id_talla) VALUES (255, '2025-10-29 15:47:54', 'Nuevo', 0, 1, 5, 4, 174, 10);
INSERT INTO `tb_calzado` (id, created_at, estado, is_delete, is_enabled, stock, id_color, id_producto, id_talla) VALUES (256, '2025-10-29 15:47:54', 'Nuevo', 0, 1, 35, 1, 84, 4);
INSERT INTO `tb_calzado` (id, created_at, estado, is_delete, is_enabled, stock, id_color, id_producto, id_talla) VALUES (257, '2025-10-29 15:47:54', 'Nuevo', 0, 1, 30, 3, 62, 5);
INSERT INTO `tb_calzado` (id, created_at, estado, is_delete, is_enabled, stock, id_color, id_producto, id_talla) VALUES (258, '2025-10-29 15:47:54', 'Nuevo', 0, 1, 17, 11, 150, 2);
INSERT INTO `tb_calzado` (id, created_at, estado, is_delete, is_enabled, stock, id_color, id_producto, id_talla) VALUES (259, '2025-10-29 15:47:54', 'Nuevo', 0, 1, 25, 15, 93, 6);
INSERT INTO `tb_calzado` (id, created_at, estado, is_delete, is_enabled, stock, id_color, id_producto, id_talla) VALUES (260, '2025-10-29 15:47:54', 'Nuevo', 0, 1, 41, 3, 51, 9);
INSERT INTO `tb_calzado` (id, created_at, estado, is_delete, is_enabled, stock, id_color, id_producto, id_talla) VALUES (261, '2025-10-29 15:47:54', 'Nuevo', 0, 1, 38, 15, 138, 9);
INSERT INTO `tb_calzado` (id, created_at, estado, is_delete, is_enabled, stock, id_color, id_producto, id_talla) VALUES (262, '2025-10-29 15:47:54', 'Nuevo', 0, 1, 48, 1, 172, 10);
INSERT INTO `tb_calzado` (id, created_at, estado, is_delete, is_enabled, stock, id_color, id_producto, id_talla) VALUES (263, '2025-10-29 15:47:54', 'Nuevo', 0, 1, 22, 3, 31, 12);
INSERT INTO `tb_calzado` (id, created_at, estado, is_delete, is_enabled, stock, id_color, id_producto, id_talla) VALUES (264, '2025-10-29 15:47:54', 'Nuevo', 0, 1, 33, 13, 114, 11);
INSERT INTO `tb_calzado` (id, created_at, estado, is_delete, is_enabled, stock, id_color, id_producto, id_talla) VALUES (265, '2025-10-29 15:47:54', 'Nuevo', 0, 1, 45, 13, 34, 8);
INSERT INTO `tb_calzado` (id, created_at, estado, is_delete, is_enabled, stock, id_color, id_producto, id_talla) VALUES (266, '2025-10-29 15:47:54', 'Nuevo', 0, 1, 29, 4, 50, 1);
INSERT INTO `tb_calzado` (id, created_at, estado, is_delete, is_enabled, stock, id_color, id_producto, id_talla) VALUES (267, '2025-10-29 15:47:54', 'Nuevo', 0, 1, 17, 7, 170, 10);
INSERT INTO `tb_calzado` (id, created_at, estado, is_delete, is_enabled, stock, id_color, id_producto, id_talla) VALUES (268, '2025-10-29 15:47:54', 'Nuevo', 0, 1, 11, 9, 95, 12);
INSERT INTO `tb_calzado` (id, created_at, estado, is_delete, is_enabled, stock, id_color, id_producto, id_talla) VALUES (269, '2025-10-29 15:47:54', 'Nuevo', 0, 1, 45, 13, 131, 3);
INSERT INTO `tb_calzado` (id, created_at, estado, is_delete, is_enabled, stock, id_color, id_producto, id_talla) VALUES (270, '2025-10-29 15:47:54', 'Nuevo', 0, 1, 33, 10, 119, 4);
INSERT INTO `tb_calzado` (id, created_at, estado, is_delete, is_enabled, stock, id_color, id_producto, id_talla) VALUES (271, '2025-10-29 15:47:54', 'Nuevo', 0, 1, 43, 6, 89, 6);
INSERT INTO `tb_calzado` (id, created_at, estado, is_delete, is_enabled, stock, id_color, id_producto, id_talla) VALUES (272, '2025-10-29 15:47:54', 'Nuevo', 0, 1, 23, 7, 103, 3);
INSERT INTO `tb_calzado` (id, created_at, estado, is_delete, is_enabled, stock, id_color, id_producto, id_talla) VALUES (273, '2025-10-29 15:47:54', 'Nuevo', 0, 1, 17, 10, 75, 10);
INSERT INTO `tb_calzado` (id, created_at, estado, is_delete, is_enabled, stock, id_color, id_producto, id_talla) VALUES (274, '2025-10-29 15:47:54', 'Nuevo', 0, 1, 45, 8, 159, 2);
INSERT INTO `tb_calzado` (id, created_at, estado, is_delete, is_enabled, stock, id_color, id_producto, id_talla) VALUES (275, '2025-10-29 15:47:54', 'Nuevo', 0, 1, 20, 9, 12, 2);
INSERT INTO `tb_calzado` (id, created_at, estado, is_delete, is_enabled, stock, id_color, id_producto, id_talla) VALUES (276, '2025-10-29 15:47:54', 'Nuevo', 0, 1, 7, 4, 46, 12);
INSERT INTO `tb_calzado` (id, created_at, estado, is_delete, is_enabled, stock, id_color, id_producto, id_talla) VALUES (277, '2025-10-29 15:47:54', 'Nuevo', 0, 1, 34, 15, 178, 7);
INSERT INTO `tb_calzado` (id, created_at, estado, is_delete, is_enabled, stock, id_color, id_producto, id_talla) VALUES (278, '2025-10-29 15:47:54', 'Nuevo', 0, 1, 26, 3, 136, 4);
INSERT INTO `tb_calzado` (id, created_at, estado, is_delete, is_enabled, stock, id_color, id_producto, id_talla) VALUES (279, '2025-10-29 15:47:54', 'Nuevo', 0, 1, 23, 14, 169, 12);
INSERT INTO `tb_calzado` (id, created_at, estado, is_delete, is_enabled, stock, id_color, id_producto, id_talla) VALUES (280, '2025-10-29 15:47:54', 'Nuevo', 0, 1, 42, 1, 9, 11);
INSERT INTO `tb_calzado` (id, created_at, estado, is_delete, is_enabled, stock, id_color, id_producto, id_talla) VALUES (281, '2025-10-29 15:47:54', 'Nuevo', 0, 1, 26, 2, 112, 8);
INSERT INTO `tb_calzado` (id, created_at, estado, is_delete, is_enabled, stock, id_color, id_producto, id_talla) VALUES (282, '2025-10-29 15:47:54', 'Nuevo', 0, 1, 50, 4, 83, 3);
INSERT INTO `tb_calzado` (id, created_at, estado, is_delete, is_enabled, stock, id_color, id_producto, id_talla) VALUES (283, '2025-10-29 15:47:54', 'Nuevo', 0, 1, 12, 13, 188, 6);
INSERT INTO `tb_calzado` (id, created_at, estado, is_delete, is_enabled, stock, id_color, id_producto, id_talla) VALUES (284, '2025-10-29 15:47:54', 'Nuevo', 0, 1, 43, 14, 90, 4);
INSERT INTO `tb_calzado` (id, created_at, estado, is_delete, is_enabled, stock, id_color, id_producto, id_talla) VALUES (285, '2025-10-29 15:47:54', 'Nuevo', 0, 1, 18, 4, 54, 9);
INSERT INTO `tb_calzado` (id, created_at, estado, is_delete, is_enabled, stock, id_color, id_producto, id_talla) VALUES (286, '2025-10-29 15:47:54', 'Nuevo', 0, 1, 27, 12, 162, 9);
INSERT INTO `tb_calzado` (id, created_at, estado, is_delete, is_enabled, stock, id_color, id_producto, id_talla) VALUES (287, '2025-10-29 15:47:54', 'Nuevo', 0, 1, 45, 14, 5, 8);
INSERT INTO `tb_calzado` (id, created_at, estado, is_delete, is_enabled, stock, id_color, id_producto, id_talla) VALUES (288, '2025-10-29 15:47:54', 'Nuevo', 0, 1, 48, 4, 110, 8);
INSERT INTO `tb_calzado` (id, created_at, estado, is_delete, is_enabled, stock, id_color, id_producto, id_talla) VALUES (289, '2025-10-29 15:47:54', 'Nuevo', 0, 1, 11, 10, 187, 6);
INSERT INTO `tb_calzado` (id, created_at, estado, is_delete, is_enabled, stock, id_color, id_producto, id_talla) VALUES (290, '2025-10-29 15:47:54', 'Nuevo', 0, 1, 34, 5, 69, 3);
INSERT INTO `tb_calzado` (id, created_at, estado, is_delete, is_enabled, stock, id_color, id_producto, id_talla) VALUES (291, '2025-10-29 15:47:54', 'Nuevo', 0, 1, 50, 3, 67, 6);
INSERT INTO `tb_calzado` (id, created_at, estado, is_delete, is_enabled, stock, id_color, id_producto, id_talla) VALUES (292, '2025-10-29 15:47:54', 'Nuevo', 0, 1, 38, 14, 48, 6);
INSERT INTO `tb_calzado` (id, created_at, estado, is_delete, is_enabled, stock, id_color, id_producto, id_talla) VALUES (293, '2025-10-29 15:47:54', 'Nuevo', 0, 1, 7, 13, 101, 5);
INSERT INTO `tb_calzado` (id, created_at, estado, is_delete, is_enabled, stock, id_color, id_producto, id_talla) VALUES (294, '2025-10-29 15:47:54', 'Nuevo', 0, 1, 29, 8, 101, 2);
INSERT INTO `tb_calzado` (id, created_at, estado, is_delete, is_enabled, stock, id_color, id_producto, id_talla) VALUES (295, '2025-10-29 15:47:54', 'Nuevo', 0, 1, 29, 3, 175, 5);
INSERT INTO `tb_calzado` (id, created_at, estado, is_delete, is_enabled, stock, id_color, id_producto, id_talla) VALUES (296, '2025-10-29 15:47:54', 'Nuevo', 0, 1, 48, 13, 172, 1);
INSERT INTO `tb_calzado` (id, created_at, estado, is_delete, is_enabled, stock, id_color, id_producto, id_talla) VALUES (297, '2025-10-29 15:47:54', 'Nuevo', 0, 1, 27, 6, 72, 1);
INSERT INTO `tb_calzado` (id, created_at, estado, is_delete, is_enabled, stock, id_color, id_producto, id_talla) VALUES (298, '2025-10-29 15:47:54', 'Nuevo', 0, 1, 24, 10, 104, 7);
INSERT INTO `tb_calzado` (id, created_at, estado, is_delete, is_enabled, stock, id_color, id_producto, id_talla) VALUES (299, '2025-10-29 15:47:54', 'Nuevo', 0, 1, 9, 8, 5, 11);
INSERT INTO `tb_calzado` (id, created_at, estado, is_delete, is_enabled, stock, id_color, id_producto, id_talla) VALUES (300, '2025-10-29 15:47:54', 'Nuevo', 0, 1, 22, 10, 186, 1);
INSERT INTO `tb_calzado` (id, created_at, estado, is_delete, is_enabled, stock, id_color, id_producto, id_talla) VALUES (301, '2025-10-29 15:47:54', 'Nuevo', 0, 1, 9, 11, 60, 4);
INSERT INTO `tb_calzado` (id, created_at, estado, is_delete, is_enabled, stock, id_color, id_producto, id_talla) VALUES (302, '2025-10-29 15:47:54', 'Nuevo', 0, 1, 30, 9, 99, 10);
INSERT INTO `tb_calzado` (id, created_at, estado, is_delete, is_enabled, stock, id_color, id_producto, id_talla) VALUES (303, '2025-10-29 15:47:54', 'Nuevo', 0, 1, 14, 3, 39, 5);
INSERT INTO `tb_calzado` (id, created_at, estado, is_delete, is_enabled, stock, id_color, id_producto, id_talla) VALUES (304, '2025-10-29 15:47:54', 'Nuevo', 0, 1, 37, 12, 145, 7);
INSERT INTO `tb_calzado` (id, created_at, estado, is_delete, is_enabled, stock, id_color, id_producto, id_talla) VALUES (305, '2025-10-29 15:47:54', 'Nuevo', 0, 1, 48, 1, 34, 9);
INSERT INTO `tb_calzado` (id, created_at, estado, is_delete, is_enabled, stock, id_color, id_producto, id_talla) VALUES (306, '2025-10-29 15:47:54', 'Nuevo', 0, 1, 49, 15, 187, 7);
INSERT INTO `tb_calzado` (id, created_at, estado, is_delete, is_enabled, stock, id_color, id_producto, id_talla) VALUES (307, '2025-10-29 15:47:54', 'Nuevo', 0, 1, 47, 14, 57, 5);
INSERT INTO `tb_calzado` (id, created_at, estado, is_delete, is_enabled, stock, id_color, id_producto, id_talla) VALUES (308, '2025-10-29 15:47:54', 'Nuevo', 0, 1, 43, 15, 129, 7);
INSERT INTO `tb_calzado` (id, created_at, estado, is_delete, is_enabled, stock, id_color, id_producto, id_talla) VALUES (309, '2025-10-29 15:47:54', 'Nuevo', 0, 1, 47, 15, 98, 9);
INSERT INTO `tb_calzado` (id, created_at, estado, is_delete, is_enabled, stock, id_color, id_producto, id_talla) VALUES (310, '2025-10-29 15:47:54', 'Nuevo', 0, 1, 48, 9, 36, 3);
INSERT INTO `tb_calzado` (id, created_at, estado, is_delete, is_enabled, stock, id_color, id_producto, id_talla) VALUES (311, '2025-10-29 15:47:54', 'Nuevo', 0, 1, 36, 2, 161, 11);
INSERT INTO `tb_calzado` (id, created_at, estado, is_delete, is_enabled, stock, id_color, id_producto, id_talla) VALUES (312, '2025-10-29 15:47:54', 'Nuevo', 0, 1, 46, 11, 22, 11);
INSERT INTO `tb_calzado` (id, created_at, estado, is_delete, is_enabled, stock, id_color, id_producto, id_talla) VALUES (313, '2025-10-29 15:47:54', 'Nuevo', 0, 1, 14, 12, 111, 6);
INSERT INTO `tb_calzado` (id, created_at, estado, is_delete, is_enabled, stock, id_color, id_producto, id_talla) VALUES (314, '2025-10-29 15:47:54', 'Nuevo', 0, 1, 23, 8, 135, 1);
INSERT INTO `tb_calzado` (id, created_at, estado, is_delete, is_enabled, stock, id_color, id_producto, id_talla) VALUES (315, '2025-10-29 15:47:54', 'Nuevo', 0, 1, 41, 4, 93, 6);
INSERT INTO `tb_calzado` (id, created_at, estado, is_delete, is_enabled, stock, id_color, id_producto, id_talla) VALUES (316, '2025-10-29 15:47:54', 'Nuevo', 0, 1, 49, 10, 163, 3);
INSERT INTO `tb_calzado` (id, created_at, estado, is_delete, is_enabled, stock, id_color, id_producto, id_talla) VALUES (317, '2025-10-29 15:47:54', 'Nuevo', 0, 1, 40, 1, 181, 3);
INSERT INTO `tb_calzado` (id, created_at, estado, is_delete, is_enabled, stock, id_color, id_producto, id_talla) VALUES (318, '2025-10-29 15:47:54', 'Nuevo', 0, 1, 39, 8, 36, 9);
INSERT INTO `tb_calzado` (id, created_at, estado, is_delete, is_enabled, stock, id_color, id_producto, id_talla) VALUES (319, '2025-10-29 15:47:54', 'Nuevo', 0, 1, 28, 13, 100, 3);
INSERT INTO `tb_calzado` (id, created_at, estado, is_delete, is_enabled, stock, id_color, id_producto, id_talla) VALUES (320, '2025-10-29 15:47:54', 'Nuevo', 0, 1, 50, 14, 23, 5);
INSERT INTO `tb_calzado` (id, created_at, estado, is_delete, is_enabled, stock, id_color, id_producto, id_talla) VALUES (321, '2025-10-29 15:47:54', 'Nuevo', 0, 1, 24, 8, 62, 11);
INSERT INTO `tb_calzado` (id, created_at, estado, is_delete, is_enabled, stock, id_color, id_producto, id_talla) VALUES (322, '2025-10-29 15:47:54', 'Nuevo', 0, 1, 24, 9, 125, 6);
INSERT INTO `tb_calzado` (id, created_at, estado, is_delete, is_enabled, stock, id_color, id_producto, id_talla) VALUES (323, '2025-10-29 15:47:54', 'Nuevo', 0, 1, 44, 3, 83, 4);
INSERT INTO `tb_calzado` (id, created_at, estado, is_delete, is_enabled, stock, id_color, id_producto, id_talla) VALUES (324, '2025-10-29 15:47:54', 'Nuevo', 0, 1, 28, 10, 121, 4);
INSERT INTO `tb_calzado` (id, created_at, estado, is_delete, is_enabled, stock, id_color, id_producto, id_talla) VALUES (325, '2025-10-29 15:47:54', 'Nuevo', 0, 1, 5, 10, 10, 9);
INSERT INTO `tb_calzado` (id, created_at, estado, is_delete, is_enabled, stock, id_color, id_producto, id_talla) VALUES (326, '2025-10-29 15:47:54', 'Nuevo', 0, 1, 38, 3, 188, 3);
INSERT INTO `tb_calzado` (id, created_at, estado, is_delete, is_enabled, stock, id_color, id_producto, id_talla) VALUES (327, '2025-10-29 15:47:54', 'Nuevo', 0, 1, 24, 10, 167, 11);
INSERT INTO `tb_calzado` (id, created_at, estado, is_delete, is_enabled, stock, id_color, id_producto, id_talla) VALUES (328, '2025-10-29 15:47:54', 'Nuevo', 0, 1, 37, 4, 127, 6);
INSERT INTO `tb_calzado` (id, created_at, estado, is_delete, is_enabled, stock, id_color, id_producto, id_talla) VALUES (329, '2025-10-29 15:47:54', 'Nuevo', 0, 1, 48, 11, 129, 5);
INSERT INTO `tb_calzado` (id, created_at, estado, is_delete, is_enabled, stock, id_color, id_producto, id_talla) VALUES (330, '2025-10-29 15:47:54', 'Nuevo', 0, 1, 23, 9, 16, 8);
INSERT INTO `tb_calzado` (id, created_at, estado, is_delete, is_enabled, stock, id_color, id_producto, id_talla) VALUES (331, '2025-10-29 15:47:54', 'Nuevo', 0, 1, 40, 13, 9, 1);
INSERT INTO `tb_calzado` (id, created_at, estado, is_delete, is_enabled, stock, id_color, id_producto, id_talla) VALUES (332, '2025-10-29 15:47:54', 'Nuevo', 0, 1, 30, 3, 125, 7);
INSERT INTO `tb_calzado` (id, created_at, estado, is_delete, is_enabled, stock, id_color, id_producto, id_talla) VALUES (333, '2025-10-29 15:47:54', 'Nuevo', 0, 1, 24, 7, 63, 8);
INSERT INTO `tb_calzado` (id, created_at, estado, is_delete, is_enabled, stock, id_color, id_producto, id_talla) VALUES (334, '2025-10-29 15:47:54', 'Nuevo', 0, 1, 16, 14, 99, 11);
INSERT INTO `tb_calzado` (id, created_at, estado, is_delete, is_enabled, stock, id_color, id_producto, id_talla) VALUES (335, '2025-10-29 15:47:54', 'Nuevo', 0, 1, 32, 2, 93, 10);
INSERT INTO `tb_calzado` (id, created_at, estado, is_delete, is_enabled, stock, id_color, id_producto, id_talla) VALUES (336, '2025-10-29 15:47:54', 'Nuevo', 0, 1, 42, 15, 73, 11);
INSERT INTO `tb_calzado` (id, created_at, estado, is_delete, is_enabled, stock, id_color, id_producto, id_talla) VALUES (337, '2025-10-29 15:47:54', 'Nuevo', 0, 1, 18, 11, 14, 10);
INSERT INTO `tb_calzado` (id, created_at, estado, is_delete, is_enabled, stock, id_color, id_producto, id_talla) VALUES (338, '2025-10-29 15:47:54', 'Nuevo', 0, 1, 11, 3, 108, 6);
INSERT INTO `tb_calzado` (id, created_at, estado, is_delete, is_enabled, stock, id_color, id_producto, id_talla) VALUES (339, '2025-10-29 15:47:54', 'Nuevo', 0, 1, 43, 2, 197, 3);
INSERT INTO `tb_calzado` (id, created_at, estado, is_delete, is_enabled, stock, id_color, id_producto, id_talla) VALUES (340, '2025-10-29 15:47:54', 'Nuevo', 0, 1, 24, 2, 197, 8);
INSERT INTO `tb_calzado` (id, created_at, estado, is_delete, is_enabled, stock, id_color, id_producto, id_talla) VALUES (341, '2025-10-29 15:47:54', 'Nuevo', 0, 1, 26, 11, 79, 4);
INSERT INTO `tb_calzado` (id, created_at, estado, is_delete, is_enabled, stock, id_color, id_producto, id_talla) VALUES (342, '2025-10-29 15:47:54', 'Nuevo', 0, 1, 7, 4, 6, 1);
INSERT INTO `tb_calzado` (id, created_at, estado, is_delete, is_enabled, stock, id_color, id_producto, id_talla) VALUES (343, '2025-10-29 15:47:54', 'Nuevo', 0, 1, 38, 4, 35, 11);
INSERT INTO `tb_calzado` (id, created_at, estado, is_delete, is_enabled, stock, id_color, id_producto, id_talla) VALUES (344, '2025-10-29 15:47:54', 'Nuevo', 0, 1, 29, 9, 118, 5);
INSERT INTO `tb_calzado` (id, created_at, estado, is_delete, is_enabled, stock, id_color, id_producto, id_talla) VALUES (345, '2025-10-29 15:47:54', 'Nuevo', 0, 1, 15, 11, 152, 8);
INSERT INTO `tb_calzado` (id, created_at, estado, is_delete, is_enabled, stock, id_color, id_producto, id_talla) VALUES (346, '2025-10-29 15:47:54', 'Nuevo', 0, 1, 44, 8, 1, 2);
INSERT INTO `tb_calzado` (id, created_at, estado, is_delete, is_enabled, stock, id_color, id_producto, id_talla) VALUES (347, '2025-10-29 15:47:54', 'Nuevo', 0, 1, 5, 4, 129, 10);
INSERT INTO `tb_calzado` (id, created_at, estado, is_delete, is_enabled, stock, id_color, id_producto, id_talla) VALUES (348, '2025-10-29 15:47:54', 'Nuevo', 0, 1, 25, 13, 42, 4);
INSERT INTO `tb_calzado` (id, created_at, estado, is_delete, is_enabled, stock, id_color, id_producto, id_talla) VALUES (349, '2025-10-29 15:47:54', 'Nuevo', 0, 1, 24, 5, 9, 2);
INSERT INTO `tb_calzado` (id, created_at, estado, is_delete, is_enabled, stock, id_color, id_producto, id_talla) VALUES (350, '2025-10-29 15:47:54', 'Nuevo', 0, 1, 36, 1, 53, 7);
INSERT INTO `tb_calzado` (id, created_at, estado, is_delete, is_enabled, stock, id_color, id_producto, id_talla) VALUES (351, '2025-10-29 15:47:54', 'Nuevo', 0, 1, 10, 2, 197, 6);
INSERT INTO `tb_calzado` (id, created_at, estado, is_delete, is_enabled, stock, id_color, id_producto, id_talla) VALUES (352, '2025-10-29 15:47:54', 'Nuevo', 0, 1, 24, 5, 29, 9);
INSERT INTO `tb_calzado` (id, created_at, estado, is_delete, is_enabled, stock, id_color, id_producto, id_talla) VALUES (353, '2025-10-29 15:47:54', 'Nuevo', 0, 1, 6, 8, 144, 5);
INSERT INTO `tb_calzado` (id, created_at, estado, is_delete, is_enabled, stock, id_color, id_producto, id_talla) VALUES (354, '2025-10-29 15:47:54', 'Nuevo', 0, 1, 7, 15, 125, 4);
INSERT INTO `tb_calzado` (id, created_at, estado, is_delete, is_enabled, stock, id_color, id_producto, id_talla) VALUES (355, '2025-10-29 15:47:54', 'Nuevo', 0, 1, 25, 7, 156, 9);
INSERT INTO `tb_calzado` (id, created_at, estado, is_delete, is_enabled, stock, id_color, id_producto, id_talla) VALUES (356, '2025-10-29 15:47:54', 'Nuevo', 0, 1, 7, 8, 143, 9);
INSERT INTO `tb_calzado` (id, created_at, estado, is_delete, is_enabled, stock, id_color, id_producto, id_talla) VALUES (357, '2025-10-29 15:47:54', 'Nuevo', 0, 1, 34, 4, 46, 11);
INSERT INTO `tb_calzado` (id, created_at, estado, is_delete, is_enabled, stock, id_color, id_producto, id_talla) VALUES (358, '2025-10-29 15:47:54', 'Nuevo', 0, 1, 25, 14, 193, 9);
INSERT INTO `tb_calzado` (id, created_at, estado, is_delete, is_enabled, stock, id_color, id_producto, id_talla) VALUES (359, '2025-10-29 15:47:54', 'Nuevo', 0, 1, 33, 15, 191, 3);
INSERT INTO `tb_calzado` (id, created_at, estado, is_delete, is_enabled, stock, id_color, id_producto, id_talla) VALUES (360, '2025-10-29 15:47:54', 'Nuevo', 0, 1, 32, 9, 58, 12);
INSERT INTO `tb_calzado` (id, created_at, estado, is_delete, is_enabled, stock, id_color, id_producto, id_talla) VALUES (361, '2025-10-29 15:47:54', 'Nuevo', 0, 1, 15, 9, 177, 3);
INSERT INTO `tb_calzado` (id, created_at, estado, is_delete, is_enabled, stock, id_color, id_producto, id_talla) VALUES (362, '2025-10-29 15:47:54', 'Nuevo', 0, 1, 5, 6, 192, 10);
INSERT INTO `tb_calzado` (id, created_at, estado, is_delete, is_enabled, stock, id_color, id_producto, id_talla) VALUES (363, '2025-10-29 15:47:54', 'Nuevo', 0, 1, 34, 2, 54, 1);
INSERT INTO `tb_calzado` (id, created_at, estado, is_delete, is_enabled, stock, id_color, id_producto, id_talla) VALUES (364, '2025-10-29 15:47:54', 'Nuevo', 0, 1, 22, 2, 172, 11);
INSERT INTO `tb_calzado` (id, created_at, estado, is_delete, is_enabled, stock, id_color, id_producto, id_talla) VALUES (365, '2025-10-29 15:47:54', 'Nuevo', 0, 1, 38, 5, 26, 1);
INSERT INTO `tb_calzado` (id, created_at, estado, is_delete, is_enabled, stock, id_color, id_producto, id_talla) VALUES (366, '2025-10-29 15:47:54', 'Nuevo', 0, 1, 38, 9, 199, 1);
INSERT INTO `tb_calzado` (id, created_at, estado, is_delete, is_enabled, stock, id_color, id_producto, id_talla) VALUES (367, '2025-10-29 15:47:54', 'Nuevo', 0, 1, 7, 12, 52, 7);
INSERT INTO `tb_calzado` (id, created_at, estado, is_delete, is_enabled, stock, id_color, id_producto, id_talla) VALUES (368, '2025-10-29 15:47:54', 'Nuevo', 0, 1, 22, 13, 178, 11);
INSERT INTO `tb_calzado` (id, created_at, estado, is_delete, is_enabled, stock, id_color, id_producto, id_talla) VALUES (369, '2025-10-29 15:47:54', 'Nuevo', 0, 1, 43, 12, 99, 8);
INSERT INTO `tb_calzado` (id, created_at, estado, is_delete, is_enabled, stock, id_color, id_producto, id_talla) VALUES (370, '2025-10-29 15:47:54', 'Nuevo', 0, 1, 35, 8, 33, 1);
INSERT INTO `tb_calzado` (id, created_at, estado, is_delete, is_enabled, stock, id_color, id_producto, id_talla) VALUES (371, '2025-10-29 15:47:54', 'Nuevo', 0, 1, 19, 5, 62, 9);
INSERT INTO `tb_calzado` (id, created_at, estado, is_delete, is_enabled, stock, id_color, id_producto, id_talla) VALUES (372, '2025-10-29 15:47:54', 'Nuevo', 0, 1, 8, 10, 158, 11);
INSERT INTO `tb_calzado` (id, created_at, estado, is_delete, is_enabled, stock, id_color, id_producto, id_talla) VALUES (373, '2025-10-29 15:47:54', 'Nuevo', 0, 1, 32, 15, 89, 5);
INSERT INTO `tb_calzado` (id, created_at, estado, is_delete, is_enabled, stock, id_color, id_producto, id_talla) VALUES (374, '2025-10-29 15:47:54', 'Nuevo', 0, 1, 6, 13, 85, 11);
INSERT INTO `tb_calzado` (id, created_at, estado, is_delete, is_enabled, stock, id_color, id_producto, id_talla) VALUES (375, '2025-10-29 15:47:54', 'Nuevo', 0, 1, 49, 13, 186, 12);
INSERT INTO `tb_calzado` (id, created_at, estado, is_delete, is_enabled, stock, id_color, id_producto, id_talla) VALUES (376, '2025-10-29 15:47:54', 'Nuevo', 0, 1, 36, 11, 132, 6);
INSERT INTO `tb_calzado` (id, created_at, estado, is_delete, is_enabled, stock, id_color, id_producto, id_talla) VALUES (377, '2025-10-29 15:47:54', 'Nuevo', 0, 1, 41, 2, 109, 7);
INSERT INTO `tb_calzado` (id, created_at, estado, is_delete, is_enabled, stock, id_color, id_producto, id_talla) VALUES (378, '2025-10-29 15:47:54', 'Nuevo', 0, 1, 50, 12, 64, 10);
INSERT INTO `tb_calzado` (id, created_at, estado, is_delete, is_enabled, stock, id_color, id_producto, id_talla) VALUES (379, '2025-10-29 15:47:54', 'Nuevo', 0, 1, 25, 3, 77, 7);
INSERT INTO `tb_calzado` (id, created_at, estado, is_delete, is_enabled, stock, id_color, id_producto, id_talla) VALUES (380, '2025-10-29 15:47:54', 'Nuevo', 0, 1, 31, 1, 53, 4);
INSERT INTO `tb_calzado` (id, created_at, estado, is_delete, is_enabled, stock, id_color, id_producto, id_talla) VALUES (381, '2025-10-29 15:47:54', 'Nuevo', 0, 1, 17, 15, 57, 12);
INSERT INTO `tb_calzado` (id, created_at, estado, is_delete, is_enabled, stock, id_color, id_producto, id_talla) VALUES (382, '2025-10-29 15:47:54', 'Nuevo', 0, 1, 27, 15, 162, 1);
INSERT INTO `tb_calzado` (id, created_at, estado, is_delete, is_enabled, stock, id_color, id_producto, id_talla) VALUES (383, '2025-10-29 15:47:54', 'Nuevo', 0, 1, 5, 7, 13, 9);
INSERT INTO `tb_calzado` (id, created_at, estado, is_delete, is_enabled, stock, id_color, id_producto, id_talla) VALUES (384, '2025-10-29 15:47:54', 'Nuevo', 0, 1, 17, 3, 10, 8);
INSERT INTO `tb_calzado` (id, created_at, estado, is_delete, is_enabled, stock, id_color, id_producto, id_talla) VALUES (385, '2025-10-29 15:47:54', 'Nuevo', 0, 1, 25, 10, 5, 12);
INSERT INTO `tb_calzado` (id, created_at, estado, is_delete, is_enabled, stock, id_color, id_producto, id_talla) VALUES (386, '2025-10-29 15:47:54', 'Nuevo', 0, 1, 16, 4, 96, 6);
INSERT INTO `tb_calzado` (id, created_at, estado, is_delete, is_enabled, stock, id_color, id_producto, id_talla) VALUES (387, '2025-10-29 15:47:54', 'Nuevo', 0, 1, 30, 4, 96, 6);
INSERT INTO `tb_calzado` (id, created_at, estado, is_delete, is_enabled, stock, id_color, id_producto, id_talla) VALUES (388, '2025-10-29 15:47:54', 'Nuevo', 0, 1, 30, 1, 157, 10);
INSERT INTO `tb_calzado` (id, created_at, estado, is_delete, is_enabled, stock, id_color, id_producto, id_talla) VALUES (389, '2025-10-29 15:47:54', 'Nuevo', 0, 1, 19, 3, 13, 7);
INSERT INTO `tb_calzado` (id, created_at, estado, is_delete, is_enabled, stock, id_color, id_producto, id_talla) VALUES (390, '2025-10-29 15:47:54', 'Nuevo', 0, 1, 18, 5, 78, 1);
INSERT INTO `tb_calzado` (id, created_at, estado, is_delete, is_enabled, stock, id_color, id_producto, id_talla) VALUES (391, '2025-10-29 15:47:54', 'Nuevo', 0, 1, 28, 7, 28, 4);
INSERT INTO `tb_calzado` (id, created_at, estado, is_delete, is_enabled, stock, id_color, id_producto, id_talla) VALUES (392, '2025-10-29 15:47:54', 'Nuevo', 0, 1, 26, 5, 47, 7);
INSERT INTO `tb_calzado` (id, created_at, estado, is_delete, is_enabled, stock, id_color, id_producto, id_talla) VALUES (393, '2025-10-29 15:47:54', 'Nuevo', 0, 1, 46, 7, 71, 2);
INSERT INTO `tb_calzado` (id, created_at, estado, is_delete, is_enabled, stock, id_color, id_producto, id_talla) VALUES (394, '2025-10-29 15:47:54', 'Nuevo', 0, 1, 39, 11, 176, 8);
INSERT INTO `tb_calzado` (id, created_at, estado, is_delete, is_enabled, stock, id_color, id_producto, id_talla) VALUES (395, '2025-10-29 15:47:54', 'Nuevo', 0, 1, 39, 2, 22, 10);
INSERT INTO `tb_calzado` (id, created_at, estado, is_delete, is_enabled, stock, id_color, id_producto, id_talla) VALUES (396, '2025-10-29 15:47:54', 'Nuevo', 0, 1, 33, 9, 54, 4);
INSERT INTO `tb_calzado` (id, created_at, estado, is_delete, is_enabled, stock, id_color, id_producto, id_talla) VALUES (397, '2025-10-29 15:47:54', 'Nuevo', 0, 1, 41, 14, 173, 10);
INSERT INTO `tb_calzado` (id, created_at, estado, is_delete, is_enabled, stock, id_color, id_producto, id_talla) VALUES (398, '2025-10-29 15:47:54', 'Nuevo', 0, 1, 15, 8, 113, 5);
INSERT INTO `tb_calzado` (id, created_at, estado, is_delete, is_enabled, stock, id_color, id_producto, id_talla) VALUES (399, '2025-10-29 15:47:54', 'Nuevo', 0, 1, 43, 14, 124, 4);
INSERT INTO `tb_calzado` (id, created_at, estado, is_delete, is_enabled, stock, id_color, id_producto, id_talla) VALUES (400, '2025-10-29 15:47:54', 'Nuevo', 0, 1, 12, 3, 104, 12);
INSERT INTO `tb_calzado` (id, created_at, estado, is_delete, is_enabled, stock, id_color, id_producto, id_talla) VALUES (401, '2025-10-29 15:47:54', 'Nuevo', 0, 1, 26, 11, 144, 11);
INSERT INTO `tb_calzado` (id, created_at, estado, is_delete, is_enabled, stock, id_color, id_producto, id_talla) VALUES (402, '2025-10-29 15:47:54', 'Nuevo', 0, 1, 44, 14, 196, 8);
INSERT INTO `tb_calzado` (id, created_at, estado, is_delete, is_enabled, stock, id_color, id_producto, id_talla) VALUES (403, '2025-10-29 15:47:54', 'Nuevo', 0, 1, 37, 4, 68, 4);
INSERT INTO `tb_calzado` (id, created_at, estado, is_delete, is_enabled, stock, id_color, id_producto, id_talla) VALUES (404, '2025-10-29 15:47:54', 'Nuevo', 0, 1, 39, 3, 36, 9);
INSERT INTO `tb_calzado` (id, created_at, estado, is_delete, is_enabled, stock, id_color, id_producto, id_talla) VALUES (405, '2025-10-29 15:47:54', 'Nuevo', 0, 1, 6, 3, 31, 12);
INSERT INTO `tb_calzado` (id, created_at, estado, is_delete, is_enabled, stock, id_color, id_producto, id_talla) VALUES (406, '2025-10-29 15:47:54', 'Nuevo', 0, 1, 42, 10, 82, 5);
INSERT INTO `tb_calzado` (id, created_at, estado, is_delete, is_enabled, stock, id_color, id_producto, id_talla) VALUES (407, '2025-10-29 15:47:54', 'Nuevo', 0, 1, 8, 12, 101, 3);
INSERT INTO `tb_calzado` (id, created_at, estado, is_delete, is_enabled, stock, id_color, id_producto, id_talla) VALUES (408, '2025-10-29 15:47:54', 'Nuevo', 0, 1, 48, 12, 154, 2);
INSERT INTO `tb_calzado` (id, created_at, estado, is_delete, is_enabled, stock, id_color, id_producto, id_talla) VALUES (409, '2025-10-29 15:47:54', 'Nuevo', 0, 1, 46, 12, 54, 3);
INSERT INTO `tb_calzado` (id, created_at, estado, is_delete, is_enabled, stock, id_color, id_producto, id_talla) VALUES (410, '2025-10-29 15:47:54', 'Nuevo', 0, 1, 8, 5, 116, 4);
INSERT INTO `tb_calzado` (id, created_at, estado, is_delete, is_enabled, stock, id_color, id_producto, id_talla) VALUES (411, '2025-10-29 15:47:54', 'Nuevo', 0, 1, 35, 13, 184, 10);
INSERT INTO `tb_calzado` (id, created_at, estado, is_delete, is_enabled, stock, id_color, id_producto, id_talla) VALUES (412, '2025-10-29 15:47:54', 'Nuevo', 0, 1, 39, 12, 41, 2);
INSERT INTO `tb_calzado` (id, created_at, estado, is_delete, is_enabled, stock, id_color, id_producto, id_talla) VALUES (413, '2025-10-29 15:47:54', 'Nuevo', 0, 1, 8, 13, 2, 3);
INSERT INTO `tb_calzado` (id, created_at, estado, is_delete, is_enabled, stock, id_color, id_producto, id_talla) VALUES (414, '2025-10-29 15:47:54', 'Nuevo', 0, 1, 23, 11, 166, 1);
INSERT INTO `tb_calzado` (id, created_at, estado, is_delete, is_enabled, stock, id_color, id_producto, id_talla) VALUES (415, '2025-10-29 15:47:54', 'Nuevo', 0, 1, 30, 12, 20, 5);
INSERT INTO `tb_calzado` (id, created_at, estado, is_delete, is_enabled, stock, id_color, id_producto, id_talla) VALUES (416, '2025-10-29 15:47:54', 'Nuevo', 0, 1, 36, 13, 70, 2);
INSERT INTO `tb_calzado` (id, created_at, estado, is_delete, is_enabled, stock, id_color, id_producto, id_talla) VALUES (417, '2025-10-29 15:47:54', 'Nuevo', 0, 1, 20, 4, 24, 3);
INSERT INTO `tb_calzado` (id, created_at, estado, is_delete, is_enabled, stock, id_color, id_producto, id_talla) VALUES (418, '2025-10-29 15:47:54', 'Nuevo', 0, 1, 22, 4, 147, 10);
INSERT INTO `tb_calzado` (id, created_at, estado, is_delete, is_enabled, stock, id_color, id_producto, id_talla) VALUES (419, '2025-10-29 15:47:54', 'Nuevo', 0, 1, 21, 10, 90, 8);
INSERT INTO `tb_calzado` (id, created_at, estado, is_delete, is_enabled, stock, id_color, id_producto, id_talla) VALUES (420, '2025-10-29 15:47:54', 'Nuevo', 0, 1, 50, 3, 62, 9);
INSERT INTO `tb_calzado` (id, created_at, estado, is_delete, is_enabled, stock, id_color, id_producto, id_talla) VALUES (421, '2025-10-29 15:47:54', 'Nuevo', 0, 1, 41, 13, 53, 3);
INSERT INTO `tb_calzado` (id, created_at, estado, is_delete, is_enabled, stock, id_color, id_producto, id_talla) VALUES (422, '2025-10-29 15:47:54', 'Nuevo', 0, 1, 44, 2, 105, 2);
INSERT INTO `tb_calzado` (id, created_at, estado, is_delete, is_enabled, stock, id_color, id_producto, id_talla) VALUES (423, '2025-10-29 15:47:54', 'Nuevo', 0, 1, 25, 1, 70, 6);
INSERT INTO `tb_calzado` (id, created_at, estado, is_delete, is_enabled, stock, id_color, id_producto, id_talla) VALUES (424, '2025-10-29 15:47:54', 'Nuevo', 0, 1, 43, 12, 186, 11);
INSERT INTO `tb_calzado` (id, created_at, estado, is_delete, is_enabled, stock, id_color, id_producto, id_talla) VALUES (425, '2025-10-29 15:47:54', 'Nuevo', 0, 1, 32, 14, 145, 4);
INSERT INTO `tb_calzado` (id, created_at, estado, is_delete, is_enabled, stock, id_color, id_producto, id_talla) VALUES (426, '2025-10-29 15:47:54', 'Nuevo', 0, 1, 44, 12, 12, 1);
INSERT INTO `tb_calzado` (id, created_at, estado, is_delete, is_enabled, stock, id_color, id_producto, id_talla) VALUES (427, '2025-10-29 15:47:54', 'Nuevo', 0, 1, 8, 11, 161, 6);
INSERT INTO `tb_calzado` (id, created_at, estado, is_delete, is_enabled, stock, id_color, id_producto, id_talla) VALUES (428, '2025-10-29 15:47:54', 'Nuevo', 0, 1, 49, 14, 196, 7);
INSERT INTO `tb_calzado` (id, created_at, estado, is_delete, is_enabled, stock, id_color, id_producto, id_talla) VALUES (429, '2025-10-29 15:47:54', 'Nuevo', 0, 1, 41, 15, 146, 8);
INSERT INTO `tb_calzado` (id, created_at, estado, is_delete, is_enabled, stock, id_color, id_producto, id_talla) VALUES (430, '2025-10-29 15:47:54', 'Nuevo', 0, 1, 36, 11, 49, 12);
INSERT INTO `tb_calzado` (id, created_at, estado, is_delete, is_enabled, stock, id_color, id_producto, id_talla) VALUES (431, '2025-10-29 15:47:54', 'Nuevo', 0, 1, 32, 9, 20, 11);
INSERT INTO `tb_calzado` (id, created_at, estado, is_delete, is_enabled, stock, id_color, id_producto, id_talla) VALUES (432, '2025-10-29 15:47:54', 'Nuevo', 0, 1, 43, 8, 102, 5);
INSERT INTO `tb_calzado` (id, created_at, estado, is_delete, is_enabled, stock, id_color, id_producto, id_talla) VALUES (433, '2025-10-29 15:47:54', 'Nuevo', 0, 1, 28, 1, 108, 5);
INSERT INTO `tb_calzado` (id, created_at, estado, is_delete, is_enabled, stock, id_color, id_producto, id_talla) VALUES (434, '2025-10-29 15:47:54', 'Nuevo', 0, 1, 45, 9, 72, 6);
INSERT INTO `tb_calzado` (id, created_at, estado, is_delete, is_enabled, stock, id_color, id_producto, id_talla) VALUES (435, '2025-10-29 15:47:54', 'Nuevo', 0, 1, 12, 3, 103, 11);
INSERT INTO `tb_calzado` (id, created_at, estado, is_delete, is_enabled, stock, id_color, id_producto, id_talla) VALUES (436, '2025-10-29 15:47:54', 'Nuevo', 0, 1, 14, 3, 8, 5);
INSERT INTO `tb_calzado` (id, created_at, estado, is_delete, is_enabled, stock, id_color, id_producto, id_talla) VALUES (437, '2025-10-29 15:47:54', 'Nuevo', 0, 1, 31, 15, 107, 12);
INSERT INTO `tb_calzado` (id, created_at, estado, is_delete, is_enabled, stock, id_color, id_producto, id_talla) VALUES (438, '2025-10-29 15:47:54', 'Nuevo', 0, 1, 32, 6, 189, 11);
INSERT INTO `tb_calzado` (id, created_at, estado, is_delete, is_enabled, stock, id_color, id_producto, id_talla) VALUES (439, '2025-10-29 15:47:54', 'Nuevo', 0, 1, 7, 15, 182, 2);
INSERT INTO `tb_calzado` (id, created_at, estado, is_delete, is_enabled, stock, id_color, id_producto, id_talla) VALUES (440, '2025-10-29 15:47:54', 'Nuevo', 0, 1, 20, 5, 181, 1);
INSERT INTO `tb_calzado` (id, created_at, estado, is_delete, is_enabled, stock, id_color, id_producto, id_talla) VALUES (441, '2025-10-29 15:47:54', 'Nuevo', 0, 1, 28, 13, 93, 5);
INSERT INTO `tb_calzado` (id, created_at, estado, is_delete, is_enabled, stock, id_color, id_producto, id_talla) VALUES (442, '2025-10-29 15:47:54', 'Nuevo', 0, 1, 9, 12, 128, 6);
INSERT INTO `tb_calzado` (id, created_at, estado, is_delete, is_enabled, stock, id_color, id_producto, id_talla) VALUES (443, '2025-10-29 15:47:54', 'Nuevo', 0, 1, 9, 6, 111, 11);
INSERT INTO `tb_calzado` (id, created_at, estado, is_delete, is_enabled, stock, id_color, id_producto, id_talla) VALUES (444, '2025-10-29 15:47:54', 'Nuevo', 0, 1, 16, 6, 91, 4);
INSERT INTO `tb_calzado` (id, created_at, estado, is_delete, is_enabled, stock, id_color, id_producto, id_talla) VALUES (445, '2025-10-29 15:47:54', 'Nuevo', 0, 1, 43, 10, 16, 3);
INSERT INTO `tb_calzado` (id, created_at, estado, is_delete, is_enabled, stock, id_color, id_producto, id_talla) VALUES (446, '2025-10-29 15:47:54', 'Nuevo', 0, 1, 7, 13, 191, 7);
INSERT INTO `tb_calzado` (id, created_at, estado, is_delete, is_enabled, stock, id_color, id_producto, id_talla) VALUES (447, '2025-10-29 15:47:54', 'Nuevo', 0, 1, 18, 2, 190, 10);
INSERT INTO `tb_calzado` (id, created_at, estado, is_delete, is_enabled, stock, id_color, id_producto, id_talla) VALUES (448, '2025-10-29 15:47:54', 'Nuevo', 0, 1, 12, 12, 151, 1);
INSERT INTO `tb_calzado` (id, created_at, estado, is_delete, is_enabled, stock, id_color, id_producto, id_talla) VALUES (449, '2025-10-29 15:47:54', 'Nuevo', 0, 1, 8, 9, 137, 11);
INSERT INTO `tb_calzado` (id, created_at, estado, is_delete, is_enabled, stock, id_color, id_producto, id_talla) VALUES (450, '2025-10-29 15:47:54', 'Nuevo', 0, 1, 19, 8, 143, 7);
INSERT INTO `tb_calzado` (id, created_at, estado, is_delete, is_enabled, stock, id_color, id_producto, id_talla) VALUES (451, '2025-10-29 15:47:54', 'Nuevo', 0, 1, 37, 3, 27, 8);
INSERT INTO `tb_calzado` (id, created_at, estado, is_delete, is_enabled, stock, id_color, id_producto, id_talla) VALUES (452, '2025-10-29 15:47:54', 'Nuevo', 0, 1, 46, 3, 151, 1);
INSERT INTO `tb_calzado` (id, created_at, estado, is_delete, is_enabled, stock, id_color, id_producto, id_talla) VALUES (453, '2025-10-29 15:47:54', 'Nuevo', 0, 1, 16, 9, 181, 6);
INSERT INTO `tb_calzado` (id, created_at, estado, is_delete, is_enabled, stock, id_color, id_producto, id_talla) VALUES (454, '2025-10-29 15:47:54', 'Nuevo', 0, 1, 10, 7, 181, 10);
INSERT INTO `tb_calzado` (id, created_at, estado, is_delete, is_enabled, stock, id_color, id_producto, id_talla) VALUES (455, '2025-10-29 15:47:54', 'Nuevo', 0, 1, 50, 8, 161, 1);
INSERT INTO `tb_calzado` (id, created_at, estado, is_delete, is_enabled, stock, id_color, id_producto, id_talla) VALUES (456, '2025-10-29 15:47:54', 'Nuevo', 0, 1, 28, 8, 190, 8);
INSERT INTO `tb_calzado` (id, created_at, estado, is_delete, is_enabled, stock, id_color, id_producto, id_talla) VALUES (457, '2025-10-29 15:47:54', 'Nuevo', 0, 1, 29, 4, 9, 7);
INSERT INTO `tb_calzado` (id, created_at, estado, is_delete, is_enabled, stock, id_color, id_producto, id_talla) VALUES (458, '2025-10-29 15:47:54', 'Nuevo', 0, 1, 26, 15, 110, 10);
INSERT INTO `tb_calzado` (id, created_at, estado, is_delete, is_enabled, stock, id_color, id_producto, id_talla) VALUES (459, '2025-10-29 15:47:54', 'Nuevo', 0, 1, 36, 7, 38, 9);
INSERT INTO `tb_calzado` (id, created_at, estado, is_delete, is_enabled, stock, id_color, id_producto, id_talla) VALUES (460, '2025-10-29 15:47:54', 'Nuevo', 0, 1, 36, 2, 87, 2);
INSERT INTO `tb_calzado` (id, created_at, estado, is_delete, is_enabled, stock, id_color, id_producto, id_talla) VALUES (461, '2025-10-29 15:47:54', 'Nuevo', 0, 1, 43, 15, 25, 9);
INSERT INTO `tb_calzado` (id, created_at, estado, is_delete, is_enabled, stock, id_color, id_producto, id_talla) VALUES (462, '2025-10-29 15:47:54', 'Nuevo', 0, 1, 33, 11, 185, 7);
INSERT INTO `tb_calzado` (id, created_at, estado, is_delete, is_enabled, stock, id_color, id_producto, id_talla) VALUES (463, '2025-10-29 15:47:54', 'Nuevo', 0, 1, 48, 2, 196, 2);
INSERT INTO `tb_calzado` (id, created_at, estado, is_delete, is_enabled, stock, id_color, id_producto, id_talla) VALUES (464, '2025-10-29 15:47:54', 'Nuevo', 0, 1, 48, 1, 192, 12);
INSERT INTO `tb_calzado` (id, created_at, estado, is_delete, is_enabled, stock, id_color, id_producto, id_talla) VALUES (465, '2025-10-29 15:47:54', 'Nuevo', 0, 1, 11, 12, 175, 2);
INSERT INTO `tb_calzado` (id, created_at, estado, is_delete, is_enabled, stock, id_color, id_producto, id_talla) VALUES (466, '2025-10-29 15:47:54', 'Nuevo', 0, 1, 32, 2, 199, 9);
INSERT INTO `tb_calzado` (id, created_at, estado, is_delete, is_enabled, stock, id_color, id_producto, id_talla) VALUES (467, '2025-10-29 15:47:54', 'Nuevo', 0, 1, 22, 2, 24, 4);
INSERT INTO `tb_calzado` (id, created_at, estado, is_delete, is_enabled, stock, id_color, id_producto, id_talla) VALUES (468, '2025-10-29 15:47:54', 'Nuevo', 0, 1, 29, 3, 139, 8);
INSERT INTO `tb_calzado` (id, created_at, estado, is_delete, is_enabled, stock, id_color, id_producto, id_talla) VALUES (469, '2025-10-29 15:47:54', 'Nuevo', 0, 1, 17, 2, 99, 4);
INSERT INTO `tb_calzado` (id, created_at, estado, is_delete, is_enabled, stock, id_color, id_producto, id_talla) VALUES (470, '2025-10-29 15:47:54', 'Nuevo', 0, 1, 16, 8, 158, 11);
INSERT INTO `tb_calzado` (id, created_at, estado, is_delete, is_enabled, stock, id_color, id_producto, id_talla) VALUES (471, '2025-10-29 15:47:54', 'Nuevo', 0, 1, 16, 9, 121, 3);
INSERT INTO `tb_calzado` (id, created_at, estado, is_delete, is_enabled, stock, id_color, id_producto, id_talla) VALUES (472, '2025-10-29 15:47:54', 'Nuevo', 0, 1, 16, 5, 91, 8);
INSERT INTO `tb_calzado` (id, created_at, estado, is_delete, is_enabled, stock, id_color, id_producto, id_talla) VALUES (473, '2025-10-29 15:47:54', 'Nuevo', 0, 1, 50, 2, 42, 6);
INSERT INTO `tb_calzado` (id, created_at, estado, is_delete, is_enabled, stock, id_color, id_producto, id_talla) VALUES (474, '2025-10-29 15:47:54', 'Nuevo', 0, 1, 23, 12, 139, 4);
INSERT INTO `tb_calzado` (id, created_at, estado, is_delete, is_enabled, stock, id_color, id_producto, id_talla) VALUES (475, '2025-10-29 15:47:54', 'Nuevo', 0, 1, 30, 5, 184, 3);
INSERT INTO `tb_calzado` (id, created_at, estado, is_delete, is_enabled, stock, id_color, id_producto, id_talla) VALUES (476, '2025-10-29 15:47:54', 'Nuevo', 0, 1, 31, 7, 51, 4);
INSERT INTO `tb_calzado` (id, created_at, estado, is_delete, is_enabled, stock, id_color, id_producto, id_talla) VALUES (477, '2025-10-29 15:47:54', 'Nuevo', 0, 1, 40, 13, 168, 10);
INSERT INTO `tb_calzado` (id, created_at, estado, is_delete, is_enabled, stock, id_color, id_producto, id_talla) VALUES (478, '2025-10-29 15:47:54', 'Nuevo', 0, 1, 28, 4, 18, 7);
INSERT INTO `tb_calzado` (id, created_at, estado, is_delete, is_enabled, stock, id_color, id_producto, id_talla) VALUES (479, '2025-10-29 15:47:54', 'Nuevo', 0, 1, 8, 13, 162, 5);
INSERT INTO `tb_calzado` (id, created_at, estado, is_delete, is_enabled, stock, id_color, id_producto, id_talla) VALUES (480, '2025-10-29 15:47:54', 'Nuevo', 0, 1, 11, 12, 20, 1);
INSERT INTO `tb_calzado` (id, created_at, estado, is_delete, is_enabled, stock, id_color, id_producto, id_talla) VALUES (481, '2025-10-29 15:47:54', 'Nuevo', 0, 1, 7, 11, 20, 2);
INSERT INTO `tb_calzado` (id, created_at, estado, is_delete, is_enabled, stock, id_color, id_producto, id_talla) VALUES (482, '2025-10-29 15:47:54', 'Nuevo', 0, 1, 38, 8, 98, 1);
INSERT INTO `tb_calzado` (id, created_at, estado, is_delete, is_enabled, stock, id_color, id_producto, id_talla) VALUES (483, '2025-10-29 15:47:54', 'Nuevo', 0, 1, 42, 5, 127, 1);
INSERT INTO `tb_calzado` (id, created_at, estado, is_delete, is_enabled, stock, id_color, id_producto, id_talla) VALUES (484, '2025-10-29 15:47:54', 'Nuevo', 0, 1, 14, 12, 87, 8);
INSERT INTO `tb_calzado` (id, created_at, estado, is_delete, is_enabled, stock, id_color, id_producto, id_talla) VALUES (485, '2025-10-29 15:47:54', 'Nuevo', 0, 1, 30, 13, 27, 11);
INSERT INTO `tb_calzado` (id, created_at, estado, is_delete, is_enabled, stock, id_color, id_producto, id_talla) VALUES (486, '2025-10-29 15:47:54', 'Nuevo', 0, 1, 29, 1, 173, 8);
INSERT INTO `tb_calzado` (id, created_at, estado, is_delete, is_enabled, stock, id_color, id_producto, id_talla) VALUES (487, '2025-10-29 15:47:54', 'Nuevo', 0, 1, 29, 1, 180, 3);
INSERT INTO `tb_calzado` (id, created_at, estado, is_delete, is_enabled, stock, id_color, id_producto, id_talla) VALUES (488, '2025-10-29 15:47:54', 'Nuevo', 0, 1, 24, 10, 129, 1);
INSERT INTO `tb_calzado` (id, created_at, estado, is_delete, is_enabled, stock, id_color, id_producto, id_talla) VALUES (489, '2025-10-29 15:47:54', 'Nuevo', 0, 1, 34, 5, 156, 5);
INSERT INTO `tb_calzado` (id, created_at, estado, is_delete, is_enabled, stock, id_color, id_producto, id_talla) VALUES (490, '2025-10-29 15:47:54', 'Nuevo', 0, 1, 22, 14, 41, 4);
INSERT INTO `tb_calzado` (id, created_at, estado, is_delete, is_enabled, stock, id_color, id_producto, id_talla) VALUES (491, '2025-10-29 15:47:54', 'Nuevo', 0, 1, 47, 10, 42, 4);
INSERT INTO `tb_calzado` (id, created_at, estado, is_delete, is_enabled, stock, id_color, id_producto, id_talla) VALUES (492, '2025-10-29 15:47:54', 'Nuevo', 0, 1, 6, 13, 69, 5);
INSERT INTO `tb_calzado` (id, created_at, estado, is_delete, is_enabled, stock, id_color, id_producto, id_talla) VALUES (493, '2025-10-29 15:47:54', 'Nuevo', 0, 1, 37, 10, 88, 4);
INSERT INTO `tb_calzado` (id, created_at, estado, is_delete, is_enabled, stock, id_color, id_producto, id_talla) VALUES (494, '2025-10-29 15:47:54', 'Nuevo', 0, 1, 23, 6, 85, 6);
INSERT INTO `tb_calzado` (id, created_at, estado, is_delete, is_enabled, stock, id_color, id_producto, id_talla) VALUES (495, '2025-10-29 15:47:54', 'Nuevo', 0, 1, 33, 5, 166, 3);
INSERT INTO `tb_calzado` (id, created_at, estado, is_delete, is_enabled, stock, id_color, id_producto, id_talla) VALUES (496, '2025-10-29 15:47:54', 'Nuevo', 0, 1, 28, 1, 41, 10);
INSERT INTO `tb_calzado` (id, created_at, estado, is_delete, is_enabled, stock, id_color, id_producto, id_talla) VALUES (497, '2025-10-29 15:47:54', 'Nuevo', 0, 1, 21, 3, 144, 8);
INSERT INTO `tb_calzado` (id, created_at, estado, is_delete, is_enabled, stock, id_color, id_producto, id_talla) VALUES (498, '2025-10-29 15:47:54', 'Nuevo', 0, 1, 39, 3, 62, 1);
INSERT INTO `tb_calzado` (id, created_at, estado, is_delete, is_enabled, stock, id_color, id_producto, id_talla) VALUES (499, '2025-10-29 15:47:54', 'Nuevo', 0, 1, 38, 11, 131, 8);
INSERT INTO `tb_calzado` (id, created_at, estado, is_delete, is_enabled, stock, id_color, id_producto, id_talla) VALUES (500, '2025-10-29 15:47:54', 'Nuevo', 0, 1, 28, 6, 178, 9);
INSERT INTO `tb_calzado` (id, created_at, estado, is_delete, is_enabled, stock, id_color, id_producto, id_talla) VALUES (501, '2025-10-29 15:47:54', 'Nuevo', 0, 1, 45, 14, 88, 12);
INSERT INTO `tb_calzado` (id, created_at, estado, is_delete, is_enabled, stock, id_color, id_producto, id_talla) VALUES (502, '2025-10-29 15:47:54', 'Nuevo', 0, 1, 20, 3, 174, 4);
INSERT INTO `tb_calzado` (id, created_at, estado, is_delete, is_enabled, stock, id_color, id_producto, id_talla) VALUES (503, '2025-10-29 15:47:54', 'Nuevo', 0, 1, 46, 1, 41, 9);
INSERT INTO `tb_calzado` (id, created_at, estado, is_delete, is_enabled, stock, id_color, id_producto, id_talla) VALUES (504, '2025-10-29 15:47:54', 'Nuevo', 0, 1, 16, 4, 101, 4);
INSERT INTO `tb_calzado` (id, created_at, estado, is_delete, is_enabled, stock, id_color, id_producto, id_talla) VALUES (505, '2025-10-29 15:47:54', 'Nuevo', 0, 1, 18, 7, 83, 8);
INSERT INTO `tb_calzado` (id, created_at, estado, is_delete, is_enabled, stock, id_color, id_producto, id_talla) VALUES (506, '2025-10-29 15:47:54', 'Nuevo', 0, 1, 17, 15, 165, 9);
INSERT INTO `tb_calzado` (id, created_at, estado, is_delete, is_enabled, stock, id_color, id_producto, id_talla) VALUES (507, '2025-10-29 15:47:54', 'Nuevo', 0, 1, 22, 8, 140, 10);
INSERT INTO `tb_calzado` (id, created_at, estado, is_delete, is_enabled, stock, id_color, id_producto, id_talla) VALUES (508, '2025-10-29 15:47:54', 'Nuevo', 0, 1, 22, 9, 113, 2);
INSERT INTO `tb_calzado` (id, created_at, estado, is_delete, is_enabled, stock, id_color, id_producto, id_talla) VALUES (509, '2025-10-29 15:47:54', 'Nuevo', 0, 1, 12, 13, 56, 9);
INSERT INTO `tb_calzado` (id, created_at, estado, is_delete, is_enabled, stock, id_color, id_producto, id_talla) VALUES (510, '2025-10-29 15:47:54', 'Nuevo', 0, 1, 19, 11, 168, 5);
INSERT INTO `tb_calzado` (id, created_at, estado, is_delete, is_enabled, stock, id_color, id_producto, id_talla) VALUES (511, '2025-10-29 15:47:54', 'Nuevo', 0, 1, 45, 2, 165, 10);
INSERT INTO `tb_calzado` (id, created_at, estado, is_delete, is_enabled, stock, id_color, id_producto, id_talla) VALUES (512, '2025-10-29 15:47:54', 'Nuevo', 0, 1, 19, 6, 166, 4);
INSERT INTO `tb_calzado` (id, created_at, estado, is_delete, is_enabled, stock, id_color, id_producto, id_talla) VALUES (513, '2025-10-29 15:47:54', 'Nuevo', 0, 1, 8, 12, 106, 10);
INSERT INTO `tb_calzado` (id, created_at, estado, is_delete, is_enabled, stock, id_color, id_producto, id_talla) VALUES (514, '2025-10-29 15:47:54', 'Nuevo', 0, 1, 5, 12, 84, 2);
INSERT INTO `tb_calzado` (id, created_at, estado, is_delete, is_enabled, stock, id_color, id_producto, id_talla) VALUES (515, '2025-10-29 15:47:54', 'Nuevo', 0, 1, 24, 8, 1, 6);
INSERT INTO `tb_calzado` (id, created_at, estado, is_delete, is_enabled, stock, id_color, id_producto, id_talla) VALUES (516, '2025-10-29 15:47:54', 'Nuevo', 0, 1, 23, 3, 173, 12);
INSERT INTO `tb_calzado` (id, created_at, estado, is_delete, is_enabled, stock, id_color, id_producto, id_talla) VALUES (517, '2025-10-29 15:47:54', 'Nuevo', 0, 1, 16, 11, 42, 12);
INSERT INTO `tb_calzado` (id, created_at, estado, is_delete, is_enabled, stock, id_color, id_producto, id_talla) VALUES (518, '2025-10-29 15:47:54', 'Nuevo', 0, 1, 21, 11, 45, 7);
INSERT INTO `tb_calzado` (id, created_at, estado, is_delete, is_enabled, stock, id_color, id_producto, id_talla) VALUES (519, '2025-10-29 15:47:54', 'Nuevo', 0, 1, 30, 5, 129, 1);
INSERT INTO `tb_calzado` (id, created_at, estado, is_delete, is_enabled, stock, id_color, id_producto, id_talla) VALUES (520, '2025-10-29 15:47:54', 'Nuevo', 0, 1, 48, 7, 93, 10);
INSERT INTO `tb_calzado` (id, created_at, estado, is_delete, is_enabled, stock, id_color, id_producto, id_talla) VALUES (521, '2025-10-29 15:47:54', 'Nuevo', 0, 1, 31, 11, 10, 6);
INSERT INTO `tb_calzado` (id, created_at, estado, is_delete, is_enabled, stock, id_color, id_producto, id_talla) VALUES (522, '2025-10-29 15:47:54', 'Nuevo', 0, 1, 37, 12, 7, 2);
INSERT INTO `tb_calzado` (id, created_at, estado, is_delete, is_enabled, stock, id_color, id_producto, id_talla) VALUES (523, '2025-10-29 15:47:54', 'Nuevo', 0, 1, 22, 5, 98, 8);
INSERT INTO `tb_calzado` (id, created_at, estado, is_delete, is_enabled, stock, id_color, id_producto, id_talla) VALUES (524, '2025-10-29 15:47:54', 'Nuevo', 0, 1, 16, 1, 182, 1);
INSERT INTO `tb_calzado` (id, created_at, estado, is_delete, is_enabled, stock, id_color, id_producto, id_talla) VALUES (525, '2025-10-29 15:47:54', 'Nuevo', 0, 1, 8, 13, 79, 11);
INSERT INTO `tb_calzado` (id, created_at, estado, is_delete, is_enabled, stock, id_color, id_producto, id_talla) VALUES (526, '2025-10-29 15:47:54', 'Nuevo', 0, 1, 49, 13, 113, 6);
INSERT INTO `tb_calzado` (id, created_at, estado, is_delete, is_enabled, stock, id_color, id_producto, id_talla) VALUES (527, '2025-10-29 15:47:54', 'Nuevo', 0, 1, 7, 1, 147, 12);
INSERT INTO `tb_calzado` (id, created_at, estado, is_delete, is_enabled, stock, id_color, id_producto, id_talla) VALUES (528, '2025-10-29 15:47:54', 'Nuevo', 0, 1, 19, 12, 111, 11);
INSERT INTO `tb_calzado` (id, created_at, estado, is_delete, is_enabled, stock, id_color, id_producto, id_talla) VALUES (529, '2025-10-29 15:47:54', 'Nuevo', 0, 1, 15, 9, 140, 5);
INSERT INTO `tb_calzado` (id, created_at, estado, is_delete, is_enabled, stock, id_color, id_producto, id_talla) VALUES (530, '2025-10-29 15:47:54', 'Nuevo', 0, 1, 7, 3, 29, 7);
INSERT INTO `tb_calzado` (id, created_at, estado, is_delete, is_enabled, stock, id_color, id_producto, id_talla) VALUES (531, '2025-10-29 15:47:54', 'Nuevo', 0, 1, 49, 7, 37, 6);
INSERT INTO `tb_calzado` (id, created_at, estado, is_delete, is_enabled, stock, id_color, id_producto, id_talla) VALUES (532, '2025-10-29 15:47:54', 'Nuevo', 0, 1, 32, 10, 7, 12);
INSERT INTO `tb_calzado` (id, created_at, estado, is_delete, is_enabled, stock, id_color, id_producto, id_talla) VALUES (533, '2025-10-29 15:47:54', 'Nuevo', 0, 1, 44, 1, 28, 7);
INSERT INTO `tb_calzado` (id, created_at, estado, is_delete, is_enabled, stock, id_color, id_producto, id_talla) VALUES (534, '2025-10-29 15:47:54', 'Nuevo', 0, 1, 25, 12, 10, 12);
INSERT INTO `tb_calzado` (id, created_at, estado, is_delete, is_enabled, stock, id_color, id_producto, id_talla) VALUES (535, '2025-10-29 15:47:54', 'Nuevo', 0, 1, 42, 6, 145, 10);
INSERT INTO `tb_calzado` (id, created_at, estado, is_delete, is_enabled, stock, id_color, id_producto, id_talla) VALUES (536, '2025-10-29 15:47:54', 'Nuevo', 0, 1, 23, 6, 20, 10);
INSERT INTO `tb_calzado` (id, created_at, estado, is_delete, is_enabled, stock, id_color, id_producto, id_talla) VALUES (537, '2025-10-29 15:47:54', 'Nuevo', 0, 1, 22, 1, 125, 5);
INSERT INTO `tb_calzado` (id, created_at, estado, is_delete, is_enabled, stock, id_color, id_producto, id_talla) VALUES (538, '2025-10-29 15:47:54', 'Nuevo', 0, 1, 26, 3, 37, 9);
INSERT INTO `tb_calzado` (id, created_at, estado, is_delete, is_enabled, stock, id_color, id_producto, id_talla) VALUES (539, '2025-10-29 15:47:54', 'Nuevo', 0, 1, 17, 13, 135, 7);
INSERT INTO `tb_calzado` (id, created_at, estado, is_delete, is_enabled, stock, id_color, id_producto, id_talla) VALUES (540, '2025-10-29 15:47:54', 'Nuevo', 0, 1, 46, 2, 112, 2);
INSERT INTO `tb_calzado` (id, created_at, estado, is_delete, is_enabled, stock, id_color, id_producto, id_talla) VALUES (541, '2025-10-29 15:47:54', 'Nuevo', 0, 1, 12, 11, 129, 8);
INSERT INTO `tb_calzado` (id, created_at, estado, is_delete, is_enabled, stock, id_color, id_producto, id_talla) VALUES (542, '2025-10-29 15:47:54', 'Nuevo', 0, 1, 46, 3, 112, 2);
INSERT INTO `tb_calzado` (id, created_at, estado, is_delete, is_enabled, stock, id_color, id_producto, id_talla) VALUES (543, '2025-10-29 15:47:54', 'Nuevo', 0, 1, 27, 8, 94, 7);
INSERT INTO `tb_calzado` (id, created_at, estado, is_delete, is_enabled, stock, id_color, id_producto, id_talla) VALUES (544, '2025-10-29 15:47:54', 'Nuevo', 0, 1, 47, 6, 19, 12);
INSERT INTO `tb_calzado` (id, created_at, estado, is_delete, is_enabled, stock, id_color, id_producto, id_talla) VALUES (545, '2025-10-29 15:47:54', 'Nuevo', 0, 1, 43, 12, 150, 7);
INSERT INTO `tb_calzado` (id, created_at, estado, is_delete, is_enabled, stock, id_color, id_producto, id_talla) VALUES (546, '2025-10-29 15:47:54', 'Nuevo', 0, 1, 7, 9, 102, 4);
INSERT INTO `tb_calzado` (id, created_at, estado, is_delete, is_enabled, stock, id_color, id_producto, id_talla) VALUES (547, '2025-10-29 15:47:54', 'Nuevo', 0, 1, 7, 5, 91, 4);
INSERT INTO `tb_calzado` (id, created_at, estado, is_delete, is_enabled, stock, id_color, id_producto, id_talla) VALUES (548, '2025-10-29 15:47:54', 'Nuevo', 0, 1, 48, 10, 109, 9);
INSERT INTO `tb_calzado` (id, created_at, estado, is_delete, is_enabled, stock, id_color, id_producto, id_talla) VALUES (549, '2025-10-29 15:47:54', 'Nuevo', 0, 1, 8, 6, 123, 9);
INSERT INTO `tb_calzado` (id, created_at, estado, is_delete, is_enabled, stock, id_color, id_producto, id_talla) VALUES (550, '2025-10-29 15:47:54', 'Nuevo', 0, 1, 37, 1, 177, 5);
INSERT INTO `tb_calzado` (id, created_at, estado, is_delete, is_enabled, stock, id_color, id_producto, id_talla) VALUES (551, '2025-10-29 15:47:54', 'Nuevo', 0, 1, 40, 8, 196, 7);
INSERT INTO `tb_calzado` (id, created_at, estado, is_delete, is_enabled, stock, id_color, id_producto, id_talla) VALUES (552, '2025-10-29 15:47:54', 'Nuevo', 0, 1, 8, 8, 71, 1);
INSERT INTO `tb_calzado` (id, created_at, estado, is_delete, is_enabled, stock, id_color, id_producto, id_talla) VALUES (553, '2025-10-29 15:47:54', 'Nuevo', 0, 1, 40, 8, 46, 8);
INSERT INTO `tb_calzado` (id, created_at, estado, is_delete, is_enabled, stock, id_color, id_producto, id_talla) VALUES (554, '2025-10-29 15:47:54', 'Nuevo', 0, 1, 42, 2, 4, 7);
INSERT INTO `tb_calzado` (id, created_at, estado, is_delete, is_enabled, stock, id_color, id_producto, id_talla) VALUES (555, '2025-10-29 15:47:54', 'Nuevo', 0, 1, 19, 1, 39, 9);
INSERT INTO `tb_calzado` (id, created_at, estado, is_delete, is_enabled, stock, id_color, id_producto, id_talla) VALUES (556, '2025-10-29 15:47:54', 'Nuevo', 0, 1, 31, 15, 110, 7);
INSERT INTO `tb_calzado` (id, created_at, estado, is_delete, is_enabled, stock, id_color, id_producto, id_talla) VALUES (557, '2025-10-29 15:47:54', 'Nuevo', 0, 1, 48, 2, 104, 2);
INSERT INTO `tb_calzado` (id, created_at, estado, is_delete, is_enabled, stock, id_color, id_producto, id_talla) VALUES (558, '2025-10-29 15:47:54', 'Nuevo', 0, 1, 21, 15, 95, 10);
INSERT INTO `tb_calzado` (id, created_at, estado, is_delete, is_enabled, stock, id_color, id_producto, id_talla) VALUES (559, '2025-10-29 15:47:54', 'Nuevo', 0, 1, 38, 2, 103, 5);
INSERT INTO `tb_calzado` (id, created_at, estado, is_delete, is_enabled, stock, id_color, id_producto, id_talla) VALUES (560, '2025-10-29 15:47:54', 'Nuevo', 0, 1, 45, 14, 69, 9);
INSERT INTO `tb_calzado` (id, created_at, estado, is_delete, is_enabled, stock, id_color, id_producto, id_talla) VALUES (561, '2025-10-29 15:47:54', 'Nuevo', 0, 1, 16, 9, 72, 4);
INSERT INTO `tb_calzado` (id, created_at, estado, is_delete, is_enabled, stock, id_color, id_producto, id_talla) VALUES (562, '2025-10-29 15:47:54', 'Nuevo', 0, 1, 20, 10, 73, 10);
INSERT INTO `tb_calzado` (id, created_at, estado, is_delete, is_enabled, stock, id_color, id_producto, id_talla) VALUES (563, '2025-10-29 15:47:54', 'Nuevo', 0, 1, 39, 1, 147, 6);
INSERT INTO `tb_calzado` (id, created_at, estado, is_delete, is_enabled, stock, id_color, id_producto, id_talla) VALUES (564, '2025-10-29 15:47:54', 'Nuevo', 0, 1, 39, 8, 86, 6);
INSERT INTO `tb_calzado` (id, created_at, estado, is_delete, is_enabled, stock, id_color, id_producto, id_talla) VALUES (565, '2025-10-29 15:47:54', 'Nuevo', 0, 1, 19, 8, 83, 6);
INSERT INTO `tb_calzado` (id, created_at, estado, is_delete, is_enabled, stock, id_color, id_producto, id_talla) VALUES (566, '2025-10-29 15:47:54', 'Nuevo', 0, 1, 36, 14, 93, 5);
INSERT INTO `tb_calzado` (id, created_at, estado, is_delete, is_enabled, stock, id_color, id_producto, id_talla) VALUES (567, '2025-10-29 15:47:54', 'Nuevo', 0, 1, 13, 11, 161, 12);
INSERT INTO `tb_calzado` (id, created_at, estado, is_delete, is_enabled, stock, id_color, id_producto, id_talla) VALUES (568, '2025-10-29 15:47:54', 'Nuevo', 0, 1, 28, 12, 134, 11);
INSERT INTO `tb_calzado` (id, created_at, estado, is_delete, is_enabled, stock, id_color, id_producto, id_talla) VALUES (569, '2025-10-29 15:47:54', 'Nuevo', 0, 1, 14, 3, 191, 6);
INSERT INTO `tb_calzado` (id, created_at, estado, is_delete, is_enabled, stock, id_color, id_producto, id_talla) VALUES (570, '2025-10-29 15:47:54', 'Nuevo', 0, 1, 11, 9, 83, 1);
INSERT INTO `tb_calzado` (id, created_at, estado, is_delete, is_enabled, stock, id_color, id_producto, id_talla) VALUES (571, '2025-10-29 15:47:54', 'Nuevo', 0, 1, 43, 14, 144, 12);
INSERT INTO `tb_calzado` (id, created_at, estado, is_delete, is_enabled, stock, id_color, id_producto, id_talla) VALUES (572, '2025-10-29 15:47:54', 'Nuevo', 0, 1, 42, 14, 81, 5);
INSERT INTO `tb_calzado` (id, created_at, estado, is_delete, is_enabled, stock, id_color, id_producto, id_talla) VALUES (573, '2025-10-29 15:47:54', 'Nuevo', 0, 1, 25, 14, 191, 10);
INSERT INTO `tb_calzado` (id, created_at, estado, is_delete, is_enabled, stock, id_color, id_producto, id_talla) VALUES (574, '2025-10-29 15:47:54', 'Nuevo', 0, 1, 46, 3, 87, 5);
INSERT INTO `tb_calzado` (id, created_at, estado, is_delete, is_enabled, stock, id_color, id_producto, id_talla) VALUES (575, '2025-10-29 15:47:54', 'Nuevo', 0, 1, 43, 10, 16, 10);
INSERT INTO `tb_calzado` (id, created_at, estado, is_delete, is_enabled, stock, id_color, id_producto, id_talla) VALUES (576, '2025-10-29 15:47:54', 'Nuevo', 0, 1, 49, 15, 176, 3);
INSERT INTO `tb_calzado` (id, created_at, estado, is_delete, is_enabled, stock, id_color, id_producto, id_talla) VALUES (577, '2025-10-29 15:47:54', 'Nuevo', 0, 1, 16, 13, 147, 7);
INSERT INTO `tb_calzado` (id, created_at, estado, is_delete, is_enabled, stock, id_color, id_producto, id_talla) VALUES (578, '2025-10-29 15:47:54', 'Nuevo', 0, 1, 36, 5, 94, 2);
INSERT INTO `tb_calzado` (id, created_at, estado, is_delete, is_enabled, stock, id_color, id_producto, id_talla) VALUES (579, '2025-10-29 15:47:54', 'Nuevo', 0, 1, 44, 11, 44, 5);
INSERT INTO `tb_calzado` (id, created_at, estado, is_delete, is_enabled, stock, id_color, id_producto, id_talla) VALUES (580, '2025-10-29 15:47:54', 'Nuevo', 0, 1, 24, 8, 27, 10);
INSERT INTO `tb_calzado` (id, created_at, estado, is_delete, is_enabled, stock, id_color, id_producto, id_talla) VALUES (581, '2025-10-29 15:47:54', 'Nuevo', 0, 1, 18, 14, 85, 8);
INSERT INTO `tb_calzado` (id, created_at, estado, is_delete, is_enabled, stock, id_color, id_producto, id_talla) VALUES (582, '2025-10-29 15:47:54', 'Nuevo', 0, 1, 17, 9, 4, 2);
INSERT INTO `tb_calzado` (id, created_at, estado, is_delete, is_enabled, stock, id_color, id_producto, id_talla) VALUES (583, '2025-10-29 15:47:54', 'Nuevo', 0, 1, 5, 3, 185, 6);
INSERT INTO `tb_calzado` (id, created_at, estado, is_delete, is_enabled, stock, id_color, id_producto, id_talla) VALUES (584, '2025-10-29 15:47:54', 'Nuevo', 0, 1, 16, 2, 193, 11);
INSERT INTO `tb_calzado` (id, created_at, estado, is_delete, is_enabled, stock, id_color, id_producto, id_talla) VALUES (585, '2025-10-29 15:47:54', 'Nuevo', 0, 1, 40, 2, 116, 6);
INSERT INTO `tb_calzado` (id, created_at, estado, is_delete, is_enabled, stock, id_color, id_producto, id_talla) VALUES (586, '2025-10-29 15:47:54', 'Nuevo', 0, 1, 38, 12, 98, 5);
INSERT INTO `tb_calzado` (id, created_at, estado, is_delete, is_enabled, stock, id_color, id_producto, id_talla) VALUES (587, '2025-10-29 15:47:54', 'Nuevo', 0, 1, 22, 15, 78, 6);
INSERT INTO `tb_calzado` (id, created_at, estado, is_delete, is_enabled, stock, id_color, id_producto, id_talla) VALUES (588, '2025-10-29 15:47:54', 'Nuevo', 0, 1, 42, 9, 181, 10);
INSERT INTO `tb_calzado` (id, created_at, estado, is_delete, is_enabled, stock, id_color, id_producto, id_talla) VALUES (589, '2025-10-29 15:47:54', 'Nuevo', 0, 1, 40, 3, 64, 12);
INSERT INTO `tb_calzado` (id, created_at, estado, is_delete, is_enabled, stock, id_color, id_producto, id_talla) VALUES (590, '2025-10-29 15:47:54', 'Nuevo', 0, 1, 34, 8, 60, 12);
INSERT INTO `tb_calzado` (id, created_at, estado, is_delete, is_enabled, stock, id_color, id_producto, id_talla) VALUES (591, '2025-10-29 15:47:54', 'Nuevo', 0, 1, 20, 13, 102, 4);
INSERT INTO `tb_calzado` (id, created_at, estado, is_delete, is_enabled, stock, id_color, id_producto, id_talla) VALUES (592, '2025-10-29 15:47:54', 'Nuevo', 0, 1, 23, 10, 185, 2);
INSERT INTO `tb_calzado` (id, created_at, estado, is_delete, is_enabled, stock, id_color, id_producto, id_talla) VALUES (593, '2025-10-29 15:47:54', 'Nuevo', 0, 1, 23, 12, 75, 6);
INSERT INTO `tb_calzado` (id, created_at, estado, is_delete, is_enabled, stock, id_color, id_producto, id_talla) VALUES (594, '2025-10-29 15:47:54', 'Nuevo', 0, 1, 18, 2, 78, 10);
INSERT INTO `tb_calzado` (id, created_at, estado, is_delete, is_enabled, stock, id_color, id_producto, id_talla) VALUES (595, '2025-10-29 15:47:54', 'Nuevo', 0, 1, 46, 4, 78, 6);
INSERT INTO `tb_calzado` (id, created_at, estado, is_delete, is_enabled, stock, id_color, id_producto, id_talla) VALUES (596, '2025-10-29 15:47:54', 'Nuevo', 0, 1, 18, 2, 179, 8);
INSERT INTO `tb_calzado` (id, created_at, estado, is_delete, is_enabled, stock, id_color, id_producto, id_talla) VALUES (597, '2025-10-29 15:47:54', 'Nuevo', 0, 1, 36, 10, 167, 4);
INSERT INTO `tb_calzado` (id, created_at, estado, is_delete, is_enabled, stock, id_color, id_producto, id_talla) VALUES (598, '2025-10-29 15:47:54', 'Nuevo', 0, 1, 17, 7, 196, 1);
INSERT INTO `tb_calzado` (id, created_at, estado, is_delete, is_enabled, stock, id_color, id_producto, id_talla) VALUES (599, '2025-10-29 15:47:54', 'Nuevo', 0, 1, 26, 3, 30, 8);
INSERT INTO `tb_calzado` (id, created_at, estado, is_delete, is_enabled, stock, id_color, id_producto, id_talla) VALUES (600, '2025-10-29 15:47:54', 'Nuevo', 0, 1, 39, 14, 72, 4);
INSERT INTO `tb_calzado` (id, created_at, estado, is_delete, is_enabled, stock, id_color, id_producto, id_talla) VALUES (601, '2025-10-29 15:47:54', 'Nuevo', 0, 1, 39, 4, 93, 4);
INSERT INTO `tb_calzado` (id, created_at, estado, is_delete, is_enabled, stock, id_color, id_producto, id_talla) VALUES (602, '2025-10-29 15:47:54', 'Nuevo', 0, 1, 34, 14, 54, 1);
INSERT INTO `tb_calzado` (id, created_at, estado, is_delete, is_enabled, stock, id_color, id_producto, id_talla) VALUES (603, '2025-10-29 15:47:54', 'Nuevo', 0, 1, 6, 6, 129, 6);
INSERT INTO `tb_calzado` (id, created_at, estado, is_delete, is_enabled, stock, id_color, id_producto, id_talla) VALUES (604, '2025-10-29 15:47:54', 'Nuevo', 0, 1, 45, 4, 29, 3);
INSERT INTO `tb_calzado` (id, created_at, estado, is_delete, is_enabled, stock, id_color, id_producto, id_talla) VALUES (605, '2025-10-29 15:47:54', 'Nuevo', 0, 1, 48, 1, 149, 4);
INSERT INTO `tb_calzado` (id, created_at, estado, is_delete, is_enabled, stock, id_color, id_producto, id_talla) VALUES (606, '2025-10-29 15:47:54', 'Nuevo', 0, 1, 8, 7, 32, 4);
INSERT INTO `tb_calzado` (id, created_at, estado, is_delete, is_enabled, stock, id_color, id_producto, id_talla) VALUES (607, '2025-10-29 15:47:54', 'Nuevo', 0, 1, 34, 6, 175, 11);
INSERT INTO `tb_calzado` (id, created_at, estado, is_delete, is_enabled, stock, id_color, id_producto, id_talla) VALUES (608, '2025-10-29 15:47:54', 'Nuevo', 0, 1, 49, 9, 6, 6);
INSERT INTO `tb_calzado` (id, created_at, estado, is_delete, is_enabled, stock, id_color, id_producto, id_talla) VALUES (609, '2025-10-29 15:47:54', 'Nuevo', 0, 1, 9, 11, 75, 4);
INSERT INTO `tb_calzado` (id, created_at, estado, is_delete, is_enabled, stock, id_color, id_producto, id_talla) VALUES (610, '2025-10-29 15:47:54', 'Nuevo', 0, 1, 31, 7, 49, 6);
INSERT INTO `tb_calzado` (id, created_at, estado, is_delete, is_enabled, stock, id_color, id_producto, id_talla) VALUES (611, '2025-10-29 15:47:54', 'Nuevo', 0, 1, 24, 7, 61, 3);
INSERT INTO `tb_calzado` (id, created_at, estado, is_delete, is_enabled, stock, id_color, id_producto, id_talla) VALUES (612, '2025-10-29 15:47:54', 'Nuevo', 0, 1, 7, 4, 193, 3);
INSERT INTO `tb_calzado` (id, created_at, estado, is_delete, is_enabled, stock, id_color, id_producto, id_talla) VALUES (613, '2025-10-29 15:47:54', 'Nuevo', 0, 1, 45, 7, 149, 4);
INSERT INTO `tb_calzado` (id, created_at, estado, is_delete, is_enabled, stock, id_color, id_producto, id_talla) VALUES (614, '2025-10-29 15:47:54', 'Nuevo', 0, 1, 37, 4, 117, 1);
INSERT INTO `tb_calzado` (id, created_at, estado, is_delete, is_enabled, stock, id_color, id_producto, id_talla) VALUES (615, '2025-10-29 15:47:54', 'Nuevo', 0, 1, 19, 10, 51, 11);
INSERT INTO `tb_calzado` (id, created_at, estado, is_delete, is_enabled, stock, id_color, id_producto, id_talla) VALUES (616, '2025-10-29 15:47:54', 'Nuevo', 0, 1, 12, 4, 35, 2);
INSERT INTO `tb_calzado` (id, created_at, estado, is_delete, is_enabled, stock, id_color, id_producto, id_talla) VALUES (617, '2025-10-29 15:47:54', 'Nuevo', 0, 1, 44, 3, 68, 12);
INSERT INTO `tb_calzado` (id, created_at, estado, is_delete, is_enabled, stock, id_color, id_producto, id_talla) VALUES (618, '2025-10-29 15:47:54', 'Nuevo', 0, 1, 17, 12, 60, 10);
INSERT INTO `tb_calzado` (id, created_at, estado, is_delete, is_enabled, stock, id_color, id_producto, id_talla) VALUES (619, '2025-10-29 15:47:54', 'Nuevo', 0, 1, 14, 2, 149, 8);
INSERT INTO `tb_calzado` (id, created_at, estado, is_delete, is_enabled, stock, id_color, id_producto, id_talla) VALUES (620, '2025-10-29 15:47:54', 'Nuevo', 0, 1, 50, 15, 45, 9);
INSERT INTO `tb_calzado` (id, created_at, estado, is_delete, is_enabled, stock, id_color, id_producto, id_talla) VALUES (621, '2025-10-29 15:47:54', 'Nuevo', 0, 1, 21, 6, 156, 9);
INSERT INTO `tb_calzado` (id, created_at, estado, is_delete, is_enabled, stock, id_color, id_producto, id_talla) VALUES (622, '2025-10-29 15:47:54', 'Nuevo', 0, 1, 8, 15, 78, 11);
INSERT INTO `tb_calzado` (id, created_at, estado, is_delete, is_enabled, stock, id_color, id_producto, id_talla) VALUES (623, '2025-10-29 15:47:54', 'Nuevo', 0, 1, 13, 13, 134, 6);
INSERT INTO `tb_calzado` (id, created_at, estado, is_delete, is_enabled, stock, id_color, id_producto, id_talla) VALUES (624, '2025-10-29 15:47:54', 'Nuevo', 0, 1, 38, 13, 62, 10);
INSERT INTO `tb_calzado` (id, created_at, estado, is_delete, is_enabled, stock, id_color, id_producto, id_talla) VALUES (625, '2025-10-29 15:47:54', 'Nuevo', 0, 1, 32, 12, 170, 7);
INSERT INTO `tb_calzado` (id, created_at, estado, is_delete, is_enabled, stock, id_color, id_producto, id_talla) VALUES (626, '2025-10-29 15:47:54', 'Nuevo', 0, 1, 25, 9, 110, 11);
INSERT INTO `tb_calzado` (id, created_at, estado, is_delete, is_enabled, stock, id_color, id_producto, id_talla) VALUES (627, '2025-10-29 15:47:54', 'Nuevo', 0, 1, 7, 3, 93, 9);
INSERT INTO `tb_calzado` (id, created_at, estado, is_delete, is_enabled, stock, id_color, id_producto, id_talla) VALUES (628, '2025-10-29 15:47:54', 'Nuevo', 0, 1, 49, 5, 132, 12);
INSERT INTO `tb_calzado` (id, created_at, estado, is_delete, is_enabled, stock, id_color, id_producto, id_talla) VALUES (629, '2025-10-29 15:47:54', 'Nuevo', 0, 1, 20, 10, 151, 12);
INSERT INTO `tb_calzado` (id, created_at, estado, is_delete, is_enabled, stock, id_color, id_producto, id_talla) VALUES (630, '2025-10-29 15:47:54', 'Nuevo', 0, 1, 14, 6, 124, 10);
INSERT INTO `tb_calzado` (id, created_at, estado, is_delete, is_enabled, stock, id_color, id_producto, id_talla) VALUES (631, '2025-10-29 15:47:54', 'Nuevo', 0, 1, 12, 7, 34, 9);
INSERT INTO `tb_calzado` (id, created_at, estado, is_delete, is_enabled, stock, id_color, id_producto, id_talla) VALUES (632, '2025-10-29 15:47:54', 'Nuevo', 0, 1, 25, 13, 40, 7);
INSERT INTO `tb_calzado` (id, created_at, estado, is_delete, is_enabled, stock, id_color, id_producto, id_talla) VALUES (633, '2025-10-29 15:47:54', 'Nuevo', 0, 1, 42, 8, 48, 3);
INSERT INTO `tb_calzado` (id, created_at, estado, is_delete, is_enabled, stock, id_color, id_producto, id_talla) VALUES (634, '2025-10-29 15:47:54', 'Nuevo', 0, 1, 25, 4, 36, 6);
INSERT INTO `tb_calzado` (id, created_at, estado, is_delete, is_enabled, stock, id_color, id_producto, id_talla) VALUES (635, '2025-10-29 15:47:54', 'Nuevo', 0, 1, 33, 2, 121, 5);
INSERT INTO `tb_calzado` (id, created_at, estado, is_delete, is_enabled, stock, id_color, id_producto, id_talla) VALUES (636, '2025-10-29 15:47:54', 'Nuevo', 0, 1, 49, 13, 146, 11);
INSERT INTO `tb_calzado` (id, created_at, estado, is_delete, is_enabled, stock, id_color, id_producto, id_talla) VALUES (637, '2025-10-29 15:47:54', 'Nuevo', 0, 1, 48, 1, 102, 10);
INSERT INTO `tb_calzado` (id, created_at, estado, is_delete, is_enabled, stock, id_color, id_producto, id_talla) VALUES (638, '2025-10-29 15:47:54', 'Nuevo', 0, 1, 49, 3, 179, 2);
INSERT INTO `tb_calzado` (id, created_at, estado, is_delete, is_enabled, stock, id_color, id_producto, id_talla) VALUES (639, '2025-10-29 15:47:54', 'Nuevo', 0, 1, 25, 11, 43, 7);
INSERT INTO `tb_calzado` (id, created_at, estado, is_delete, is_enabled, stock, id_color, id_producto, id_talla) VALUES (640, '2025-10-29 15:47:54', 'Nuevo', 0, 1, 29, 8, 153, 5);
INSERT INTO `tb_calzado` (id, created_at, estado, is_delete, is_enabled, stock, id_color, id_producto, id_talla) VALUES (641, '2025-10-29 15:47:54', 'Nuevo', 0, 1, 27, 5, 117, 5);
INSERT INTO `tb_calzado` (id, created_at, estado, is_delete, is_enabled, stock, id_color, id_producto, id_talla) VALUES (642, '2025-10-29 15:47:54', 'Nuevo', 0, 1, 7, 8, 136, 3);
INSERT INTO `tb_calzado` (id, created_at, estado, is_delete, is_enabled, stock, id_color, id_producto, id_talla) VALUES (643, '2025-10-29 15:47:54', 'Nuevo', 0, 1, 7, 7, 148, 7);
INSERT INTO `tb_calzado` (id, created_at, estado, is_delete, is_enabled, stock, id_color, id_producto, id_talla) VALUES (644, '2025-10-29 15:47:54', 'Nuevo', 0, 1, 30, 13, 165, 11);
INSERT INTO `tb_calzado` (id, created_at, estado, is_delete, is_enabled, stock, id_color, id_producto, id_talla) VALUES (645, '2025-10-29 15:47:54', 'Nuevo', 0, 1, 44, 12, 112, 7);
INSERT INTO `tb_calzado` (id, created_at, estado, is_delete, is_enabled, stock, id_color, id_producto, id_talla) VALUES (646, '2025-10-29 15:47:54', 'Nuevo', 0, 1, 13, 1, 173, 10);
INSERT INTO `tb_calzado` (id, created_at, estado, is_delete, is_enabled, stock, id_color, id_producto, id_talla) VALUES (647, '2025-10-29 15:47:54', 'Nuevo', 0, 1, 50, 12, 62, 8);
INSERT INTO `tb_calzado` (id, created_at, estado, is_delete, is_enabled, stock, id_color, id_producto, id_talla) VALUES (648, '2025-10-29 15:47:54', 'Nuevo', 0, 1, 28, 15, 153, 7);
INSERT INTO `tb_calzado` (id, created_at, estado, is_delete, is_enabled, stock, id_color, id_producto, id_talla) VALUES (649, '2025-10-29 15:47:54', 'Nuevo', 0, 1, 16, 13, 32, 2);
INSERT INTO `tb_calzado` (id, created_at, estado, is_delete, is_enabled, stock, id_color, id_producto, id_talla) VALUES (650, '2025-10-29 15:47:54', 'Nuevo', 0, 1, 14, 13, 63, 12);
INSERT INTO `tb_calzado` (id, created_at, estado, is_delete, is_enabled, stock, id_color, id_producto, id_talla) VALUES (651, '2025-10-29 15:47:54', 'Nuevo', 0, 1, 45, 8, 4, 12);
INSERT INTO `tb_calzado` (id, created_at, estado, is_delete, is_enabled, stock, id_color, id_producto, id_talla) VALUES (652, '2025-10-29 15:47:54', 'Nuevo', 0, 1, 13, 13, 34, 5);
INSERT INTO `tb_calzado` (id, created_at, estado, is_delete, is_enabled, stock, id_color, id_producto, id_talla) VALUES (653, '2025-10-29 15:47:54', 'Nuevo', 0, 1, 7, 11, 99, 9);
INSERT INTO `tb_calzado` (id, created_at, estado, is_delete, is_enabled, stock, id_color, id_producto, id_talla) VALUES (654, '2025-10-29 15:47:54', 'Nuevo', 0, 1, 20, 2, 5, 5);
INSERT INTO `tb_calzado` (id, created_at, estado, is_delete, is_enabled, stock, id_color, id_producto, id_talla) VALUES (655, '2025-10-29 15:47:54', 'Nuevo', 0, 1, 18, 15, 139, 6);
INSERT INTO `tb_calzado` (id, created_at, estado, is_delete, is_enabled, stock, id_color, id_producto, id_talla) VALUES (656, '2025-10-29 15:47:54', 'Nuevo', 0, 1, 35, 2, 29, 9);
INSERT INTO `tb_calzado` (id, created_at, estado, is_delete, is_enabled, stock, id_color, id_producto, id_talla) VALUES (657, '2025-10-29 15:47:54', 'Nuevo', 0, 1, 7, 2, 2, 10);
INSERT INTO `tb_calzado` (id, created_at, estado, is_delete, is_enabled, stock, id_color, id_producto, id_talla) VALUES (658, '2025-10-29 15:47:54', 'Nuevo', 0, 1, 31, 13, 92, 4);
INSERT INTO `tb_calzado` (id, created_at, estado, is_delete, is_enabled, stock, id_color, id_producto, id_talla) VALUES (659, '2025-10-29 15:47:54', 'Nuevo', 0, 1, 42, 12, 196, 8);
INSERT INTO `tb_calzado` (id, created_at, estado, is_delete, is_enabled, stock, id_color, id_producto, id_talla) VALUES (660, '2025-10-29 15:47:54', 'Nuevo', 0, 1, 33, 14, 101, 12);
INSERT INTO `tb_calzado` (id, created_at, estado, is_delete, is_enabled, stock, id_color, id_producto, id_talla) VALUES (661, '2025-10-29 15:47:54', 'Nuevo', 0, 1, 12, 13, 29, 10);
INSERT INTO `tb_calzado` (id, created_at, estado, is_delete, is_enabled, stock, id_color, id_producto, id_talla) VALUES (662, '2025-10-29 15:47:54', 'Nuevo', 0, 1, 30, 9, 26, 6);
INSERT INTO `tb_calzado` (id, created_at, estado, is_delete, is_enabled, stock, id_color, id_producto, id_talla) VALUES (663, '2025-10-29 15:47:54', 'Nuevo', 0, 1, 10, 3, 60, 1);
INSERT INTO `tb_calzado` (id, created_at, estado, is_delete, is_enabled, stock, id_color, id_producto, id_talla) VALUES (664, '2025-10-29 15:47:54', 'Nuevo', 0, 1, 14, 6, 155, 2);
INSERT INTO `tb_calzado` (id, created_at, estado, is_delete, is_enabled, stock, id_color, id_producto, id_talla) VALUES (665, '2025-10-29 15:47:54', 'Nuevo', 0, 1, 19, 3, 129, 3);
INSERT INTO `tb_calzado` (id, created_at, estado, is_delete, is_enabled, stock, id_color, id_producto, id_talla) VALUES (666, '2025-10-29 15:47:54', 'Nuevo', 0, 1, 19, 10, 86, 9);
INSERT INTO `tb_calzado` (id, created_at, estado, is_delete, is_enabled, stock, id_color, id_producto, id_talla) VALUES (667, '2025-10-29 15:47:54', 'Nuevo', 0, 1, 47, 5, 10, 5);
INSERT INTO `tb_calzado` (id, created_at, estado, is_delete, is_enabled, stock, id_color, id_producto, id_talla) VALUES (668, '2025-10-29 15:47:54', 'Nuevo', 0, 1, 19, 1, 29, 5);
INSERT INTO `tb_calzado` (id, created_at, estado, is_delete, is_enabled, stock, id_color, id_producto, id_talla) VALUES (669, '2025-10-29 15:47:54', 'Nuevo', 0, 1, 16, 5, 129, 3);
INSERT INTO `tb_calzado` (id, created_at, estado, is_delete, is_enabled, stock, id_color, id_producto, id_talla) VALUES (670, '2025-10-29 15:47:54', 'Nuevo', 0, 1, 36, 13, 185, 7);
INSERT INTO `tb_calzado` (id, created_at, estado, is_delete, is_enabled, stock, id_color, id_producto, id_talla) VALUES (671, '2025-10-29 15:47:54', 'Nuevo', 0, 1, 21, 2, 67, 3);
INSERT INTO `tb_calzado` (id, created_at, estado, is_delete, is_enabled, stock, id_color, id_producto, id_talla) VALUES (672, '2025-10-29 15:47:54', 'Nuevo', 0, 1, 26, 8, 191, 7);
INSERT INTO `tb_calzado` (id, created_at, estado, is_delete, is_enabled, stock, id_color, id_producto, id_talla) VALUES (673, '2025-10-29 15:47:54', 'Nuevo', 0, 1, 14, 10, 108, 6);
INSERT INTO `tb_calzado` (id, created_at, estado, is_delete, is_enabled, stock, id_color, id_producto, id_talla) VALUES (674, '2025-10-29 15:47:54', 'Nuevo', 0, 1, 18, 6, 140, 6);
INSERT INTO `tb_calzado` (id, created_at, estado, is_delete, is_enabled, stock, id_color, id_producto, id_talla) VALUES (675, '2025-10-29 15:47:54', 'Nuevo', 0, 1, 50, 3, 36, 6);
INSERT INTO `tb_calzado` (id, created_at, estado, is_delete, is_enabled, stock, id_color, id_producto, id_talla) VALUES (676, '2025-10-29 15:47:54', 'Nuevo', 0, 1, 16, 15, 71, 6);
INSERT INTO `tb_calzado` (id, created_at, estado, is_delete, is_enabled, stock, id_color, id_producto, id_talla) VALUES (677, '2025-10-29 15:47:54', 'Nuevo', 0, 1, 17, 13, 31, 7);
INSERT INTO `tb_calzado` (id, created_at, estado, is_delete, is_enabled, stock, id_color, id_producto, id_talla) VALUES (678, '2025-10-29 15:47:54', 'Nuevo', 0, 1, 18, 10, 81, 9);
INSERT INTO `tb_calzado` (id, created_at, estado, is_delete, is_enabled, stock, id_color, id_producto, id_talla) VALUES (679, '2025-10-29 15:47:54', 'Nuevo', 0, 1, 18, 10, 59, 9);
INSERT INTO `tb_calzado` (id, created_at, estado, is_delete, is_enabled, stock, id_color, id_producto, id_talla) VALUES (680, '2025-10-29 15:47:54', 'Nuevo', 0, 1, 16, 13, 199, 3);
INSERT INTO `tb_calzado` (id, created_at, estado, is_delete, is_enabled, stock, id_color, id_producto, id_talla) VALUES (681, '2025-10-29 15:47:54', 'Nuevo', 0, 1, 10, 3, 196, 8);
INSERT INTO `tb_calzado` (id, created_at, estado, is_delete, is_enabled, stock, id_color, id_producto, id_talla) VALUES (682, '2025-10-29 15:47:54', 'Nuevo', 0, 1, 17, 3, 7, 4);
INSERT INTO `tb_calzado` (id, created_at, estado, is_delete, is_enabled, stock, id_color, id_producto, id_talla) VALUES (683, '2025-10-29 15:47:54', 'Nuevo', 0, 1, 36, 4, 184, 2);
INSERT INTO `tb_calzado` (id, created_at, estado, is_delete, is_enabled, stock, id_color, id_producto, id_talla) VALUES (684, '2025-10-29 15:47:54', 'Nuevo', 0, 1, 42, 5, 6, 12);
INSERT INTO `tb_calzado` (id, created_at, estado, is_delete, is_enabled, stock, id_color, id_producto, id_talla) VALUES (685, '2025-10-29 15:47:54', 'Nuevo', 0, 1, 13, 9, 158, 1);
INSERT INTO `tb_calzado` (id, created_at, estado, is_delete, is_enabled, stock, id_color, id_producto, id_talla) VALUES (686, '2025-10-29 15:47:54', 'Nuevo', 0, 1, 44, 4, 193, 8);
INSERT INTO `tb_calzado` (id, created_at, estado, is_delete, is_enabled, stock, id_color, id_producto, id_talla) VALUES (687, '2025-10-29 15:47:54', 'Nuevo', 0, 1, 8, 8, 76, 2);
INSERT INTO `tb_calzado` (id, created_at, estado, is_delete, is_enabled, stock, id_color, id_producto, id_talla) VALUES (688, '2025-10-29 15:47:54', 'Nuevo', 0, 1, 28, 15, 91, 7);
INSERT INTO `tb_calzado` (id, created_at, estado, is_delete, is_enabled, stock, id_color, id_producto, id_talla) VALUES (689, '2025-10-29 15:47:54', 'Nuevo', 0, 1, 32, 11, 36, 4);
INSERT INTO `tb_calzado` (id, created_at, estado, is_delete, is_enabled, stock, id_color, id_producto, id_talla) VALUES (690, '2025-10-29 15:47:54', 'Nuevo', 0, 1, 20, 2, 128, 1);
INSERT INTO `tb_calzado` (id, created_at, estado, is_delete, is_enabled, stock, id_color, id_producto, id_talla) VALUES (691, '2025-10-29 15:47:54', 'Nuevo', 0, 1, 42, 11, 177, 1);
INSERT INTO `tb_calzado` (id, created_at, estado, is_delete, is_enabled, stock, id_color, id_producto, id_talla) VALUES (692, '2025-10-29 15:47:54', 'Nuevo', 0, 1, 10, 12, 76, 1);
INSERT INTO `tb_calzado` (id, created_at, estado, is_delete, is_enabled, stock, id_color, id_producto, id_talla) VALUES (693, '2025-10-29 15:47:54', 'Nuevo', 0, 1, 21, 13, 71, 4);
INSERT INTO `tb_calzado` (id, created_at, estado, is_delete, is_enabled, stock, id_color, id_producto, id_talla) VALUES (694, '2025-10-29 15:47:54', 'Nuevo', 0, 1, 7, 8, 82, 4);
INSERT INTO `tb_calzado` (id, created_at, estado, is_delete, is_enabled, stock, id_color, id_producto, id_talla) VALUES (695, '2025-10-29 15:47:54', 'Nuevo', 0, 1, 25, 11, 200, 2);
INSERT INTO `tb_calzado` (id, created_at, estado, is_delete, is_enabled, stock, id_color, id_producto, id_talla) VALUES (696, '2025-10-29 15:47:54', 'Nuevo', 0, 1, 26, 4, 24, 9);
INSERT INTO `tb_calzado` (id, created_at, estado, is_delete, is_enabled, stock, id_color, id_producto, id_talla) VALUES (697, '2025-10-29 15:47:54', 'Nuevo', 0, 1, 12, 9, 97, 9);
INSERT INTO `tb_calzado` (id, created_at, estado, is_delete, is_enabled, stock, id_color, id_producto, id_talla) VALUES (698, '2025-10-29 15:47:54', 'Nuevo', 0, 1, 21, 9, 68, 10);
INSERT INTO `tb_calzado` (id, created_at, estado, is_delete, is_enabled, stock, id_color, id_producto, id_talla) VALUES (699, '2025-10-29 15:47:54', 'Nuevo', 0, 1, 32, 10, 152, 7);
INSERT INTO `tb_calzado` (id, created_at, estado, is_delete, is_enabled, stock, id_color, id_producto, id_talla) VALUES (700, '2025-10-29 15:47:54', 'Nuevo', 0, 1, 11, 14, 80, 12);
INSERT INTO `tb_calzado` (id, created_at, estado, is_delete, is_enabled, stock, id_color, id_producto, id_talla) VALUES (701, '2025-10-29 15:47:54', 'Nuevo', 0, 1, 32, 12, 121, 6);
INSERT INTO `tb_calzado` (id, created_at, estado, is_delete, is_enabled, stock, id_color, id_producto, id_talla) VALUES (702, '2025-10-29 15:47:54', 'Nuevo', 0, 1, 15, 9, 7, 2);
INSERT INTO `tb_calzado` (id, created_at, estado, is_delete, is_enabled, stock, id_color, id_producto, id_talla) VALUES (703, '2025-10-29 15:47:54', 'Nuevo', 0, 1, 17, 2, 35, 10);
INSERT INTO `tb_calzado` (id, created_at, estado, is_delete, is_enabled, stock, id_color, id_producto, id_talla) VALUES (704, '2025-10-29 15:47:54', 'Nuevo', 0, 1, 30, 9, 155, 3);
INSERT INTO `tb_calzado` (id, created_at, estado, is_delete, is_enabled, stock, id_color, id_producto, id_talla) VALUES (705, '2025-10-29 15:47:54', 'Nuevo', 0, 1, 10, 6, 119, 7);
INSERT INTO `tb_calzado` (id, created_at, estado, is_delete, is_enabled, stock, id_color, id_producto, id_talla) VALUES (706, '2025-10-29 15:47:54', 'Nuevo', 0, 1, 8, 13, 22, 8);
INSERT INTO `tb_calzado` (id, created_at, estado, is_delete, is_enabled, stock, id_color, id_producto, id_talla) VALUES (707, '2025-10-29 15:47:54', 'Nuevo', 0, 1, 49, 7, 16, 8);
INSERT INTO `tb_calzado` (id, created_at, estado, is_delete, is_enabled, stock, id_color, id_producto, id_talla) VALUES (708, '2025-10-29 15:47:54', 'Nuevo', 0, 1, 9, 6, 35, 5);
INSERT INTO `tb_calzado` (id, created_at, estado, is_delete, is_enabled, stock, id_color, id_producto, id_talla) VALUES (709, '2025-10-29 15:47:54', 'Nuevo', 0, 1, 19, 4, 130, 8);
INSERT INTO `tb_calzado` (id, created_at, estado, is_delete, is_enabled, stock, id_color, id_producto, id_talla) VALUES (710, '2025-10-29 15:47:54', 'Nuevo', 0, 1, 25, 15, 111, 10);
INSERT INTO `tb_calzado` (id, created_at, estado, is_delete, is_enabled, stock, id_color, id_producto, id_talla) VALUES (711, '2025-10-29 15:47:54', 'Nuevo', 0, 1, 14, 6, 43, 10);
INSERT INTO `tb_calzado` (id, created_at, estado, is_delete, is_enabled, stock, id_color, id_producto, id_talla) VALUES (712, '2025-10-29 15:47:54', 'Nuevo', 0, 1, 42, 10, 52, 1);
INSERT INTO `tb_calzado` (id, created_at, estado, is_delete, is_enabled, stock, id_color, id_producto, id_talla) VALUES (713, '2025-10-29 15:47:54', 'Nuevo', 0, 1, 31, 1, 87, 7);
INSERT INTO `tb_calzado` (id, created_at, estado, is_delete, is_enabled, stock, id_color, id_producto, id_talla) VALUES (714, '2025-10-29 15:47:54', 'Nuevo', 0, 1, 29, 3, 46, 8);
INSERT INTO `tb_calzado` (id, created_at, estado, is_delete, is_enabled, stock, id_color, id_producto, id_talla) VALUES (715, '2025-10-29 15:47:54', 'Nuevo', 0, 1, 36, 12, 138, 10);
INSERT INTO `tb_calzado` (id, created_at, estado, is_delete, is_enabled, stock, id_color, id_producto, id_talla) VALUES (716, '2025-10-29 15:47:54', 'Nuevo', 0, 1, 10, 4, 152, 11);
INSERT INTO `tb_calzado` (id, created_at, estado, is_delete, is_enabled, stock, id_color, id_producto, id_talla) VALUES (717, '2025-10-29 15:47:54', 'Nuevo', 0, 1, 26, 10, 147, 2);
INSERT INTO `tb_calzado` (id, created_at, estado, is_delete, is_enabled, stock, id_color, id_producto, id_talla) VALUES (718, '2025-10-29 15:47:54', 'Nuevo', 0, 1, 9, 7, 118, 9);
INSERT INTO `tb_calzado` (id, created_at, estado, is_delete, is_enabled, stock, id_color, id_producto, id_talla) VALUES (719, '2025-10-29 15:47:54', 'Nuevo', 0, 1, 29, 7, 176, 4);
INSERT INTO `tb_calzado` (id, created_at, estado, is_delete, is_enabled, stock, id_color, id_producto, id_talla) VALUES (720, '2025-10-29 15:47:54', 'Nuevo', 0, 1, 33, 5, 77, 8);
INSERT INTO `tb_calzado` (id, created_at, estado, is_delete, is_enabled, stock, id_color, id_producto, id_talla) VALUES (721, '2025-10-29 15:47:54', 'Nuevo', 0, 1, 27, 1, 169, 9);
INSERT INTO `tb_calzado` (id, created_at, estado, is_delete, is_enabled, stock, id_color, id_producto, id_talla) VALUES (722, '2025-10-29 15:47:54', 'Nuevo', 0, 1, 11, 15, 153, 5);
INSERT INTO `tb_calzado` (id, created_at, estado, is_delete, is_enabled, stock, id_color, id_producto, id_talla) VALUES (723, '2025-10-29 15:47:54', 'Nuevo', 0, 1, 13, 12, 185, 3);
INSERT INTO `tb_calzado` (id, created_at, estado, is_delete, is_enabled, stock, id_color, id_producto, id_talla) VALUES (724, '2025-10-29 15:47:54', 'Nuevo', 0, 1, 38, 4, 107, 9);
INSERT INTO `tb_calzado` (id, created_at, estado, is_delete, is_enabled, stock, id_color, id_producto, id_talla) VALUES (725, '2025-10-29 15:47:54', 'Nuevo', 0, 1, 29, 13, 67, 8);
INSERT INTO `tb_calzado` (id, created_at, estado, is_delete, is_enabled, stock, id_color, id_producto, id_talla) VALUES (726, '2025-10-29 15:47:54', 'Nuevo', 0, 1, 20, 9, 12, 9);
INSERT INTO `tb_calzado` (id, created_at, estado, is_delete, is_enabled, stock, id_color, id_producto, id_talla) VALUES (727, '2025-10-29 15:47:54', 'Nuevo', 0, 1, 8, 4, 39, 6);
INSERT INTO `tb_calzado` (id, created_at, estado, is_delete, is_enabled, stock, id_color, id_producto, id_talla) VALUES (728, '2025-10-29 15:47:54', 'Nuevo', 0, 1, 7, 1, 82, 1);
INSERT INTO `tb_calzado` (id, created_at, estado, is_delete, is_enabled, stock, id_color, id_producto, id_talla) VALUES (729, '2025-10-29 15:47:54', 'Nuevo', 0, 1, 36, 15, 13, 12);
INSERT INTO `tb_calzado` (id, created_at, estado, is_delete, is_enabled, stock, id_color, id_producto, id_talla) VALUES (730, '2025-10-29 15:47:54', 'Nuevo', 0, 1, 41, 15, 40, 8);
INSERT INTO `tb_calzado` (id, created_at, estado, is_delete, is_enabled, stock, id_color, id_producto, id_talla) VALUES (731, '2025-10-29 15:47:54', 'Nuevo', 0, 1, 20, 2, 43, 10);
INSERT INTO `tb_calzado` (id, created_at, estado, is_delete, is_enabled, stock, id_color, id_producto, id_talla) VALUES (732, '2025-10-29 15:47:54', 'Nuevo', 0, 1, 36, 5, 170, 3);
INSERT INTO `tb_calzado` (id, created_at, estado, is_delete, is_enabled, stock, id_color, id_producto, id_talla) VALUES (733, '2025-10-29 15:47:54', 'Nuevo', 0, 1, 23, 5, 13, 8);
INSERT INTO `tb_calzado` (id, created_at, estado, is_delete, is_enabled, stock, id_color, id_producto, id_talla) VALUES (734, '2025-10-29 15:47:54', 'Nuevo', 0, 1, 20, 15, 13, 9);
INSERT INTO `tb_calzado` (id, created_at, estado, is_delete, is_enabled, stock, id_color, id_producto, id_talla) VALUES (735, '2025-10-29 15:47:54', 'Nuevo', 0, 1, 32, 15, 93, 12);
INSERT INTO `tb_calzado` (id, created_at, estado, is_delete, is_enabled, stock, id_color, id_producto, id_talla) VALUES (736, '2025-10-29 15:47:54', 'Nuevo', 0, 1, 9, 3, 117, 1);
INSERT INTO `tb_calzado` (id, created_at, estado, is_delete, is_enabled, stock, id_color, id_producto, id_talla) VALUES (737, '2025-10-29 15:47:54', 'Nuevo', 0, 1, 41, 3, 89, 9);
INSERT INTO `tb_calzado` (id, created_at, estado, is_delete, is_enabled, stock, id_color, id_producto, id_talla) VALUES (738, '2025-10-29 15:47:54', 'Nuevo', 0, 1, 16, 11, 196, 10);
INSERT INTO `tb_calzado` (id, created_at, estado, is_delete, is_enabled, stock, id_color, id_producto, id_talla) VALUES (739, '2025-10-29 15:47:54', 'Nuevo', 0, 1, 46, 9, 2, 2);
INSERT INTO `tb_calzado` (id, created_at, estado, is_delete, is_enabled, stock, id_color, id_producto, id_talla) VALUES (740, '2025-10-29 15:47:54', 'Nuevo', 0, 1, 31, 6, 88, 8);
INSERT INTO `tb_calzado` (id, created_at, estado, is_delete, is_enabled, stock, id_color, id_producto, id_talla) VALUES (741, '2025-10-29 15:47:54', 'Nuevo', 0, 1, 31, 12, 181, 5);
INSERT INTO `tb_calzado` (id, created_at, estado, is_delete, is_enabled, stock, id_color, id_producto, id_talla) VALUES (742, '2025-10-29 15:47:54', 'Nuevo', 0, 1, 13, 10, 181, 7);
INSERT INTO `tb_calzado` (id, created_at, estado, is_delete, is_enabled, stock, id_color, id_producto, id_talla) VALUES (743, '2025-10-29 15:47:54', 'Nuevo', 0, 1, 44, 12, 188, 7);
INSERT INTO `tb_calzado` (id, created_at, estado, is_delete, is_enabled, stock, id_color, id_producto, id_talla) VALUES (744, '2025-10-29 15:47:54', 'Nuevo', 0, 1, 21, 5, 26, 9);
INSERT INTO `tb_calzado` (id, created_at, estado, is_delete, is_enabled, stock, id_color, id_producto, id_talla) VALUES (745, '2025-10-29 15:47:54', 'Nuevo', 0, 1, 17, 11, 15, 10);
INSERT INTO `tb_calzado` (id, created_at, estado, is_delete, is_enabled, stock, id_color, id_producto, id_talla) VALUES (746, '2025-10-29 15:47:54', 'Nuevo', 0, 1, 30, 4, 191, 3);
INSERT INTO `tb_calzado` (id, created_at, estado, is_delete, is_enabled, stock, id_color, id_producto, id_talla) VALUES (747, '2025-10-29 15:47:54', 'Nuevo', 0, 1, 23, 14, 21, 6);
INSERT INTO `tb_calzado` (id, created_at, estado, is_delete, is_enabled, stock, id_color, id_producto, id_talla) VALUES (748, '2025-10-29 15:47:54', 'Nuevo', 0, 1, 11, 13, 175, 7);
INSERT INTO `tb_calzado` (id, created_at, estado, is_delete, is_enabled, stock, id_color, id_producto, id_talla) VALUES (749, '2025-10-29 15:47:54', 'Nuevo', 0, 1, 10, 9, 167, 1);
INSERT INTO `tb_calzado` (id, created_at, estado, is_delete, is_enabled, stock, id_color, id_producto, id_talla) VALUES (750, '2025-10-29 15:47:54', 'Nuevo', 0, 1, 40, 14, 176, 6);
INSERT INTO `tb_calzado` (id, created_at, estado, is_delete, is_enabled, stock, id_color, id_producto, id_talla) VALUES (751, '2025-10-29 15:47:54', 'Nuevo', 0, 1, 22, 9, 98, 8);
INSERT INTO `tb_calzado` (id, created_at, estado, is_delete, is_enabled, stock, id_color, id_producto, id_talla) VALUES (752, '2025-10-29 15:47:54', 'Nuevo', 0, 1, 45, 4, 178, 1);
INSERT INTO `tb_calzado` (id, created_at, estado, is_delete, is_enabled, stock, id_color, id_producto, id_talla) VALUES (753, '2025-10-29 15:47:54', 'Nuevo', 0, 1, 20, 4, 34, 8);
INSERT INTO `tb_calzado` (id, created_at, estado, is_delete, is_enabled, stock, id_color, id_producto, id_talla) VALUES (754, '2025-10-29 15:47:54', 'Nuevo', 0, 1, 35, 15, 21, 8);
INSERT INTO `tb_calzado` (id, created_at, estado, is_delete, is_enabled, stock, id_color, id_producto, id_talla) VALUES (755, '2025-10-29 15:47:54', 'Nuevo', 0, 1, 26, 3, 89, 12);
INSERT INTO `tb_calzado` (id, created_at, estado, is_delete, is_enabled, stock, id_color, id_producto, id_talla) VALUES (756, '2025-10-29 15:47:54', 'Nuevo', 0, 1, 36, 6, 30, 8);
INSERT INTO `tb_calzado` (id, created_at, estado, is_delete, is_enabled, stock, id_color, id_producto, id_talla) VALUES (757, '2025-10-29 15:47:54', 'Nuevo', 0, 1, 34, 6, 72, 12);
INSERT INTO `tb_calzado` (id, created_at, estado, is_delete, is_enabled, stock, id_color, id_producto, id_talla) VALUES (758, '2025-10-29 15:47:54', 'Nuevo', 0, 1, 24, 7, 37, 7);
INSERT INTO `tb_calzado` (id, created_at, estado, is_delete, is_enabled, stock, id_color, id_producto, id_talla) VALUES (759, '2025-10-29 15:47:54', 'Nuevo', 0, 1, 16, 15, 165, 3);
INSERT INTO `tb_calzado` (id, created_at, estado, is_delete, is_enabled, stock, id_color, id_producto, id_talla) VALUES (760, '2025-10-29 15:47:54', 'Nuevo', 0, 1, 41, 7, 196, 8);
INSERT INTO `tb_calzado` (id, created_at, estado, is_delete, is_enabled, stock, id_color, id_producto, id_talla) VALUES (761, '2025-10-29 15:47:54', 'Nuevo', 0, 1, 16, 10, 74, 9);
INSERT INTO `tb_calzado` (id, created_at, estado, is_delete, is_enabled, stock, id_color, id_producto, id_talla) VALUES (762, '2025-10-29 15:47:54', 'Nuevo', 0, 1, 20, 8, 106, 7);
INSERT INTO `tb_calzado` (id, created_at, estado, is_delete, is_enabled, stock, id_color, id_producto, id_talla) VALUES (763, '2025-10-29 15:47:54', 'Nuevo', 0, 1, 46, 12, 164, 3);
INSERT INTO `tb_calzado` (id, created_at, estado, is_delete, is_enabled, stock, id_color, id_producto, id_talla) VALUES (764, '2025-10-29 15:47:54', 'Nuevo', 0, 1, 44, 10, 68, 5);
INSERT INTO `tb_calzado` (id, created_at, estado, is_delete, is_enabled, stock, id_color, id_producto, id_talla) VALUES (765, '2025-10-29 15:47:54', 'Nuevo', 0, 1, 21, 2, 103, 8);
INSERT INTO `tb_calzado` (id, created_at, estado, is_delete, is_enabled, stock, id_color, id_producto, id_talla) VALUES (766, '2025-10-29 15:47:54', 'Nuevo', 0, 1, 15, 6, 32, 11);
INSERT INTO `tb_calzado` (id, created_at, estado, is_delete, is_enabled, stock, id_color, id_producto, id_talla) VALUES (767, '2025-10-29 15:47:54', 'Nuevo', 0, 1, 15, 4, 119, 7);
INSERT INTO `tb_calzado` (id, created_at, estado, is_delete, is_enabled, stock, id_color, id_producto, id_talla) VALUES (768, '2025-10-29 15:47:54', 'Nuevo', 0, 1, 29, 2, 200, 6);
INSERT INTO `tb_calzado` (id, created_at, estado, is_delete, is_enabled, stock, id_color, id_producto, id_talla) VALUES (769, '2025-10-29 15:47:54', 'Nuevo', 0, 1, 44, 4, 130, 10);
INSERT INTO `tb_calzado` (id, created_at, estado, is_delete, is_enabled, stock, id_color, id_producto, id_talla) VALUES (770, '2025-10-29 15:47:54', 'Nuevo', 0, 1, 15, 6, 72, 9);
INSERT INTO `tb_calzado` (id, created_at, estado, is_delete, is_enabled, stock, id_color, id_producto, id_talla) VALUES (771, '2025-10-29 15:47:54', 'Nuevo', 0, 1, 11, 15, 190, 5);
INSERT INTO `tb_calzado` (id, created_at, estado, is_delete, is_enabled, stock, id_color, id_producto, id_talla) VALUES (772, '2025-10-29 15:47:54', 'Nuevo', 0, 1, 38, 4, 22, 4);
INSERT INTO `tb_calzado` (id, created_at, estado, is_delete, is_enabled, stock, id_color, id_producto, id_talla) VALUES (773, '2025-10-29 15:47:54', 'Nuevo', 0, 1, 44, 7, 28, 10);
INSERT INTO `tb_calzado` (id, created_at, estado, is_delete, is_enabled, stock, id_color, id_producto, id_talla) VALUES (774, '2025-10-29 15:47:54', 'Nuevo', 0, 1, 45, 11, 5, 10);
INSERT INTO `tb_calzado` (id, created_at, estado, is_delete, is_enabled, stock, id_color, id_producto, id_talla) VALUES (775, '2025-10-29 15:47:54', 'Nuevo', 0, 1, 50, 7, 39, 1);
INSERT INTO `tb_calzado` (id, created_at, estado, is_delete, is_enabled, stock, id_color, id_producto, id_talla) VALUES (776, '2025-10-29 15:47:54', 'Nuevo', 0, 1, 40, 7, 77, 2);
INSERT INTO `tb_calzado` (id, created_at, estado, is_delete, is_enabled, stock, id_color, id_producto, id_talla) VALUES (777, '2025-10-29 15:47:54', 'Nuevo', 0, 1, 40, 3, 49, 10);
INSERT INTO `tb_calzado` (id, created_at, estado, is_delete, is_enabled, stock, id_color, id_producto, id_talla) VALUES (778, '2025-10-29 15:47:54', 'Nuevo', 0, 1, 24, 8, 177, 11);
INSERT INTO `tb_calzado` (id, created_at, estado, is_delete, is_enabled, stock, id_color, id_producto, id_talla) VALUES (779, '2025-10-29 15:47:54', 'Nuevo', 0, 1, 16, 2, 131, 10);
INSERT INTO `tb_calzado` (id, created_at, estado, is_delete, is_enabled, stock, id_color, id_producto, id_talla) VALUES (780, '2025-10-29 15:47:54', 'Nuevo', 0, 1, 21, 5, 135, 4);
INSERT INTO `tb_calzado` (id, created_at, estado, is_delete, is_enabled, stock, id_color, id_producto, id_talla) VALUES (781, '2025-10-29 15:47:54', 'Nuevo', 0, 1, 6, 5, 76, 4);
INSERT INTO `tb_calzado` (id, created_at, estado, is_delete, is_enabled, stock, id_color, id_producto, id_talla) VALUES (782, '2025-10-29 15:47:54', 'Nuevo', 0, 1, 30, 5, 138, 5);
INSERT INTO `tb_calzado` (id, created_at, estado, is_delete, is_enabled, stock, id_color, id_producto, id_talla) VALUES (783, '2025-10-29 15:47:54', 'Nuevo', 0, 1, 43, 5, 5, 3);
INSERT INTO `tb_calzado` (id, created_at, estado, is_delete, is_enabled, stock, id_color, id_producto, id_talla) VALUES (784, '2025-10-29 15:47:54', 'Nuevo', 0, 1, 33, 3, 128, 10);
INSERT INTO `tb_calzado` (id, created_at, estado, is_delete, is_enabled, stock, id_color, id_producto, id_talla) VALUES (785, '2025-10-29 15:47:54', 'Nuevo', 0, 1, 44, 3, 152, 6);
INSERT INTO `tb_calzado` (id, created_at, estado, is_delete, is_enabled, stock, id_color, id_producto, id_talla) VALUES (786, '2025-10-29 15:47:54', 'Nuevo', 0, 1, 45, 9, 148, 5);
INSERT INTO `tb_calzado` (id, created_at, estado, is_delete, is_enabled, stock, id_color, id_producto, id_talla) VALUES (787, '2025-10-29 15:47:54', 'Nuevo', 0, 1, 10, 10, 146, 9);
INSERT INTO `tb_calzado` (id, created_at, estado, is_delete, is_enabled, stock, id_color, id_producto, id_talla) VALUES (788, '2025-10-29 15:47:54', 'Nuevo', 0, 1, 14, 8, 60, 4);
INSERT INTO `tb_calzado` (id, created_at, estado, is_delete, is_enabled, stock, id_color, id_producto, id_talla) VALUES (789, '2025-10-29 15:47:54', 'Nuevo', 0, 1, 48, 11, 3, 12);
INSERT INTO `tb_calzado` (id, created_at, estado, is_delete, is_enabled, stock, id_color, id_producto, id_talla) VALUES (790, '2025-10-29 15:47:54', 'Nuevo', 0, 1, 43, 5, 19, 1);
INSERT INTO `tb_calzado` (id, created_at, estado, is_delete, is_enabled, stock, id_color, id_producto, id_talla) VALUES (791, '2025-10-29 15:47:54', 'Nuevo', 0, 1, 50, 13, 6, 2);
INSERT INTO `tb_calzado` (id, created_at, estado, is_delete, is_enabled, stock, id_color, id_producto, id_talla) VALUES (792, '2025-10-29 15:47:54', 'Nuevo', 0, 1, 32, 3, 176, 12);
INSERT INTO `tb_calzado` (id, created_at, estado, is_delete, is_enabled, stock, id_color, id_producto, id_talla) VALUES (793, '2025-10-29 15:47:54', 'Nuevo', 0, 1, 35, 7, 79, 9);
INSERT INTO `tb_calzado` (id, created_at, estado, is_delete, is_enabled, stock, id_color, id_producto, id_talla) VALUES (794, '2025-10-29 15:47:54', 'Nuevo', 0, 1, 39, 9, 177, 9);
INSERT INTO `tb_calzado` (id, created_at, estado, is_delete, is_enabled, stock, id_color, id_producto, id_talla) VALUES (795, '2025-10-29 15:47:54', 'Nuevo', 0, 1, 47, 12, 30, 5);
INSERT INTO `tb_calzado` (id, created_at, estado, is_delete, is_enabled, stock, id_color, id_producto, id_talla) VALUES (796, '2025-10-29 15:47:54', 'Nuevo', 0, 1, 47, 14, 25, 8);
INSERT INTO `tb_calzado` (id, created_at, estado, is_delete, is_enabled, stock, id_color, id_producto, id_talla) VALUES (797, '2025-10-29 15:47:54', 'Nuevo', 0, 1, 33, 3, 62, 5);
INSERT INTO `tb_calzado` (id, created_at, estado, is_delete, is_enabled, stock, id_color, id_producto, id_talla) VALUES (798, '2025-10-29 15:47:54', 'Nuevo', 0, 1, 40, 7, 34, 5);
INSERT INTO `tb_calzado` (id, created_at, estado, is_delete, is_enabled, stock, id_color, id_producto, id_talla) VALUES (799, '2025-10-29 15:47:54', 'Nuevo', 0, 1, 31, 11, 109, 10);
INSERT INTO `tb_calzado` (id, created_at, estado, is_delete, is_enabled, stock, id_color, id_producto, id_talla) VALUES (800, '2025-10-29 15:47:54', 'Nuevo', 0, 1, 38, 2, 67, 10);
INSERT INTO `tb_calzado` (id, created_at, estado, is_delete, is_enabled, stock, id_color, id_producto, id_talla) VALUES (801, '2025-10-29 15:47:54', 'Nuevo', 0, 1, 19, 3, 57, 4);
INSERT INTO `tb_calzado` (id, created_at, estado, is_delete, is_enabled, stock, id_color, id_producto, id_talla) VALUES (802, '2025-10-29 15:47:54', 'Nuevo', 0, 1, 14, 12, 112, 4);
INSERT INTO `tb_calzado` (id, created_at, estado, is_delete, is_enabled, stock, id_color, id_producto, id_talla) VALUES (803, '2025-10-29 15:47:54', 'Nuevo', 0, 1, 38, 2, 67, 11);
INSERT INTO `tb_calzado` (id, created_at, estado, is_delete, is_enabled, stock, id_color, id_producto, id_talla) VALUES (804, '2025-10-29 15:47:54', 'Nuevo', 0, 1, 38, 6, 172, 11);
INSERT INTO `tb_calzado` (id, created_at, estado, is_delete, is_enabled, stock, id_color, id_producto, id_talla) VALUES (805, '2025-10-29 15:47:54', 'Nuevo', 0, 1, 23, 7, 104, 5);
INSERT INTO `tb_calzado` (id, created_at, estado, is_delete, is_enabled, stock, id_color, id_producto, id_talla) VALUES (806, '2025-10-29 15:47:54', 'Nuevo', 0, 1, 47, 14, 76, 9);
INSERT INTO `tb_calzado` (id, created_at, estado, is_delete, is_enabled, stock, id_color, id_producto, id_talla) VALUES (807, '2025-10-29 15:47:54', 'Nuevo', 0, 1, 34, 14, 77, 1);
INSERT INTO `tb_calzado` (id, created_at, estado, is_delete, is_enabled, stock, id_color, id_producto, id_talla) VALUES (808, '2025-10-29 15:47:54', 'Nuevo', 0, 1, 14, 2, 110, 4);
INSERT INTO `tb_calzado` (id, created_at, estado, is_delete, is_enabled, stock, id_color, id_producto, id_talla) VALUES (809, '2025-10-29 15:47:54', 'Nuevo', 0, 1, 37, 4, 54, 11);
INSERT INTO `tb_calzado` (id, created_at, estado, is_delete, is_enabled, stock, id_color, id_producto, id_talla) VALUES (810, '2025-10-29 15:47:54', 'Nuevo', 0, 1, 37, 10, 141, 11);
INSERT INTO `tb_calzado` (id, created_at, estado, is_delete, is_enabled, stock, id_color, id_producto, id_talla) VALUES (811, '2025-10-29 15:47:54', 'Nuevo', 0, 1, 40, 9, 88, 6);
INSERT INTO `tb_calzado` (id, created_at, estado, is_delete, is_enabled, stock, id_color, id_producto, id_talla) VALUES (812, '2025-10-29 15:47:54', 'Nuevo', 0, 1, 41, 12, 153, 2);
INSERT INTO `tb_calzado` (id, created_at, estado, is_delete, is_enabled, stock, id_color, id_producto, id_talla) VALUES (813, '2025-10-29 15:47:54', 'Nuevo', 0, 1, 9, 2, 23, 2);
INSERT INTO `tb_calzado` (id, created_at, estado, is_delete, is_enabled, stock, id_color, id_producto, id_talla) VALUES (814, '2025-10-29 15:47:54', 'Nuevo', 0, 1, 11, 5, 169, 7);
INSERT INTO `tb_calzado` (id, created_at, estado, is_delete, is_enabled, stock, id_color, id_producto, id_talla) VALUES (815, '2025-10-29 15:47:54', 'Nuevo', 0, 1, 19, 9, 85, 12);
INSERT INTO `tb_calzado` (id, created_at, estado, is_delete, is_enabled, stock, id_color, id_producto, id_talla) VALUES (816, '2025-10-29 15:47:54', 'Nuevo', 0, 1, 37, 1, 63, 1);
INSERT INTO `tb_calzado` (id, created_at, estado, is_delete, is_enabled, stock, id_color, id_producto, id_talla) VALUES (817, '2025-10-29 15:47:54', 'Nuevo', 0, 1, 43, 7, 151, 8);
INSERT INTO `tb_calzado` (id, created_at, estado, is_delete, is_enabled, stock, id_color, id_producto, id_talla) VALUES (818, '2025-10-29 15:47:54', 'Nuevo', 0, 1, 41, 2, 160, 1);
INSERT INTO `tb_calzado` (id, created_at, estado, is_delete, is_enabled, stock, id_color, id_producto, id_talla) VALUES (819, '2025-10-29 15:47:54', 'Nuevo', 0, 1, 38, 5, 158, 12);
INSERT INTO `tb_calzado` (id, created_at, estado, is_delete, is_enabled, stock, id_color, id_producto, id_talla) VALUES (820, '2025-10-29 15:47:54', 'Nuevo', 0, 1, 24, 13, 97, 10);
INSERT INTO `tb_calzado` (id, created_at, estado, is_delete, is_enabled, stock, id_color, id_producto, id_talla) VALUES (821, '2025-10-29 15:47:54', 'Nuevo', 0, 1, 38, 6, 198, 7);
INSERT INTO `tb_calzado` (id, created_at, estado, is_delete, is_enabled, stock, id_color, id_producto, id_talla) VALUES (822, '2025-10-29 15:47:54', 'Nuevo', 0, 1, 49, 6, 150, 10);
INSERT INTO `tb_calzado` (id, created_at, estado, is_delete, is_enabled, stock, id_color, id_producto, id_talla) VALUES (823, '2025-10-29 15:47:54', 'Nuevo', 0, 1, 17, 1, 42, 3);
INSERT INTO `tb_calzado` (id, created_at, estado, is_delete, is_enabled, stock, id_color, id_producto, id_talla) VALUES (824, '2025-10-29 15:47:54', 'Nuevo', 0, 1, 33, 4, 187, 11);
INSERT INTO `tb_calzado` (id, created_at, estado, is_delete, is_enabled, stock, id_color, id_producto, id_talla) VALUES (825, '2025-10-29 15:47:54', 'Nuevo', 0, 1, 41, 8, 42, 1);
INSERT INTO `tb_calzado` (id, created_at, estado, is_delete, is_enabled, stock, id_color, id_producto, id_talla) VALUES (826, '2025-10-29 15:47:54', 'Nuevo', 0, 1, 26, 4, 134, 6);
INSERT INTO `tb_calzado` (id, created_at, estado, is_delete, is_enabled, stock, id_color, id_producto, id_talla) VALUES (827, '2025-10-29 15:47:54', 'Nuevo', 0, 1, 29, 4, 172, 6);
INSERT INTO `tb_calzado` (id, created_at, estado, is_delete, is_enabled, stock, id_color, id_producto, id_talla) VALUES (828, '2025-10-29 15:47:54', 'Nuevo', 0, 1, 11, 1, 196, 10);
INSERT INTO `tb_calzado` (id, created_at, estado, is_delete, is_enabled, stock, id_color, id_producto, id_talla) VALUES (829, '2025-10-29 15:47:54', 'Nuevo', 0, 1, 38, 8, 58, 7);
INSERT INTO `tb_calzado` (id, created_at, estado, is_delete, is_enabled, stock, id_color, id_producto, id_talla) VALUES (830, '2025-10-29 15:47:54', 'Nuevo', 0, 1, 38, 5, 163, 11);
INSERT INTO `tb_calzado` (id, created_at, estado, is_delete, is_enabled, stock, id_color, id_producto, id_talla) VALUES (831, '2025-10-29 15:47:54', 'Nuevo', 0, 1, 31, 14, 179, 3);
INSERT INTO `tb_calzado` (id, created_at, estado, is_delete, is_enabled, stock, id_color, id_producto, id_talla) VALUES (832, '2025-10-29 15:47:54', 'Nuevo', 0, 1, 10, 5, 115, 6);
INSERT INTO `tb_calzado` (id, created_at, estado, is_delete, is_enabled, stock, id_color, id_producto, id_talla) VALUES (833, '2025-10-29 15:47:54', 'Nuevo', 0, 1, 43, 5, 61, 4);
INSERT INTO `tb_calzado` (id, created_at, estado, is_delete, is_enabled, stock, id_color, id_producto, id_talla) VALUES (834, '2025-10-29 15:47:54', 'Nuevo', 0, 1, 6, 6, 72, 7);
INSERT INTO `tb_calzado` (id, created_at, estado, is_delete, is_enabled, stock, id_color, id_producto, id_talla) VALUES (835, '2025-10-29 15:47:54', 'Nuevo', 0, 1, 14, 8, 89, 5);
INSERT INTO `tb_calzado` (id, created_at, estado, is_delete, is_enabled, stock, id_color, id_producto, id_talla) VALUES (836, '2025-10-29 15:47:54', 'Nuevo', 0, 1, 45, 7, 114, 8);
INSERT INTO `tb_calzado` (id, created_at, estado, is_delete, is_enabled, stock, id_color, id_producto, id_talla) VALUES (837, '2025-10-29 15:47:54', 'Nuevo', 0, 1, 17, 15, 57, 8);
INSERT INTO `tb_calzado` (id, created_at, estado, is_delete, is_enabled, stock, id_color, id_producto, id_talla) VALUES (838, '2025-10-29 15:47:54', 'Nuevo', 0, 1, 44, 15, 127, 1);
INSERT INTO `tb_calzado` (id, created_at, estado, is_delete, is_enabled, stock, id_color, id_producto, id_talla) VALUES (839, '2025-10-29 15:47:54', 'Nuevo', 0, 1, 35, 2, 80, 8);
INSERT INTO `tb_calzado` (id, created_at, estado, is_delete, is_enabled, stock, id_color, id_producto, id_talla) VALUES (840, '2025-10-29 15:47:54', 'Nuevo', 0, 1, 7, 11, 81, 6);
INSERT INTO `tb_calzado` (id, created_at, estado, is_delete, is_enabled, stock, id_color, id_producto, id_talla) VALUES (841, '2025-10-29 15:47:54', 'Nuevo', 0, 1, 27, 10, 47, 6);
INSERT INTO `tb_calzado` (id, created_at, estado, is_delete, is_enabled, stock, id_color, id_producto, id_talla) VALUES (842, '2025-10-29 15:47:54', 'Nuevo', 0, 1, 30, 3, 74, 5);
INSERT INTO `tb_calzado` (id, created_at, estado, is_delete, is_enabled, stock, id_color, id_producto, id_talla) VALUES (843, '2025-10-29 15:47:54', 'Nuevo', 0, 1, 27, 14, 98, 4);
INSERT INTO `tb_calzado` (id, created_at, estado, is_delete, is_enabled, stock, id_color, id_producto, id_talla) VALUES (844, '2025-10-29 15:47:54', 'Nuevo', 0, 1, 31, 6, 190, 2);
INSERT INTO `tb_calzado` (id, created_at, estado, is_delete, is_enabled, stock, id_color, id_producto, id_talla) VALUES (845, '2025-10-29 15:47:54', 'Nuevo', 0, 1, 23, 11, 79, 7);
INSERT INTO `tb_calzado` (id, created_at, estado, is_delete, is_enabled, stock, id_color, id_producto, id_talla) VALUES (846, '2025-10-29 15:47:54', 'Nuevo', 0, 1, 23, 14, 175, 5);
INSERT INTO `tb_calzado` (id, created_at, estado, is_delete, is_enabled, stock, id_color, id_producto, id_talla) VALUES (847, '2025-10-29 15:47:54', 'Nuevo', 0, 1, 17, 9, 138, 5);
INSERT INTO `tb_calzado` (id, created_at, estado, is_delete, is_enabled, stock, id_color, id_producto, id_talla) VALUES (848, '2025-10-29 15:47:54', 'Nuevo', 0, 1, 5, 7, 50, 11);
INSERT INTO `tb_calzado` (id, created_at, estado, is_delete, is_enabled, stock, id_color, id_producto, id_talla) VALUES (849, '2025-10-29 15:47:54', 'Nuevo', 0, 1, 34, 9, 168, 7);
INSERT INTO `tb_calzado` (id, created_at, estado, is_delete, is_enabled, stock, id_color, id_producto, id_talla) VALUES (850, '2025-10-29 15:47:54', 'Nuevo', 0, 1, 40, 5, 88, 1);
INSERT INTO `tb_calzado` (id, created_at, estado, is_delete, is_enabled, stock, id_color, id_producto, id_talla) VALUES (851, '2025-10-29 15:47:54', 'Nuevo', 0, 1, 29, 9, 136, 11);
INSERT INTO `tb_calzado` (id, created_at, estado, is_delete, is_enabled, stock, id_color, id_producto, id_talla) VALUES (852, '2025-10-29 15:47:54', 'Nuevo', 0, 1, 18, 6, 72, 9);
INSERT INTO `tb_calzado` (id, created_at, estado, is_delete, is_enabled, stock, id_color, id_producto, id_talla) VALUES (853, '2025-10-29 15:47:54', 'Nuevo', 0, 1, 21, 7, 23, 12);
INSERT INTO `tb_calzado` (id, created_at, estado, is_delete, is_enabled, stock, id_color, id_producto, id_talla) VALUES (854, '2025-10-29 15:47:54', 'Nuevo', 0, 1, 8, 2, 146, 11);
INSERT INTO `tb_calzado` (id, created_at, estado, is_delete, is_enabled, stock, id_color, id_producto, id_talla) VALUES (855, '2025-10-29 15:47:54', 'Nuevo', 0, 1, 38, 13, 181, 3);
INSERT INTO `tb_calzado` (id, created_at, estado, is_delete, is_enabled, stock, id_color, id_producto, id_talla) VALUES (856, '2025-10-29 15:47:54', 'Nuevo', 0, 1, 33, 3, 60, 8);
INSERT INTO `tb_calzado` (id, created_at, estado, is_delete, is_enabled, stock, id_color, id_producto, id_talla) VALUES (857, '2025-10-29 15:47:54', 'Nuevo', 0, 1, 50, 5, 2, 2);
INSERT INTO `tb_calzado` (id, created_at, estado, is_delete, is_enabled, stock, id_color, id_producto, id_talla) VALUES (858, '2025-10-29 15:47:54', 'Nuevo', 0, 1, 30, 12, 31, 9);
INSERT INTO `tb_calzado` (id, created_at, estado, is_delete, is_enabled, stock, id_color, id_producto, id_talla) VALUES (859, '2025-10-29 15:47:54', 'Nuevo', 0, 1, 50, 4, 30, 1);
INSERT INTO `tb_calzado` (id, created_at, estado, is_delete, is_enabled, stock, id_color, id_producto, id_talla) VALUES (860, '2025-10-29 15:47:54', 'Nuevo', 0, 1, 48, 4, 141, 11);
INSERT INTO `tb_calzado` (id, created_at, estado, is_delete, is_enabled, stock, id_color, id_producto, id_talla) VALUES (861, '2025-10-29 15:47:54', 'Nuevo', 0, 1, 24, 15, 180, 2);
INSERT INTO `tb_calzado` (id, created_at, estado, is_delete, is_enabled, stock, id_color, id_producto, id_talla) VALUES (862, '2025-10-29 15:47:54', 'Nuevo', 0, 1, 23, 4, 36, 8);
INSERT INTO `tb_calzado` (id, created_at, estado, is_delete, is_enabled, stock, id_color, id_producto, id_talla) VALUES (863, '2025-10-29 15:47:54', 'Nuevo', 0, 1, 12, 15, 183, 12);
INSERT INTO `tb_calzado` (id, created_at, estado, is_delete, is_enabled, stock, id_color, id_producto, id_talla) VALUES (864, '2025-10-29 15:47:54', 'Nuevo', 0, 1, 25, 13, 200, 6);
INSERT INTO `tb_calzado` (id, created_at, estado, is_delete, is_enabled, stock, id_color, id_producto, id_talla) VALUES (865, '2025-10-29 15:47:54', 'Nuevo', 0, 1, 27, 7, 127, 11);
INSERT INTO `tb_calzado` (id, created_at, estado, is_delete, is_enabled, stock, id_color, id_producto, id_talla) VALUES (866, '2025-10-29 15:47:54', 'Nuevo', 0, 1, 8, 9, 116, 8);
INSERT INTO `tb_calzado` (id, created_at, estado, is_delete, is_enabled, stock, id_color, id_producto, id_talla) VALUES (867, '2025-10-29 15:47:54', 'Nuevo', 0, 1, 10, 9, 104, 2);
INSERT INTO `tb_calzado` (id, created_at, estado, is_delete, is_enabled, stock, id_color, id_producto, id_talla) VALUES (868, '2025-10-29 15:47:54', 'Nuevo', 0, 1, 19, 15, 48, 12);
INSERT INTO `tb_calzado` (id, created_at, estado, is_delete, is_enabled, stock, id_color, id_producto, id_talla) VALUES (869, '2025-10-29 15:47:54', 'Nuevo', 0, 1, 28, 2, 191, 9);
INSERT INTO `tb_calzado` (id, created_at, estado, is_delete, is_enabled, stock, id_color, id_producto, id_talla) VALUES (870, '2025-10-29 15:47:54', 'Nuevo', 0, 1, 38, 3, 107, 1);
INSERT INTO `tb_calzado` (id, created_at, estado, is_delete, is_enabled, stock, id_color, id_producto, id_talla) VALUES (871, '2025-10-29 15:47:54', 'Nuevo', 0, 1, 33, 2, 140, 9);
INSERT INTO `tb_calzado` (id, created_at, estado, is_delete, is_enabled, stock, id_color, id_producto, id_talla) VALUES (872, '2025-10-29 15:47:54', 'Nuevo', 0, 1, 9, 6, 94, 3);
INSERT INTO `tb_calzado` (id, created_at, estado, is_delete, is_enabled, stock, id_color, id_producto, id_talla) VALUES (873, '2025-10-29 15:47:54', 'Nuevo', 0, 1, 30, 14, 18, 4);
INSERT INTO `tb_calzado` (id, created_at, estado, is_delete, is_enabled, stock, id_color, id_producto, id_talla) VALUES (874, '2025-10-29 15:47:54', 'Nuevo', 0, 1, 31, 15, 197, 5);
INSERT INTO `tb_calzado` (id, created_at, estado, is_delete, is_enabled, stock, id_color, id_producto, id_talla) VALUES (875, '2025-10-29 15:47:54', 'Nuevo', 0, 1, 40, 10, 4, 9);
INSERT INTO `tb_calzado` (id, created_at, estado, is_delete, is_enabled, stock, id_color, id_producto, id_talla) VALUES (876, '2025-10-29 15:47:54', 'Nuevo', 0, 1, 34, 8, 188, 6);
INSERT INTO `tb_calzado` (id, created_at, estado, is_delete, is_enabled, stock, id_color, id_producto, id_talla) VALUES (877, '2025-10-29 15:47:54', 'Nuevo', 0, 1, 42, 8, 190, 3);
INSERT INTO `tb_calzado` (id, created_at, estado, is_delete, is_enabled, stock, id_color, id_producto, id_talla) VALUES (878, '2025-10-29 15:47:54', 'Nuevo', 0, 1, 25, 8, 108, 10);
INSERT INTO `tb_calzado` (id, created_at, estado, is_delete, is_enabled, stock, id_color, id_producto, id_talla) VALUES (879, '2025-10-29 15:47:54', 'Nuevo', 0, 1, 24, 11, 82, 12);
INSERT INTO `tb_calzado` (id, created_at, estado, is_delete, is_enabled, stock, id_color, id_producto, id_talla) VALUES (880, '2025-10-29 15:47:54', 'Nuevo', 0, 1, 27, 15, 3, 7);
INSERT INTO `tb_calzado` (id, created_at, estado, is_delete, is_enabled, stock, id_color, id_producto, id_talla) VALUES (881, '2025-10-29 15:47:54', 'Nuevo', 0, 1, 40, 6, 171, 11);
INSERT INTO `tb_calzado` (id, created_at, estado, is_delete, is_enabled, stock, id_color, id_producto, id_talla) VALUES (882, '2025-10-29 15:47:54', 'Nuevo', 0, 1, 44, 12, 114, 6);
INSERT INTO `tb_calzado` (id, created_at, estado, is_delete, is_enabled, stock, id_color, id_producto, id_talla) VALUES (883, '2025-10-29 15:47:54', 'Nuevo', 0, 1, 34, 11, 131, 6);
INSERT INTO `tb_calzado` (id, created_at, estado, is_delete, is_enabled, stock, id_color, id_producto, id_talla) VALUES (884, '2025-10-29 15:47:54', 'Nuevo', 0, 1, 34, 8, 53, 5);
INSERT INTO `tb_calzado` (id, created_at, estado, is_delete, is_enabled, stock, id_color, id_producto, id_talla) VALUES (885, '2025-10-29 15:47:54', 'Nuevo', 0, 1, 26, 3, 37, 12);
INSERT INTO `tb_calzado` (id, created_at, estado, is_delete, is_enabled, stock, id_color, id_producto, id_talla) VALUES (886, '2025-10-29 15:47:54', 'Nuevo', 0, 1, 36, 7, 4, 4);
INSERT INTO `tb_calzado` (id, created_at, estado, is_delete, is_enabled, stock, id_color, id_producto, id_talla) VALUES (887, '2025-10-29 15:47:54', 'Nuevo', 0, 1, 34, 15, 170, 2);
INSERT INTO `tb_calzado` (id, created_at, estado, is_delete, is_enabled, stock, id_color, id_producto, id_talla) VALUES (888, '2025-10-29 15:47:54', 'Nuevo', 0, 1, 42, 5, 1, 12);
INSERT INTO `tb_calzado` (id, created_at, estado, is_delete, is_enabled, stock, id_color, id_producto, id_talla) VALUES (889, '2025-10-29 15:47:54', 'Nuevo', 0, 1, 12, 3, 18, 5);
INSERT INTO `tb_calzado` (id, created_at, estado, is_delete, is_enabled, stock, id_color, id_producto, id_talla) VALUES (890, '2025-10-29 15:47:54', 'Nuevo', 0, 1, 43, 13, 133, 11);
INSERT INTO `tb_calzado` (id, created_at, estado, is_delete, is_enabled, stock, id_color, id_producto, id_talla) VALUES (891, '2025-10-29 15:47:54', 'Nuevo', 0, 1, 30, 12, 139, 3);
INSERT INTO `tb_calzado` (id, created_at, estado, is_delete, is_enabled, stock, id_color, id_producto, id_talla) VALUES (892, '2025-10-29 15:47:54', 'Nuevo', 0, 1, 35, 9, 185, 2);
INSERT INTO `tb_calzado` (id, created_at, estado, is_delete, is_enabled, stock, id_color, id_producto, id_talla) VALUES (893, '2025-10-29 15:47:54', 'Nuevo', 0, 1, 28, 4, 167, 10);
INSERT INTO `tb_calzado` (id, created_at, estado, is_delete, is_enabled, stock, id_color, id_producto, id_talla) VALUES (894, '2025-10-29 15:47:54', 'Nuevo', 0, 1, 23, 14, 19, 6);
INSERT INTO `tb_calzado` (id, created_at, estado, is_delete, is_enabled, stock, id_color, id_producto, id_talla) VALUES (895, '2025-10-29 15:47:54', 'Nuevo', 0, 1, 47, 15, 63, 6);
INSERT INTO `tb_calzado` (id, created_at, estado, is_delete, is_enabled, stock, id_color, id_producto, id_talla) VALUES (896, '2025-10-29 15:47:54', 'Nuevo', 0, 1, 32, 5, 177, 10);
INSERT INTO `tb_calzado` (id, created_at, estado, is_delete, is_enabled, stock, id_color, id_producto, id_talla) VALUES (897, '2025-10-29 15:47:54', 'Nuevo', 0, 1, 50, 13, 131, 10);
INSERT INTO `tb_calzado` (id, created_at, estado, is_delete, is_enabled, stock, id_color, id_producto, id_talla) VALUES (898, '2025-10-29 15:47:54', 'Nuevo', 0, 1, 38, 13, 172, 6);
INSERT INTO `tb_calzado` (id, created_at, estado, is_delete, is_enabled, stock, id_color, id_producto, id_talla) VALUES (899, '2025-10-29 15:47:54', 'Nuevo', 0, 1, 31, 14, 185, 7);
INSERT INTO `tb_calzado` (id, created_at, estado, is_delete, is_enabled, stock, id_color, id_producto, id_talla) VALUES (900, '2025-10-29 15:47:54', 'Nuevo', 0, 1, 26, 9, 140, 6);
INSERT INTO `tb_calzado` (id, created_at, estado, is_delete, is_enabled, stock, id_color, id_producto, id_talla) VALUES (901, '2025-10-29 15:47:54', 'Nuevo', 0, 1, 27, 7, 48, 12);
INSERT INTO `tb_calzado` (id, created_at, estado, is_delete, is_enabled, stock, id_color, id_producto, id_talla) VALUES (902, '2025-10-29 15:47:54', 'Nuevo', 0, 1, 44, 7, 175, 9);
INSERT INTO `tb_calzado` (id, created_at, estado, is_delete, is_enabled, stock, id_color, id_producto, id_talla) VALUES (903, '2025-10-29 15:47:54', 'Nuevo', 0, 1, 14, 7, 143, 5);
INSERT INTO `tb_calzado` (id, created_at, estado, is_delete, is_enabled, stock, id_color, id_producto, id_talla) VALUES (904, '2025-10-29 15:47:54', 'Nuevo', 0, 1, 26, 11, 13, 10);
INSERT INTO `tb_calzado` (id, created_at, estado, is_delete, is_enabled, stock, id_color, id_producto, id_talla) VALUES (905, '2025-10-29 15:47:54', 'Nuevo', 0, 1, 41, 10, 4, 10);
INSERT INTO `tb_calzado` (id, created_at, estado, is_delete, is_enabled, stock, id_color, id_producto, id_talla) VALUES (906, '2025-10-29 15:47:54', 'Nuevo', 0, 1, 42, 2, 80, 10);
INSERT INTO `tb_calzado` (id, created_at, estado, is_delete, is_enabled, stock, id_color, id_producto, id_talla) VALUES (907, '2025-10-29 15:47:54', 'Nuevo', 0, 1, 13, 6, 126, 1);
INSERT INTO `tb_calzado` (id, created_at, estado, is_delete, is_enabled, stock, id_color, id_producto, id_talla) VALUES (908, '2025-10-29 15:47:54', 'Nuevo', 0, 1, 50, 14, 198, 6);
INSERT INTO `tb_calzado` (id, created_at, estado, is_delete, is_enabled, stock, id_color, id_producto, id_talla) VALUES (909, '2025-10-29 15:47:54', 'Nuevo', 0, 1, 44, 5, 104, 3);
INSERT INTO `tb_calzado` (id, created_at, estado, is_delete, is_enabled, stock, id_color, id_producto, id_talla) VALUES (910, '2025-10-29 15:47:54', 'Nuevo', 0, 1, 38, 6, 26, 11);
INSERT INTO `tb_calzado` (id, created_at, estado, is_delete, is_enabled, stock, id_color, id_producto, id_talla) VALUES (911, '2025-10-29 15:47:54', 'Nuevo', 0, 1, 24, 1, 168, 12);
INSERT INTO `tb_calzado` (id, created_at, estado, is_delete, is_enabled, stock, id_color, id_producto, id_talla) VALUES (912, '2025-10-29 15:47:54', 'Nuevo', 0, 1, 28, 13, 22, 10);
INSERT INTO `tb_calzado` (id, created_at, estado, is_delete, is_enabled, stock, id_color, id_producto, id_talla) VALUES (913, '2025-10-29 15:47:54', 'Nuevo', 0, 1, 31, 6, 59, 6);
INSERT INTO `tb_calzado` (id, created_at, estado, is_delete, is_enabled, stock, id_color, id_producto, id_talla) VALUES (914, '2025-10-29 15:47:54', 'Nuevo', 0, 1, 23, 6, 103, 5);
INSERT INTO `tb_calzado` (id, created_at, estado, is_delete, is_enabled, stock, id_color, id_producto, id_talla) VALUES (915, '2025-10-29 15:47:54', 'Nuevo', 0, 1, 28, 3, 19, 7);
INSERT INTO `tb_calzado` (id, created_at, estado, is_delete, is_enabled, stock, id_color, id_producto, id_talla) VALUES (916, '2025-10-29 15:47:54', 'Nuevo', 0, 1, 50, 14, 93, 2);
INSERT INTO `tb_calzado` (id, created_at, estado, is_delete, is_enabled, stock, id_color, id_producto, id_talla) VALUES (917, '2025-10-29 15:47:54', 'Nuevo', 0, 1, 11, 8, 60, 8);
INSERT INTO `tb_calzado` (id, created_at, estado, is_delete, is_enabled, stock, id_color, id_producto, id_talla) VALUES (918, '2025-10-29 15:47:54', 'Nuevo', 0, 1, 10, 6, 45, 11);
INSERT INTO `tb_calzado` (id, created_at, estado, is_delete, is_enabled, stock, id_color, id_producto, id_talla) VALUES (919, '2025-10-29 15:47:54', 'Nuevo', 0, 1, 32, 2, 82, 11);
INSERT INTO `tb_calzado` (id, created_at, estado, is_delete, is_enabled, stock, id_color, id_producto, id_talla) VALUES (920, '2025-10-29 15:47:54', 'Nuevo', 0, 1, 21, 10, 14, 1);
INSERT INTO `tb_calzado` (id, created_at, estado, is_delete, is_enabled, stock, id_color, id_producto, id_talla) VALUES (921, '2025-10-29 15:47:54', 'Nuevo', 0, 1, 31, 2, 58, 9);
INSERT INTO `tb_calzado` (id, created_at, estado, is_delete, is_enabled, stock, id_color, id_producto, id_talla) VALUES (922, '2025-10-29 15:47:54', 'Nuevo', 0, 1, 27, 10, 107, 4);
INSERT INTO `tb_calzado` (id, created_at, estado, is_delete, is_enabled, stock, id_color, id_producto, id_talla) VALUES (923, '2025-10-29 15:47:54', 'Nuevo', 0, 1, 48, 7, 85, 6);
INSERT INTO `tb_calzado` (id, created_at, estado, is_delete, is_enabled, stock, id_color, id_producto, id_talla) VALUES (924, '2025-10-29 15:47:54', 'Nuevo', 0, 1, 18, 2, 161, 6);
INSERT INTO `tb_calzado` (id, created_at, estado, is_delete, is_enabled, stock, id_color, id_producto, id_talla) VALUES (925, '2025-10-29 15:47:54', 'Nuevo', 0, 1, 7, 8, 53, 7);
INSERT INTO `tb_calzado` (id, created_at, estado, is_delete, is_enabled, stock, id_color, id_producto, id_talla) VALUES (926, '2025-10-29 15:47:54', 'Nuevo', 0, 1, 34, 6, 175, 12);
INSERT INTO `tb_calzado` (id, created_at, estado, is_delete, is_enabled, stock, id_color, id_producto, id_talla) VALUES (927, '2025-10-29 15:47:54', 'Nuevo', 0, 1, 48, 4, 134, 8);
INSERT INTO `tb_calzado` (id, created_at, estado, is_delete, is_enabled, stock, id_color, id_producto, id_talla) VALUES (928, '2025-10-29 15:47:54', 'Nuevo', 0, 1, 11, 2, 25, 8);
INSERT INTO `tb_calzado` (id, created_at, estado, is_delete, is_enabled, stock, id_color, id_producto, id_talla) VALUES (929, '2025-10-29 15:47:54', 'Nuevo', 0, 1, 27, 13, 16, 4);
INSERT INTO `tb_calzado` (id, created_at, estado, is_delete, is_enabled, stock, id_color, id_producto, id_talla) VALUES (930, '2025-10-29 15:47:54', 'Nuevo', 0, 1, 26, 9, 29, 7);
INSERT INTO `tb_calzado` (id, created_at, estado, is_delete, is_enabled, stock, id_color, id_producto, id_talla) VALUES (931, '2025-10-29 15:47:54', 'Nuevo', 0, 1, 13, 1, 97, 6);
INSERT INTO `tb_calzado` (id, created_at, estado, is_delete, is_enabled, stock, id_color, id_producto, id_talla) VALUES (932, '2025-10-29 15:47:54', 'Nuevo', 0, 1, 42, 14, 57, 5);
INSERT INTO `tb_calzado` (id, created_at, estado, is_delete, is_enabled, stock, id_color, id_producto, id_talla) VALUES (933, '2025-10-29 15:47:54', 'Nuevo', 0, 1, 44, 2, 144, 11);
INSERT INTO `tb_calzado` (id, created_at, estado, is_delete, is_enabled, stock, id_color, id_producto, id_talla) VALUES (934, '2025-10-29 15:47:54', 'Nuevo', 0, 1, 18, 8, 62, 9);
INSERT INTO `tb_calzado` (id, created_at, estado, is_delete, is_enabled, stock, id_color, id_producto, id_talla) VALUES (935, '2025-10-29 15:47:54', 'Nuevo', 0, 1, 38, 4, 27, 3);
INSERT INTO `tb_calzado` (id, created_at, estado, is_delete, is_enabled, stock, id_color, id_producto, id_talla) VALUES (936, '2025-10-29 15:47:54', 'Nuevo', 0, 1, 48, 1, 15, 2);
INSERT INTO `tb_calzado` (id, created_at, estado, is_delete, is_enabled, stock, id_color, id_producto, id_talla) VALUES (937, '2025-10-29 15:47:54', 'Nuevo', 0, 1, 28, 8, 176, 10);
INSERT INTO `tb_calzado` (id, created_at, estado, is_delete, is_enabled, stock, id_color, id_producto, id_talla) VALUES (938, '2025-10-29 15:47:54', 'Nuevo', 0, 1, 38, 13, 156, 8);
INSERT INTO `tb_calzado` (id, created_at, estado, is_delete, is_enabled, stock, id_color, id_producto, id_talla) VALUES (939, '2025-10-29 15:47:54', 'Nuevo', 0, 1, 32, 10, 122, 6);
INSERT INTO `tb_calzado` (id, created_at, estado, is_delete, is_enabled, stock, id_color, id_producto, id_talla) VALUES (940, '2025-10-29 15:47:54', 'Nuevo', 0, 1, 8, 11, 165, 11);
INSERT INTO `tb_calzado` (id, created_at, estado, is_delete, is_enabled, stock, id_color, id_producto, id_talla) VALUES (941, '2025-10-29 15:47:54', 'Nuevo', 0, 1, 29, 7, 189, 12);
INSERT INTO `tb_calzado` (id, created_at, estado, is_delete, is_enabled, stock, id_color, id_producto, id_talla) VALUES (942, '2025-10-29 15:47:54', 'Nuevo', 0, 1, 36, 11, 87, 6);
INSERT INTO `tb_calzado` (id, created_at, estado, is_delete, is_enabled, stock, id_color, id_producto, id_talla) VALUES (943, '2025-10-29 15:47:54', 'Nuevo', 0, 1, 22, 1, 56, 10);
INSERT INTO `tb_calzado` (id, created_at, estado, is_delete, is_enabled, stock, id_color, id_producto, id_talla) VALUES (944, '2025-10-29 15:47:54', 'Nuevo', 0, 1, 8, 6, 47, 8);
INSERT INTO `tb_calzado` (id, created_at, estado, is_delete, is_enabled, stock, id_color, id_producto, id_talla) VALUES (945, '2025-10-29 15:47:54', 'Nuevo', 0, 1, 35, 13, 59, 7);
INSERT INTO `tb_calzado` (id, created_at, estado, is_delete, is_enabled, stock, id_color, id_producto, id_talla) VALUES (946, '2025-10-29 15:47:54', 'Nuevo', 0, 1, 5, 13, 29, 12);
INSERT INTO `tb_calzado` (id, created_at, estado, is_delete, is_enabled, stock, id_color, id_producto, id_talla) VALUES (947, '2025-10-29 15:47:54', 'Nuevo', 0, 1, 10, 4, 8, 10);
INSERT INTO `tb_calzado` (id, created_at, estado, is_delete, is_enabled, stock, id_color, id_producto, id_talla) VALUES (948, '2025-10-29 15:47:54', 'Nuevo', 0, 1, 50, 1, 160, 1);
INSERT INTO `tb_calzado` (id, created_at, estado, is_delete, is_enabled, stock, id_color, id_producto, id_talla) VALUES (949, '2025-10-29 15:47:54', 'Nuevo', 0, 1, 31, 13, 83, 10);
INSERT INTO `tb_calzado` (id, created_at, estado, is_delete, is_enabled, stock, id_color, id_producto, id_talla) VALUES (950, '2025-10-29 15:47:54', 'Nuevo', 0, 1, 40, 4, 99, 3);
INSERT INTO `tb_calzado` (id, created_at, estado, is_delete, is_enabled, stock, id_color, id_producto, id_talla) VALUES (951, '2025-10-29 15:47:54', 'Nuevo', 0, 1, 49, 10, 110, 11);
INSERT INTO `tb_calzado` (id, created_at, estado, is_delete, is_enabled, stock, id_color, id_producto, id_talla) VALUES (952, '2025-10-29 15:47:54', 'Nuevo', 0, 1, 37, 9, 103, 10);
INSERT INTO `tb_calzado` (id, created_at, estado, is_delete, is_enabled, stock, id_color, id_producto, id_talla) VALUES (953, '2025-10-29 15:47:54', 'Nuevo', 0, 1, 8, 9, 23, 12);
INSERT INTO `tb_calzado` (id, created_at, estado, is_delete, is_enabled, stock, id_color, id_producto, id_talla) VALUES (954, '2025-10-29 15:47:54', 'Nuevo', 0, 1, 32, 7, 115, 9);
INSERT INTO `tb_calzado` (id, created_at, estado, is_delete, is_enabled, stock, id_color, id_producto, id_talla) VALUES (955, '2025-10-29 15:47:54', 'Nuevo', 0, 1, 30, 4, 87, 7);
INSERT INTO `tb_calzado` (id, created_at, estado, is_delete, is_enabled, stock, id_color, id_producto, id_talla) VALUES (956, '2025-10-29 15:47:54', 'Nuevo', 0, 1, 15, 12, 184, 10);
INSERT INTO `tb_calzado` (id, created_at, estado, is_delete, is_enabled, stock, id_color, id_producto, id_talla) VALUES (957, '2025-10-29 15:47:54', 'Nuevo', 0, 1, 29, 6, 19, 2);
INSERT INTO `tb_calzado` (id, created_at, estado, is_delete, is_enabled, stock, id_color, id_producto, id_talla) VALUES (958, '2025-10-29 15:47:54', 'Nuevo', 0, 1, 42, 5, 159, 5);
INSERT INTO `tb_calzado` (id, created_at, estado, is_delete, is_enabled, stock, id_color, id_producto, id_talla) VALUES (959, '2025-10-29 15:47:54', 'Nuevo', 0, 1, 31, 1, 163, 1);
INSERT INTO `tb_calzado` (id, created_at, estado, is_delete, is_enabled, stock, id_color, id_producto, id_talla) VALUES (960, '2025-10-29 15:47:54', 'Nuevo', 0, 1, 46, 8, 32, 1);
INSERT INTO `tb_calzado` (id, created_at, estado, is_delete, is_enabled, stock, id_color, id_producto, id_talla) VALUES (961, '2025-10-29 15:47:54', 'Nuevo', 0, 1, 28, 6, 46, 2);
INSERT INTO `tb_calzado` (id, created_at, estado, is_delete, is_enabled, stock, id_color, id_producto, id_talla) VALUES (962, '2025-10-29 15:47:54', 'Nuevo', 0, 1, 50, 11, 18, 10);
INSERT INTO `tb_calzado` (id, created_at, estado, is_delete, is_enabled, stock, id_color, id_producto, id_talla) VALUES (963, '2025-10-29 15:47:54', 'Nuevo', 0, 1, 39, 6, 86, 4);
INSERT INTO `tb_calzado` (id, created_at, estado, is_delete, is_enabled, stock, id_color, id_producto, id_talla) VALUES (964, '2025-10-29 15:47:54', 'Nuevo', 0, 1, 21, 3, 89, 2);
INSERT INTO `tb_calzado` (id, created_at, estado, is_delete, is_enabled, stock, id_color, id_producto, id_talla) VALUES (965, '2025-10-29 15:47:54', 'Nuevo', 0, 1, 5, 8, 61, 4);
INSERT INTO `tb_calzado` (id, created_at, estado, is_delete, is_enabled, stock, id_color, id_producto, id_talla) VALUES (966, '2025-10-29 15:47:54', 'Nuevo', 0, 1, 13, 7, 30, 6);
INSERT INTO `tb_calzado` (id, created_at, estado, is_delete, is_enabled, stock, id_color, id_producto, id_talla) VALUES (967, '2025-10-29 15:47:54', 'Nuevo', 0, 1, 37, 8, 180, 9);
INSERT INTO `tb_calzado` (id, created_at, estado, is_delete, is_enabled, stock, id_color, id_producto, id_talla) VALUES (968, '2025-10-29 15:47:54', 'Nuevo', 0, 1, 29, 14, 14, 11);
INSERT INTO `tb_calzado` (id, created_at, estado, is_delete, is_enabled, stock, id_color, id_producto, id_talla) VALUES (969, '2025-10-29 15:47:54', 'Nuevo', 0, 1, 11, 15, 157, 8);
INSERT INTO `tb_calzado` (id, created_at, estado, is_delete, is_enabled, stock, id_color, id_producto, id_talla) VALUES (970, '2025-10-29 15:47:54', 'Nuevo', 0, 1, 38, 12, 137, 11);
INSERT INTO `tb_calzado` (id, created_at, estado, is_delete, is_enabled, stock, id_color, id_producto, id_talla) VALUES (971, '2025-10-29 15:47:54', 'Nuevo', 0, 1, 12, 11, 42, 3);
INSERT INTO `tb_calzado` (id, created_at, estado, is_delete, is_enabled, stock, id_color, id_producto, id_talla) VALUES (972, '2025-10-29 15:47:54', 'Nuevo', 0, 1, 30, 11, 151, 8);
INSERT INTO `tb_calzado` (id, created_at, estado, is_delete, is_enabled, stock, id_color, id_producto, id_talla) VALUES (973, '2025-10-29 15:47:54', 'Nuevo', 0, 1, 32, 8, 78, 9);
INSERT INTO `tb_calzado` (id, created_at, estado, is_delete, is_enabled, stock, id_color, id_producto, id_talla) VALUES (974, '2025-10-29 15:47:54', 'Nuevo', 0, 1, 46, 15, 189, 12);
INSERT INTO `tb_calzado` (id, created_at, estado, is_delete, is_enabled, stock, id_color, id_producto, id_talla) VALUES (975, '2025-10-29 15:47:54', 'Nuevo', 0, 1, 43, 6, 137, 7);
INSERT INTO `tb_calzado` (id, created_at, estado, is_delete, is_enabled, stock, id_color, id_producto, id_talla) VALUES (976, '2025-10-29 15:47:54', 'Nuevo', 0, 1, 31, 11, 92, 11);
INSERT INTO `tb_calzado` (id, created_at, estado, is_delete, is_enabled, stock, id_color, id_producto, id_talla) VALUES (977, '2025-10-29 15:47:54', 'Nuevo', 0, 1, 30, 5, 169, 6);
INSERT INTO `tb_calzado` (id, created_at, estado, is_delete, is_enabled, stock, id_color, id_producto, id_talla) VALUES (978, '2025-10-29 15:47:54', 'Nuevo', 0, 1, 37, 7, 149, 1);
INSERT INTO `tb_calzado` (id, created_at, estado, is_delete, is_enabled, stock, id_color, id_producto, id_talla) VALUES (979, '2025-10-29 15:47:54', 'Nuevo', 0, 1, 10, 13, 189, 12);
INSERT INTO `tb_calzado` (id, created_at, estado, is_delete, is_enabled, stock, id_color, id_producto, id_talla) VALUES (980, '2025-10-29 15:47:54', 'Nuevo', 0, 1, 21, 2, 167, 5);
INSERT INTO `tb_calzado` (id, created_at, estado, is_delete, is_enabled, stock, id_color, id_producto, id_talla) VALUES (981, '2025-10-29 15:47:54', 'Nuevo', 0, 1, 42, 13, 74, 6);
INSERT INTO `tb_calzado` (id, created_at, estado, is_delete, is_enabled, stock, id_color, id_producto, id_talla) VALUES (982, '2025-10-29 15:47:54', 'Nuevo', 0, 1, 46, 12, 2, 5);
INSERT INTO `tb_calzado` (id, created_at, estado, is_delete, is_enabled, stock, id_color, id_producto, id_talla) VALUES (983, '2025-10-29 15:47:54', 'Nuevo', 0, 1, 26, 5, 127, 1);
INSERT INTO `tb_calzado` (id, created_at, estado, is_delete, is_enabled, stock, id_color, id_producto, id_talla) VALUES (984, '2025-10-29 15:47:54', 'Nuevo', 0, 1, 6, 5, 2, 4);
INSERT INTO `tb_calzado` (id, created_at, estado, is_delete, is_enabled, stock, id_color, id_producto, id_talla) VALUES (985, '2025-10-29 15:47:54', 'Nuevo', 0, 1, 12, 3, 101, 3);
INSERT INTO `tb_calzado` (id, created_at, estado, is_delete, is_enabled, stock, id_color, id_producto, id_talla) VALUES (986, '2025-10-29 15:47:54', 'Nuevo', 0, 1, 16, 1, 198, 9);
INSERT INTO `tb_calzado` (id, created_at, estado, is_delete, is_enabled, stock, id_color, id_producto, id_talla) VALUES (987, '2025-10-29 15:47:54', 'Nuevo', 0, 1, 39, 3, 196, 11);
INSERT INTO `tb_calzado` (id, created_at, estado, is_delete, is_enabled, stock, id_color, id_producto, id_talla) VALUES (988, '2025-10-29 15:47:54', 'Nuevo', 0, 1, 40, 3, 168, 10);
INSERT INTO `tb_calzado` (id, created_at, estado, is_delete, is_enabled, stock, id_color, id_producto, id_talla) VALUES (989, '2025-10-29 15:47:54', 'Nuevo', 0, 1, 24, 3, 50, 9);
INSERT INTO `tb_calzado` (id, created_at, estado, is_delete, is_enabled, stock, id_color, id_producto, id_talla) VALUES (990, '2025-10-29 15:47:54', 'Nuevo', 0, 1, 14, 15, 188, 3);
INSERT INTO `tb_calzado` (id, created_at, estado, is_delete, is_enabled, stock, id_color, id_producto, id_talla) VALUES (991, '2025-10-29 15:47:54', 'Nuevo', 0, 1, 46, 1, 33, 11);
INSERT INTO `tb_calzado` (id, created_at, estado, is_delete, is_enabled, stock, id_color, id_producto, id_talla) VALUES (992, '2025-10-29 15:47:54', 'Nuevo', 0, 1, 32, 2, 128, 11);
INSERT INTO `tb_calzado` (id, created_at, estado, is_delete, is_enabled, stock, id_color, id_producto, id_talla) VALUES (993, '2025-10-29 15:47:54', 'Nuevo', 0, 1, 7, 12, 181, 6);
INSERT INTO `tb_calzado` (id, created_at, estado, is_delete, is_enabled, stock, id_color, id_producto, id_talla) VALUES (994, '2025-10-29 15:47:54', 'Nuevo', 0, 1, 7, 9, 196, 10);
INSERT INTO `tb_calzado` (id, created_at, estado, is_delete, is_enabled, stock, id_color, id_producto, id_talla) VALUES (995, '2025-10-29 15:47:54', 'Nuevo', 0, 1, 15, 2, 62, 10);
INSERT INTO `tb_calzado` (id, created_at, estado, is_delete, is_enabled, stock, id_color, id_producto, id_talla) VALUES (996, '2025-10-29 15:47:54', 'Nuevo', 0, 1, 21, 14, 164, 6);
INSERT INTO `tb_calzado` (id, created_at, estado, is_delete, is_enabled, stock, id_color, id_producto, id_talla) VALUES (997, '2025-10-29 15:47:54', 'Nuevo', 0, 1, 6, 5, 63, 1);
INSERT INTO `tb_calzado` (id, created_at, estado, is_delete, is_enabled, stock, id_color, id_producto, id_talla) VALUES (998, '2025-10-29 15:47:54', 'Nuevo', 0, 1, 50, 8, 75, 12);
INSERT INTO `tb_calzado` (id, created_at, estado, is_delete, is_enabled, stock, id_color, id_producto, id_talla) VALUES (999, '2025-10-29 15:47:54', 'Nuevo', 0, 1, 46, 9, 18, 3);
INSERT INTO `tb_calzado` (id, created_at, estado, is_delete, is_enabled, stock, id_color, id_producto, id_talla) VALUES (1000, '2025-10-29 15:47:54', 'Nuevo', 0, 1, 12, 10, 42, 12);
INSERT INTO `tb_calzado` (id, created_at, estado, is_delete, is_enabled, stock, id_color, id_producto, id_talla) VALUES (1001, '2025-10-29 15:47:54', 'Nuevo', 0, 1, 45, 5, 54, 4);
INSERT INTO `tb_calzado` (id, created_at, estado, is_delete, is_enabled, stock, id_color, id_producto, id_talla) VALUES (1002, '2025-10-29 15:47:54', 'Nuevo', 0, 1, 7, 7, 112, 10);
INSERT INTO `tb_calzado` (id, created_at, estado, is_delete, is_enabled, stock, id_color, id_producto, id_talla) VALUES (1003, '2025-10-29 15:47:54', 'Nuevo', 0, 1, 49, 4, 129, 6);
INSERT INTO `tb_calzado` (id, created_at, estado, is_delete, is_enabled, stock, id_color, id_producto, id_talla) VALUES (1004, '2025-10-29 15:47:54', 'Nuevo', 0, 1, 40, 8, 30, 12);
INSERT INTO `tb_calzado` (id, created_at, estado, is_delete, is_enabled, stock, id_color, id_producto, id_talla) VALUES (1005, '2025-10-29 15:47:54', 'Nuevo', 0, 1, 30, 8, 153, 11);
INSERT INTO `tb_calzado` (id, created_at, estado, is_delete, is_enabled, stock, id_color, id_producto, id_talla) VALUES (1006, '2025-10-29 15:47:54', 'Nuevo', 0, 1, 29, 13, 22, 1);
INSERT INTO `tb_calzado` (id, created_at, estado, is_delete, is_enabled, stock, id_color, id_producto, id_talla) VALUES (1007, '2025-10-29 15:47:54', 'Nuevo', 0, 1, 22, 2, 13, 4);
INSERT INTO `tb_calzado` (id, created_at, estado, is_delete, is_enabled, stock, id_color, id_producto, id_talla) VALUES (1008, '2025-10-29 15:47:54', 'Nuevo', 0, 1, 8, 2, 52, 1);
INSERT INTO `tb_calzado` (id, created_at, estado, is_delete, is_enabled, stock, id_color, id_producto, id_talla) VALUES (1009, '2025-10-29 15:47:54', 'Nuevo', 0, 1, 22, 5, 98, 9);
INSERT INTO `tb_calzado` (id, created_at, estado, is_delete, is_enabled, stock, id_color, id_producto, id_talla) VALUES (1010, '2025-10-29 15:47:54', 'Nuevo', 0, 1, 34, 14, 81, 7);
INSERT INTO `tb_calzado` (id, created_at, estado, is_delete, is_enabled, stock, id_color, id_producto, id_talla) VALUES (1011, '2025-10-29 15:47:54', 'Nuevo', 0, 1, 33, 7, 50, 4);
INSERT INTO `tb_calzado` (id, created_at, estado, is_delete, is_enabled, stock, id_color, id_producto, id_talla) VALUES (1012, '2025-10-29 15:47:54', 'Nuevo', 0, 1, 10, 9, 188, 4);
INSERT INTO `tb_calzado` (id, created_at, estado, is_delete, is_enabled, stock, id_color, id_producto, id_talla) VALUES (1013, '2025-10-29 15:47:54', 'Nuevo', 0, 1, 14, 1, 89, 5);
INSERT INTO `tb_calzado` (id, created_at, estado, is_delete, is_enabled, stock, id_color, id_producto, id_talla) VALUES (1014, '2025-10-29 15:47:54', 'Nuevo', 0, 1, 12, 2, 65, 9);
INSERT INTO `tb_calzado` (id, created_at, estado, is_delete, is_enabled, stock, id_color, id_producto, id_talla) VALUES (1015, '2025-10-29 15:47:54', 'Nuevo', 0, 1, 6, 3, 140, 2);
INSERT INTO `tb_calzado` (id, created_at, estado, is_delete, is_enabled, stock, id_color, id_producto, id_talla) VALUES (1016, '2025-10-29 15:47:54', 'Nuevo', 0, 1, 28, 7, 147, 11);
INSERT INTO `tb_calzado` (id, created_at, estado, is_delete, is_enabled, stock, id_color, id_producto, id_talla) VALUES (1017, '2025-10-29 15:47:54', 'Nuevo', 0, 1, 25, 12, 194, 7);
INSERT INTO `tb_calzado` (id, created_at, estado, is_delete, is_enabled, stock, id_color, id_producto, id_talla) VALUES (1018, '2025-10-29 15:47:54', 'Nuevo', 0, 1, 38, 8, 126, 3);
INSERT INTO `tb_calzado` (id, created_at, estado, is_delete, is_enabled, stock, id_color, id_producto, id_talla) VALUES (1019, '2025-10-29 15:47:54', 'Nuevo', 0, 1, 34, 9, 196, 6);
INSERT INTO `tb_calzado` (id, created_at, estado, is_delete, is_enabled, stock, id_color, id_producto, id_talla) VALUES (1020, '2025-10-29 15:47:54', 'Nuevo', 0, 1, 46, 6, 12, 1);
INSERT INTO `tb_calzado` (id, created_at, estado, is_delete, is_enabled, stock, id_color, id_producto, id_talla) VALUES (1021, '2025-10-29 15:47:54', 'Nuevo', 0, 1, 8, 15, 147, 2);
INSERT INTO `tb_calzado` (id, created_at, estado, is_delete, is_enabled, stock, id_color, id_producto, id_talla) VALUES (1022, '2025-10-29 15:47:54', 'Nuevo', 0, 1, 37, 4, 34, 11);
INSERT INTO `tb_calzado` (id, created_at, estado, is_delete, is_enabled, stock, id_color, id_producto, id_talla) VALUES (1023, '2025-10-29 15:47:54', 'Nuevo', 0, 1, 13, 6, 147, 5);
INSERT INTO `tb_calzado` (id, created_at, estado, is_delete, is_enabled, stock, id_color, id_producto, id_talla) VALUES (1024, '2025-10-29 15:47:54', 'Nuevo', 0, 1, 43, 2, 139, 7);
INSERT INTO `tb_calzado` (id, created_at, estado, is_delete, is_enabled, stock, id_color, id_producto, id_talla) VALUES (1025, '2025-10-29 15:47:54', 'Nuevo', 0, 1, 43, 6, 64, 3);
INSERT INTO `tb_calzado` (id, created_at, estado, is_delete, is_enabled, stock, id_color, id_producto, id_talla) VALUES (1026, '2025-10-29 15:47:54', 'Nuevo', 0, 1, 39, 15, 140, 1);
INSERT INTO `tb_calzado` (id, created_at, estado, is_delete, is_enabled, stock, id_color, id_producto, id_talla) VALUES (1027, '2025-10-29 15:47:54', 'Nuevo', 0, 1, 47, 10, 6, 10);
INSERT INTO `tb_calzado` (id, created_at, estado, is_delete, is_enabled, stock, id_color, id_producto, id_talla) VALUES (1028, '2025-10-29 15:47:54', 'Nuevo', 0, 1, 41, 6, 133, 2);
INSERT INTO `tb_calzado` (id, created_at, estado, is_delete, is_enabled, stock, id_color, id_producto, id_talla) VALUES (1029, '2025-10-29 15:47:54', 'Nuevo', 0, 1, 19, 1, 152, 7);
INSERT INTO `tb_calzado` (id, created_at, estado, is_delete, is_enabled, stock, id_color, id_producto, id_talla) VALUES (1030, '2025-10-29 15:47:54', 'Nuevo', 0, 1, 46, 11, 166, 7);
INSERT INTO `tb_calzado` (id, created_at, estado, is_delete, is_enabled, stock, id_color, id_producto, id_talla) VALUES (1031, '2025-10-29 15:47:54', 'Nuevo', 0, 1, 10, 10, 135, 9);
INSERT INTO `tb_calzado` (id, created_at, estado, is_delete, is_enabled, stock, id_color, id_producto, id_talla) VALUES (1032, '2025-10-29 15:47:54', 'Nuevo', 0, 1, 35, 4, 165, 3);
INSERT INTO `tb_calzado` (id, created_at, estado, is_delete, is_enabled, stock, id_color, id_producto, id_talla) VALUES (1033, '2025-10-29 15:47:54', 'Nuevo', 0, 1, 23, 1, 195, 2);
INSERT INTO `tb_calzado` (id, created_at, estado, is_delete, is_enabled, stock, id_color, id_producto, id_talla) VALUES (1034, '2025-10-29 15:47:54', 'Nuevo', 0, 1, 19, 3, 96, 9);
INSERT INTO `tb_calzado` (id, created_at, estado, is_delete, is_enabled, stock, id_color, id_producto, id_talla) VALUES (1035, '2025-10-29 15:47:54', 'Nuevo', 0, 1, 40, 12, 68, 8);
INSERT INTO `tb_calzado` (id, created_at, estado, is_delete, is_enabled, stock, id_color, id_producto, id_talla) VALUES (1036, '2025-10-29 15:47:54', 'Nuevo', 0, 1, 10, 5, 71, 5);
INSERT INTO `tb_calzado` (id, created_at, estado, is_delete, is_enabled, stock, id_color, id_producto, id_talla) VALUES (1037, '2025-10-29 15:47:54', 'Nuevo', 0, 1, 37, 12, 89, 8);
INSERT INTO `tb_calzado` (id, created_at, estado, is_delete, is_enabled, stock, id_color, id_producto, id_talla) VALUES (1038, '2025-10-29 15:47:54', 'Nuevo', 0, 1, 6, 11, 174, 5);
INSERT INTO `tb_calzado` (id, created_at, estado, is_delete, is_enabled, stock, id_color, id_producto, id_talla) VALUES (1039, '2025-10-29 15:47:54', 'Nuevo', 0, 1, 33, 7, 28, 12);
INSERT INTO `tb_calzado` (id, created_at, estado, is_delete, is_enabled, stock, id_color, id_producto, id_talla) VALUES (1040, '2025-10-29 15:47:54', 'Nuevo', 0, 1, 48, 8, 39, 3);
INSERT INTO `tb_calzado` (id, created_at, estado, is_delete, is_enabled, stock, id_color, id_producto, id_talla) VALUES (1041, '2025-10-29 15:47:54', 'Nuevo', 0, 1, 35, 3, 61, 8);
INSERT INTO `tb_calzado` (id, created_at, estado, is_delete, is_enabled, stock, id_color, id_producto, id_talla) VALUES (1042, '2025-10-29 15:47:54', 'Nuevo', 0, 1, 7, 11, 25, 4);
INSERT INTO `tb_calzado` (id, created_at, estado, is_delete, is_enabled, stock, id_color, id_producto, id_talla) VALUES (1043, '2025-10-29 15:47:54', 'Nuevo', 0, 1, 6, 4, 143, 2);
INSERT INTO `tb_calzado` (id, created_at, estado, is_delete, is_enabled, stock, id_color, id_producto, id_talla) VALUES (1044, '2025-10-29 15:47:54', 'Nuevo', 0, 1, 49, 8, 32, 12);
INSERT INTO `tb_calzado` (id, created_at, estado, is_delete, is_enabled, stock, id_color, id_producto, id_talla) VALUES (1045, '2025-10-29 15:47:54', 'Nuevo', 0, 1, 22, 6, 72, 7);
INSERT INTO `tb_calzado` (id, created_at, estado, is_delete, is_enabled, stock, id_color, id_producto, id_talla) VALUES (1046, '2025-10-29 15:47:54', 'Nuevo', 0, 1, 36, 5, 138, 6);
INSERT INTO `tb_calzado` (id, created_at, estado, is_delete, is_enabled, stock, id_color, id_producto, id_talla) VALUES (1047, '2025-10-29 15:47:54', 'Nuevo', 0, 1, 23, 4, 77, 11);
INSERT INTO `tb_calzado` (id, created_at, estado, is_delete, is_enabled, stock, id_color, id_producto, id_talla) VALUES (1048, '2025-10-29 15:47:54', 'Nuevo', 0, 1, 32, 8, 1, 5);
INSERT INTO `tb_calzado` (id, created_at, estado, is_delete, is_enabled, stock, id_color, id_producto, id_talla) VALUES (1049, '2025-10-29 15:47:54', 'Nuevo', 0, 1, 41, 14, 113, 9);
INSERT INTO `tb_calzado` (id, created_at, estado, is_delete, is_enabled, stock, id_color, id_producto, id_talla) VALUES (1050, '2025-10-29 15:47:54', 'Nuevo', 0, 1, 11, 2, 191, 12);
INSERT INTO `tb_calzado` (id, created_at, estado, is_delete, is_enabled, stock, id_color, id_producto, id_talla) VALUES (1051, '2025-10-29 15:47:54', 'Nuevo', 0, 1, 20, 4, 36, 4);
INSERT INTO `tb_calzado` (id, created_at, estado, is_delete, is_enabled, stock, id_color, id_producto, id_talla) VALUES (1052, '2025-10-29 15:47:54', 'Nuevo', 0, 1, 11, 8, 145, 10);
INSERT INTO `tb_calzado` (id, created_at, estado, is_delete, is_enabled, stock, id_color, id_producto, id_talla) VALUES (1053, '2025-10-29 15:47:54', 'Nuevo', 0, 1, 20, 13, 27, 6);
INSERT INTO `tb_calzado` (id, created_at, estado, is_delete, is_enabled, stock, id_color, id_producto, id_talla) VALUES (1054, '2025-10-29 15:47:54', 'Nuevo', 0, 1, 48, 4, 160, 1);
INSERT INTO `tb_calzado` (id, created_at, estado, is_delete, is_enabled, stock, id_color, id_producto, id_talla) VALUES (1055, '2025-10-29 15:47:54', 'Nuevo', 0, 1, 11, 3, 12, 2);
INSERT INTO `tb_calzado` (id, created_at, estado, is_delete, is_enabled, stock, id_color, id_producto, id_talla) VALUES (1056, '2025-10-29 15:47:54', 'Nuevo', 0, 1, 33, 10, 73, 11);
INSERT INTO `tb_calzado` (id, created_at, estado, is_delete, is_enabled, stock, id_color, id_producto, id_talla) VALUES (1057, '2025-10-29 15:47:54', 'Nuevo', 0, 1, 46, 11, 119, 10);
INSERT INTO `tb_calzado` (id, created_at, estado, is_delete, is_enabled, stock, id_color, id_producto, id_talla) VALUES (1058, '2025-10-29 15:47:54', 'Nuevo', 0, 1, 39, 6, 193, 12);
INSERT INTO `tb_calzado` (id, created_at, estado, is_delete, is_enabled, stock, id_color, id_producto, id_talla) VALUES (1059, '2025-10-29 15:47:54', 'Nuevo', 0, 1, 22, 8, 114, 11);
INSERT INTO `tb_calzado` (id, created_at, estado, is_delete, is_enabled, stock, id_color, id_producto, id_talla) VALUES (1060, '2025-10-29 15:47:54', 'Nuevo', 0, 1, 48, 12, 183, 7);
INSERT INTO `tb_calzado` (id, created_at, estado, is_delete, is_enabled, stock, id_color, id_producto, id_talla) VALUES (1061, '2025-10-29 15:47:54', 'Nuevo', 0, 1, 46, 11, 99, 9);
INSERT INTO `tb_calzado` (id, created_at, estado, is_delete, is_enabled, stock, id_color, id_producto, id_talla) VALUES (1062, '2025-10-29 15:47:54', 'Nuevo', 0, 1, 45, 7, 84, 3);
INSERT INTO `tb_calzado` (id, created_at, estado, is_delete, is_enabled, stock, id_color, id_producto, id_talla) VALUES (1063, '2025-10-29 15:47:54', 'Nuevo', 0, 1, 6, 12, 4, 10);
INSERT INTO `tb_calzado` (id, created_at, estado, is_delete, is_enabled, stock, id_color, id_producto, id_talla) VALUES (1064, '2025-10-29 15:47:54', 'Nuevo', 0, 1, 11, 4, 99, 9);
INSERT INTO `tb_calzado` (id, created_at, estado, is_delete, is_enabled, stock, id_color, id_producto, id_talla) VALUES (1065, '2025-10-29 15:47:54', 'Nuevo', 0, 1, 31, 4, 134, 8);
INSERT INTO `tb_calzado` (id, created_at, estado, is_delete, is_enabled, stock, id_color, id_producto, id_talla) VALUES (1066, '2025-10-29 15:47:54', 'Nuevo', 0, 1, 40, 10, 8, 12);
INSERT INTO `tb_calzado` (id, created_at, estado, is_delete, is_enabled, stock, id_color, id_producto, id_talla) VALUES (1067, '2025-10-29 15:47:54', 'Nuevo', 0, 1, 23, 9, 50, 3);
INSERT INTO `tb_calzado` (id, created_at, estado, is_delete, is_enabled, stock, id_color, id_producto, id_talla) VALUES (1068, '2025-10-29 15:47:54', 'Nuevo', 0, 1, 44, 4, 18, 3);
INSERT INTO `tb_calzado` (id, created_at, estado, is_delete, is_enabled, stock, id_color, id_producto, id_talla) VALUES (1069, '2025-10-29 15:47:54', 'Nuevo', 0, 1, 13, 8, 87, 6);
INSERT INTO `tb_calzado` (id, created_at, estado, is_delete, is_enabled, stock, id_color, id_producto, id_talla) VALUES (1070, '2025-10-29 15:47:54', 'Nuevo', 0, 1, 37, 8, 26, 9);
INSERT INTO `tb_calzado` (id, created_at, estado, is_delete, is_enabled, stock, id_color, id_producto, id_talla) VALUES (1071, '2025-10-29 15:47:54', 'Nuevo', 0, 1, 25, 10, 125, 4);
INSERT INTO `tb_calzado` (id, created_at, estado, is_delete, is_enabled, stock, id_color, id_producto, id_talla) VALUES (1072, '2025-10-29 15:47:54', 'Nuevo', 0, 1, 28, 4, 192, 7);
INSERT INTO `tb_calzado` (id, created_at, estado, is_delete, is_enabled, stock, id_color, id_producto, id_talla) VALUES (1073, '2025-10-29 15:47:54', 'Nuevo', 0, 1, 49, 13, 199, 2);
INSERT INTO `tb_calzado` (id, created_at, estado, is_delete, is_enabled, stock, id_color, id_producto, id_talla) VALUES (1074, '2025-10-29 15:47:54', 'Nuevo', 0, 1, 21, 14, 184, 11);
INSERT INTO `tb_calzado` (id, created_at, estado, is_delete, is_enabled, stock, id_color, id_producto, id_talla) VALUES (1075, '2025-10-29 15:47:54', 'Nuevo', 0, 1, 17, 8, 98, 12);
INSERT INTO `tb_calzado` (id, created_at, estado, is_delete, is_enabled, stock, id_color, id_producto, id_talla) VALUES (1076, '2025-10-29 15:47:54', 'Nuevo', 0, 1, 29, 3, 124, 12);
INSERT INTO `tb_calzado` (id, created_at, estado, is_delete, is_enabled, stock, id_color, id_producto, id_talla) VALUES (1077, '2025-10-29 15:47:54', 'Nuevo', 0, 1, 20, 14, 49, 12);
INSERT INTO `tb_calzado` (id, created_at, estado, is_delete, is_enabled, stock, id_color, id_producto, id_talla) VALUES (1078, '2025-10-29 15:47:54', 'Nuevo', 0, 1, 37, 10, 169, 3);
INSERT INTO `tb_calzado` (id, created_at, estado, is_delete, is_enabled, stock, id_color, id_producto, id_talla) VALUES (1079, '2025-10-29 15:47:54', 'Nuevo', 0, 1, 39, 4, 34, 1);
INSERT INTO `tb_calzado` (id, created_at, estado, is_delete, is_enabled, stock, id_color, id_producto, id_talla) VALUES (1080, '2025-10-29 15:47:54', 'Nuevo', 0, 1, 45, 2, 190, 8);
INSERT INTO `tb_calzado` (id, created_at, estado, is_delete, is_enabled, stock, id_color, id_producto, id_talla) VALUES (1081, '2025-10-29 15:47:54', 'Nuevo', 0, 1, 15, 13, 88, 1);
INSERT INTO `tb_calzado` (id, created_at, estado, is_delete, is_enabled, stock, id_color, id_producto, id_talla) VALUES (1082, '2025-10-29 15:47:54', 'Nuevo', 0, 1, 25, 13, 44, 6);
INSERT INTO `tb_calzado` (id, created_at, estado, is_delete, is_enabled, stock, id_color, id_producto, id_talla) VALUES (1083, '2025-10-29 15:47:54', 'Nuevo', 0, 1, 7, 6, 109, 3);
INSERT INTO `tb_calzado` (id, created_at, estado, is_delete, is_enabled, stock, id_color, id_producto, id_talla) VALUES (1084, '2025-10-29 15:47:54', 'Nuevo', 0, 1, 12, 7, 83, 1);
INSERT INTO `tb_calzado` (id, created_at, estado, is_delete, is_enabled, stock, id_color, id_producto, id_talla) VALUES (1085, '2025-10-29 15:47:54', 'Nuevo', 0, 1, 50, 10, 33, 12);
INSERT INTO `tb_calzado` (id, created_at, estado, is_delete, is_enabled, stock, id_color, id_producto, id_talla) VALUES (1086, '2025-10-29 15:47:54', 'Nuevo', 0, 1, 39, 10, 99, 12);
INSERT INTO `tb_calzado` (id, created_at, estado, is_delete, is_enabled, stock, id_color, id_producto, id_talla) VALUES (1087, '2025-10-29 15:47:54', 'Nuevo', 0, 1, 43, 9, 48, 3);
INSERT INTO `tb_calzado` (id, created_at, estado, is_delete, is_enabled, stock, id_color, id_producto, id_talla) VALUES (1088, '2025-10-29 15:47:54', 'Nuevo', 0, 1, 14, 7, 160, 7);
INSERT INTO `tb_calzado` (id, created_at, estado, is_delete, is_enabled, stock, id_color, id_producto, id_talla) VALUES (1089, '2025-10-29 15:47:54', 'Nuevo', 0, 1, 26, 2, 191, 5);
INSERT INTO `tb_calzado` (id, created_at, estado, is_delete, is_enabled, stock, id_color, id_producto, id_talla) VALUES (1090, '2025-10-29 15:47:54', 'Nuevo', 0, 1, 19, 6, 39, 2);
INSERT INTO `tb_calzado` (id, created_at, estado, is_delete, is_enabled, stock, id_color, id_producto, id_talla) VALUES (1091, '2025-10-29 15:47:54', 'Nuevo', 0, 1, 24, 7, 85, 7);
INSERT INTO `tb_calzado` (id, created_at, estado, is_delete, is_enabled, stock, id_color, id_producto, id_talla) VALUES (1092, '2025-10-29 15:47:54', 'Nuevo', 0, 1, 28, 3, 175, 12);
INSERT INTO `tb_calzado` (id, created_at, estado, is_delete, is_enabled, stock, id_color, id_producto, id_talla) VALUES (1093, '2025-10-29 15:47:54', 'Nuevo', 0, 1, 48, 6, 125, 12);
INSERT INTO `tb_calzado` (id, created_at, estado, is_delete, is_enabled, stock, id_color, id_producto, id_talla) VALUES (1094, '2025-10-29 15:47:54', 'Nuevo', 0, 1, 43, 4, 159, 6);
INSERT INTO `tb_calzado` (id, created_at, estado, is_delete, is_enabled, stock, id_color, id_producto, id_talla) VALUES (1095, '2025-10-29 15:47:54', 'Nuevo', 0, 1, 7, 15, 62, 10);
INSERT INTO `tb_calzado` (id, created_at, estado, is_delete, is_enabled, stock, id_color, id_producto, id_talla) VALUES (1096, '2025-10-29 15:47:54', 'Nuevo', 0, 1, 7, 15, 186, 11);
INSERT INTO `tb_calzado` (id, created_at, estado, is_delete, is_enabled, stock, id_color, id_producto, id_talla) VALUES (1097, '2025-10-29 15:47:54', 'Nuevo', 0, 1, 35, 2, 136, 7);
INSERT INTO `tb_calzado` (id, created_at, estado, is_delete, is_enabled, stock, id_color, id_producto, id_talla) VALUES (1098, '2025-10-29 15:47:54', 'Nuevo', 0, 1, 24, 9, 82, 6);
INSERT INTO `tb_calzado` (id, created_at, estado, is_delete, is_enabled, stock, id_color, id_producto, id_talla) VALUES (1099, '2025-10-29 15:47:54', 'Nuevo', 0, 1, 41, 13, 137, 4);
INSERT INTO `tb_calzado` (id, created_at, estado, is_delete, is_enabled, stock, id_color, id_producto, id_talla) VALUES (1100, '2025-10-29 15:47:54', 'Nuevo', 0, 1, 18, 1, 130, 3);
INSERT INTO `tb_calzado` (id, created_at, estado, is_delete, is_enabled, stock, id_color, id_producto, id_talla) VALUES (1101, '2025-10-29 15:47:54', 'Nuevo', 0, 1, 22, 1, 24, 12);
INSERT INTO `tb_calzado` (id, created_at, estado, is_delete, is_enabled, stock, id_color, id_producto, id_talla) VALUES (1102, '2025-10-29 15:47:54', 'Nuevo', 0, 1, 33, 3, 29, 2);
INSERT INTO `tb_calzado` (id, created_at, estado, is_delete, is_enabled, stock, id_color, id_producto, id_talla) VALUES (1103, '2025-10-29 15:47:54', 'Nuevo', 0, 1, 5, 5, 199, 12);
INSERT INTO `tb_calzado` (id, created_at, estado, is_delete, is_enabled, stock, id_color, id_producto, id_talla) VALUES (1104, '2025-10-29 15:47:54', 'Nuevo', 0, 1, 30, 15, 12, 1);
INSERT INTO `tb_calzado` (id, created_at, estado, is_delete, is_enabled, stock, id_color, id_producto, id_talla) VALUES (1105, '2025-10-29 15:47:54', 'Nuevo', 0, 1, 7, 12, 182, 6);
INSERT INTO `tb_calzado` (id, created_at, estado, is_delete, is_enabled, stock, id_color, id_producto, id_talla) VALUES (1106, '2025-10-29 15:47:54', 'Nuevo', 0, 1, 48, 11, 37, 6);
INSERT INTO `tb_calzado` (id, created_at, estado, is_delete, is_enabled, stock, id_color, id_producto, id_talla) VALUES (1107, '2025-10-29 15:47:54', 'Nuevo', 0, 1, 26, 1, 182, 12);
INSERT INTO `tb_calzado` (id, created_at, estado, is_delete, is_enabled, stock, id_color, id_producto, id_talla) VALUES (1108, '2025-10-29 15:47:54', 'Nuevo', 0, 1, 25, 14, 99, 12);
INSERT INTO `tb_calzado` (id, created_at, estado, is_delete, is_enabled, stock, id_color, id_producto, id_talla) VALUES (1109, '2025-10-29 15:47:54', 'Nuevo', 0, 1, 46, 8, 22, 7);
INSERT INTO `tb_calzado` (id, created_at, estado, is_delete, is_enabled, stock, id_color, id_producto, id_talla) VALUES (1110, '2025-10-29 15:47:54', 'Nuevo', 0, 1, 48, 2, 64, 10);
INSERT INTO `tb_calzado` (id, created_at, estado, is_delete, is_enabled, stock, id_color, id_producto, id_talla) VALUES (1111, '2025-10-29 15:47:54', 'Nuevo', 0, 1, 49, 4, 170, 6);
INSERT INTO `tb_calzado` (id, created_at, estado, is_delete, is_enabled, stock, id_color, id_producto, id_talla) VALUES (1112, '2025-10-29 15:47:54', 'Nuevo', 0, 1, 25, 14, 25, 11);
INSERT INTO `tb_calzado` (id, created_at, estado, is_delete, is_enabled, stock, id_color, id_producto, id_talla) VALUES (1113, '2025-10-29 15:47:54', 'Nuevo', 0, 1, 24, 4, 198, 12);
INSERT INTO `tb_calzado` (id, created_at, estado, is_delete, is_enabled, stock, id_color, id_producto, id_talla) VALUES (1114, '2025-10-29 15:47:54', 'Nuevo', 0, 1, 32, 1, 6, 2);
INSERT INTO `tb_calzado` (id, created_at, estado, is_delete, is_enabled, stock, id_color, id_producto, id_talla) VALUES (1115, '2025-10-29 15:47:54', 'Nuevo', 0, 1, 21, 6, 8, 2);
INSERT INTO `tb_calzado` (id, created_at, estado, is_delete, is_enabled, stock, id_color, id_producto, id_talla) VALUES (1116, '2025-10-29 15:47:54', 'Nuevo', 0, 1, 45, 14, 82, 8);
INSERT INTO `tb_calzado` (id, created_at, estado, is_delete, is_enabled, stock, id_color, id_producto, id_talla) VALUES (1117, '2025-10-29 15:47:54', 'Nuevo', 0, 1, 17, 1, 162, 12);
INSERT INTO `tb_calzado` (id, created_at, estado, is_delete, is_enabled, stock, id_color, id_producto, id_talla) VALUES (1118, '2025-10-29 15:47:54', 'Nuevo', 0, 1, 9, 5, 170, 6);
INSERT INTO `tb_calzado` (id, created_at, estado, is_delete, is_enabled, stock, id_color, id_producto, id_talla) VALUES (1119, '2025-10-29 15:47:54', 'Nuevo', 0, 1, 26, 15, 65, 7);
INSERT INTO `tb_calzado` (id, created_at, estado, is_delete, is_enabled, stock, id_color, id_producto, id_talla) VALUES (1120, '2025-10-29 15:47:54', 'Nuevo', 0, 1, 7, 8, 200, 3);
INSERT INTO `tb_calzado` (id, created_at, estado, is_delete, is_enabled, stock, id_color, id_producto, id_talla) VALUES (1121, '2025-10-29 15:47:54', 'Nuevo', 0, 1, 34, 13, 157, 6);
INSERT INTO `tb_calzado` (id, created_at, estado, is_delete, is_enabled, stock, id_color, id_producto, id_talla) VALUES (1122, '2025-10-29 15:47:54', 'Nuevo', 0, 1, 9, 13, 76, 7);
INSERT INTO `tb_calzado` (id, created_at, estado, is_delete, is_enabled, stock, id_color, id_producto, id_talla) VALUES (1123, '2025-10-29 15:47:54', 'Nuevo', 0, 1, 49, 12, 162, 9);
INSERT INTO `tb_calzado` (id, created_at, estado, is_delete, is_enabled, stock, id_color, id_producto, id_talla) VALUES (1124, '2025-10-29 15:47:54', 'Nuevo', 0, 1, 26, 11, 66, 7);
INSERT INTO `tb_calzado` (id, created_at, estado, is_delete, is_enabled, stock, id_color, id_producto, id_talla) VALUES (1125, '2025-10-29 15:47:54', 'Nuevo', 0, 1, 32, 14, 4, 7);
INSERT INTO `tb_calzado` (id, created_at, estado, is_delete, is_enabled, stock, id_color, id_producto, id_talla) VALUES (1126, '2025-10-29 15:47:54', 'Nuevo', 0, 1, 24, 15, 87, 9);
INSERT INTO `tb_calzado` (id, created_at, estado, is_delete, is_enabled, stock, id_color, id_producto, id_talla) VALUES (1127, '2025-10-29 15:47:54', 'Nuevo', 0, 1, 29, 15, 132, 6);
INSERT INTO `tb_calzado` (id, created_at, estado, is_delete, is_enabled, stock, id_color, id_producto, id_talla) VALUES (1128, '2025-10-29 15:47:54', 'Nuevo', 0, 1, 25, 6, 54, 10);
INSERT INTO `tb_calzado` (id, created_at, estado, is_delete, is_enabled, stock, id_color, id_producto, id_talla) VALUES (1129, '2025-10-29 15:47:54', 'Nuevo', 0, 1, 19, 11, 174, 11);
INSERT INTO `tb_calzado` (id, created_at, estado, is_delete, is_enabled, stock, id_color, id_producto, id_talla) VALUES (1130, '2025-10-29 15:47:54', 'Nuevo', 0, 1, 49, 7, 8, 9);
INSERT INTO `tb_calzado` (id, created_at, estado, is_delete, is_enabled, stock, id_color, id_producto, id_talla) VALUES (1131, '2025-10-29 15:47:54', 'Nuevo', 0, 1, 47, 12, 184, 2);
INSERT INTO `tb_calzado` (id, created_at, estado, is_delete, is_enabled, stock, id_color, id_producto, id_talla) VALUES (1132, '2025-10-29 15:47:54', 'Nuevo', 0, 1, 5, 10, 6, 5);
INSERT INTO `tb_calzado` (id, created_at, estado, is_delete, is_enabled, stock, id_color, id_producto, id_talla) VALUES (1133, '2025-10-29 15:47:54', 'Nuevo', 0, 1, 27, 15, 126, 9);
INSERT INTO `tb_calzado` (id, created_at, estado, is_delete, is_enabled, stock, id_color, id_producto, id_talla) VALUES (1134, '2025-10-29 15:47:54', 'Nuevo', 0, 1, 10, 9, 30, 8);
INSERT INTO `tb_calzado` (id, created_at, estado, is_delete, is_enabled, stock, id_color, id_producto, id_talla) VALUES (1135, '2025-10-29 15:47:54', 'Nuevo', 0, 1, 34, 7, 6, 2);
INSERT INTO `tb_calzado` (id, created_at, estado, is_delete, is_enabled, stock, id_color, id_producto, id_talla) VALUES (1136, '2025-10-29 15:47:54', 'Nuevo', 0, 1, 41, 2, 140, 6);
INSERT INTO `tb_calzado` (id, created_at, estado, is_delete, is_enabled, stock, id_color, id_producto, id_talla) VALUES (1137, '2025-10-29 15:47:54', 'Nuevo', 0, 1, 37, 5, 59, 8);
INSERT INTO `tb_calzado` (id, created_at, estado, is_delete, is_enabled, stock, id_color, id_producto, id_talla) VALUES (1138, '2025-10-29 15:47:54', 'Nuevo', 0, 1, 47, 9, 167, 12);
INSERT INTO `tb_calzado` (id, created_at, estado, is_delete, is_enabled, stock, id_color, id_producto, id_talla) VALUES (1139, '2025-10-29 15:47:54', 'Nuevo', 0, 1, 9, 15, 66, 1);
INSERT INTO `tb_calzado` (id, created_at, estado, is_delete, is_enabled, stock, id_color, id_producto, id_talla) VALUES (1140, '2025-10-29 15:47:54', 'Nuevo', 0, 1, 21, 15, 34, 11);
INSERT INTO `tb_calzado` (id, created_at, estado, is_delete, is_enabled, stock, id_color, id_producto, id_talla) VALUES (1141, '2025-10-29 15:47:54', 'Nuevo', 0, 1, 49, 3, 156, 6);
INSERT INTO `tb_calzado` (id, created_at, estado, is_delete, is_enabled, stock, id_color, id_producto, id_talla) VALUES (1142, '2025-10-29 15:47:54', 'Nuevo', 0, 1, 42, 9, 148, 5);
INSERT INTO `tb_calzado` (id, created_at, estado, is_delete, is_enabled, stock, id_color, id_producto, id_talla) VALUES (1143, '2025-10-29 15:47:54', 'Nuevo', 0, 1, 36, 15, 12, 8);
INSERT INTO `tb_calzado` (id, created_at, estado, is_delete, is_enabled, stock, id_color, id_producto, id_talla) VALUES (1144, '2025-10-29 15:47:54', 'Nuevo', 0, 1, 36, 12, 7, 3);
INSERT INTO `tb_calzado` (id, created_at, estado, is_delete, is_enabled, stock, id_color, id_producto, id_talla) VALUES (1145, '2025-10-29 15:47:54', 'Nuevo', 0, 1, 23, 12, 117, 8);
INSERT INTO `tb_calzado` (id, created_at, estado, is_delete, is_enabled, stock, id_color, id_producto, id_talla) VALUES (1146, '2025-10-29 15:47:54', 'Nuevo', 0, 1, 49, 2, 125, 2);
INSERT INTO `tb_calzado` (id, created_at, estado, is_delete, is_enabled, stock, id_color, id_producto, id_talla) VALUES (1147, '2025-10-29 15:47:54', 'Nuevo', 0, 1, 27, 2, 11, 10);
INSERT INTO `tb_calzado` (id, created_at, estado, is_delete, is_enabled, stock, id_color, id_producto, id_talla) VALUES (1148, '2025-10-29 15:47:54', 'Nuevo', 0, 1, 25, 14, 44, 10);
INSERT INTO `tb_calzado` (id, created_at, estado, is_delete, is_enabled, stock, id_color, id_producto, id_talla) VALUES (1149, '2025-10-29 15:47:54', 'Nuevo', 0, 1, 41, 13, 58, 7);
INSERT INTO `tb_calzado` (id, created_at, estado, is_delete, is_enabled, stock, id_color, id_producto, id_talla) VALUES (1150, '2025-10-29 15:47:54', 'Nuevo', 0, 1, 5, 10, 130, 3);
INSERT INTO `tb_calzado` (id, created_at, estado, is_delete, is_enabled, stock, id_color, id_producto, id_talla) VALUES (1151, '2025-10-29 15:47:54', 'Nuevo', 0, 1, 30, 9, 185, 1);
INSERT INTO `tb_calzado` (id, created_at, estado, is_delete, is_enabled, stock, id_color, id_producto, id_talla) VALUES (1152, '2025-10-29 15:47:54', 'Nuevo', 0, 1, 28, 12, 162, 5);
INSERT INTO `tb_calzado` (id, created_at, estado, is_delete, is_enabled, stock, id_color, id_producto, id_talla) VALUES (1153, '2025-10-29 15:47:54', 'Nuevo', 0, 1, 19, 4, 122, 8);
INSERT INTO `tb_calzado` (id, created_at, estado, is_delete, is_enabled, stock, id_color, id_producto, id_talla) VALUES (1154, '2025-10-29 15:47:54', 'Nuevo', 0, 1, 24, 12, 78, 6);
INSERT INTO `tb_calzado` (id, created_at, estado, is_delete, is_enabled, stock, id_color, id_producto, id_talla) VALUES (1155, '2025-10-29 15:47:54', 'Nuevo', 0, 1, 46, 6, 175, 7);
INSERT INTO `tb_calzado` (id, created_at, estado, is_delete, is_enabled, stock, id_color, id_producto, id_talla) VALUES (1156, '2025-10-29 15:47:54', 'Nuevo', 0, 1, 47, 8, 156, 4);
INSERT INTO `tb_calzado` (id, created_at, estado, is_delete, is_enabled, stock, id_color, id_producto, id_talla) VALUES (1157, '2025-10-29 15:47:54', 'Nuevo', 0, 1, 16, 7, 52, 8);
INSERT INTO `tb_calzado` (id, created_at, estado, is_delete, is_enabled, stock, id_color, id_producto, id_talla) VALUES (1158, '2025-10-29 15:47:54', 'Nuevo', 0, 1, 12, 6, 152, 7);
INSERT INTO `tb_calzado` (id, created_at, estado, is_delete, is_enabled, stock, id_color, id_producto, id_talla) VALUES (1159, '2025-10-29 15:47:54', 'Nuevo', 0, 1, 31, 9, 44, 4);
INSERT INTO `tb_calzado` (id, created_at, estado, is_delete, is_enabled, stock, id_color, id_producto, id_talla) VALUES (1160, '2025-10-29 15:47:54', 'Nuevo', 0, 1, 31, 2, 115, 3);
INSERT INTO `tb_calzado` (id, created_at, estado, is_delete, is_enabled, stock, id_color, id_producto, id_talla) VALUES (1161, '2025-10-29 15:47:54', 'Nuevo', 0, 1, 22, 8, 199, 4);
INSERT INTO `tb_calzado` (id, created_at, estado, is_delete, is_enabled, stock, id_color, id_producto, id_talla) VALUES (1162, '2025-10-29 15:47:54', 'Nuevo', 0, 1, 11, 6, 141, 12);
INSERT INTO `tb_calzado` (id, created_at, estado, is_delete, is_enabled, stock, id_color, id_producto, id_talla) VALUES (1163, '2025-10-29 15:47:54', 'Nuevo', 0, 1, 33, 5, 118, 5);
INSERT INTO `tb_calzado` (id, created_at, estado, is_delete, is_enabled, stock, id_color, id_producto, id_talla) VALUES (1164, '2025-10-29 15:47:54', 'Nuevo', 0, 1, 30, 12, 42, 12);
INSERT INTO `tb_calzado` (id, created_at, estado, is_delete, is_enabled, stock, id_color, id_producto, id_talla) VALUES (1165, '2025-10-29 15:47:54', 'Nuevo', 0, 1, 39, 15, 175, 10);
INSERT INTO `tb_calzado` (id, created_at, estado, is_delete, is_enabled, stock, id_color, id_producto, id_talla) VALUES (1166, '2025-10-29 15:47:54', 'Nuevo', 0, 1, 27, 14, 200, 11);
INSERT INTO `tb_calzado` (id, created_at, estado, is_delete, is_enabled, stock, id_color, id_producto, id_talla) VALUES (1167, '2025-10-29 15:47:54', 'Nuevo', 0, 1, 16, 14, 2, 9);
INSERT INTO `tb_calzado` (id, created_at, estado, is_delete, is_enabled, stock, id_color, id_producto, id_talla) VALUES (1168, '2025-10-29 15:47:54', 'Nuevo', 0, 1, 49, 2, 185, 2);
INSERT INTO `tb_calzado` (id, created_at, estado, is_delete, is_enabled, stock, id_color, id_producto, id_talla) VALUES (1169, '2025-10-29 15:47:54', 'Nuevo', 0, 1, 50, 9, 14, 5);
INSERT INTO `tb_calzado` (id, created_at, estado, is_delete, is_enabled, stock, id_color, id_producto, id_talla) VALUES (1170, '2025-10-29 15:47:54', 'Nuevo', 0, 1, 39, 1, 91, 6);
INSERT INTO `tb_calzado` (id, created_at, estado, is_delete, is_enabled, stock, id_color, id_producto, id_talla) VALUES (1171, '2025-10-29 15:47:54', 'Nuevo', 0, 1, 25, 6, 143, 3);
INSERT INTO `tb_calzado` (id, created_at, estado, is_delete, is_enabled, stock, id_color, id_producto, id_talla) VALUES (1172, '2025-10-29 15:47:54', 'Nuevo', 0, 1, 30, 8, 178, 5);
INSERT INTO `tb_calzado` (id, created_at, estado, is_delete, is_enabled, stock, id_color, id_producto, id_talla) VALUES (1173, '2025-10-29 15:47:54', 'Nuevo', 0, 1, 21, 11, 139, 12);
INSERT INTO `tb_calzado` (id, created_at, estado, is_delete, is_enabled, stock, id_color, id_producto, id_talla) VALUES (1174, '2025-10-29 15:47:54', 'Nuevo', 0, 1, 42, 2, 94, 8);
INSERT INTO `tb_calzado` (id, created_at, estado, is_delete, is_enabled, stock, id_color, id_producto, id_talla) VALUES (1175, '2025-10-29 15:47:54', 'Nuevo', 0, 1, 29, 2, 26, 11);
INSERT INTO `tb_calzado` (id, created_at, estado, is_delete, is_enabled, stock, id_color, id_producto, id_talla) VALUES (1176, '2025-10-29 15:47:54', 'Nuevo', 0, 1, 11, 8, 38, 10);
INSERT INTO `tb_calzado` (id, created_at, estado, is_delete, is_enabled, stock, id_color, id_producto, id_talla) VALUES (1177, '2025-10-29 15:47:54', 'Nuevo', 0, 1, 50, 1, 183, 8);
INSERT INTO `tb_calzado` (id, created_at, estado, is_delete, is_enabled, stock, id_color, id_producto, id_talla) VALUES (1178, '2025-10-29 15:47:54', 'Nuevo', 0, 1, 14, 9, 104, 2);
INSERT INTO `tb_calzado` (id, created_at, estado, is_delete, is_enabled, stock, id_color, id_producto, id_talla) VALUES (1179, '2025-10-29 15:47:54', 'Nuevo', 0, 1, 24, 13, 24, 12);
INSERT INTO `tb_calzado` (id, created_at, estado, is_delete, is_enabled, stock, id_color, id_producto, id_talla) VALUES (1180, '2025-10-29 15:47:54', 'Nuevo', 0, 1, 38, 15, 13, 7);
INSERT INTO `tb_calzado` (id, created_at, estado, is_delete, is_enabled, stock, id_color, id_producto, id_talla) VALUES (1181, '2025-10-29 15:47:54', 'Nuevo', 0, 1, 11, 12, 94, 10);
INSERT INTO `tb_calzado` (id, created_at, estado, is_delete, is_enabled, stock, id_color, id_producto, id_talla) VALUES (1182, '2025-10-29 15:47:54', 'Nuevo', 0, 1, 8, 8, 30, 3);
INSERT INTO `tb_calzado` (id, created_at, estado, is_delete, is_enabled, stock, id_color, id_producto, id_talla) VALUES (1183, '2025-10-29 15:47:54', 'Nuevo', 0, 1, 23, 9, 183, 2);
INSERT INTO `tb_calzado` (id, created_at, estado, is_delete, is_enabled, stock, id_color, id_producto, id_talla) VALUES (1184, '2025-10-29 15:47:54', 'Nuevo', 0, 1, 40, 15, 110, 12);
INSERT INTO `tb_calzado` (id, created_at, estado, is_delete, is_enabled, stock, id_color, id_producto, id_talla) VALUES (1185, '2025-10-29 15:47:54', 'Nuevo', 0, 1, 9, 12, 184, 11);
INSERT INTO `tb_calzado` (id, created_at, estado, is_delete, is_enabled, stock, id_color, id_producto, id_talla) VALUES (1186, '2025-10-29 15:47:54', 'Nuevo', 0, 1, 44, 11, 48, 10);
INSERT INTO `tb_calzado` (id, created_at, estado, is_delete, is_enabled, stock, id_color, id_producto, id_talla) VALUES (1187, '2025-10-29 15:47:54', 'Nuevo', 0, 1, 14, 10, 4, 6);
INSERT INTO `tb_calzado` (id, created_at, estado, is_delete, is_enabled, stock, id_color, id_producto, id_talla) VALUES (1188, '2025-10-29 15:47:54', 'Nuevo', 0, 1, 26, 3, 60, 10);
INSERT INTO `tb_calzado` (id, created_at, estado, is_delete, is_enabled, stock, id_color, id_producto, id_talla) VALUES (1189, '2025-10-29 15:47:54', 'Nuevo', 0, 1, 6, 14, 89, 8);
INSERT INTO `tb_calzado` (id, created_at, estado, is_delete, is_enabled, stock, id_color, id_producto, id_talla) VALUES (1190, '2025-10-29 15:47:54', 'Nuevo', 0, 1, 7, 12, 101, 6);
INSERT INTO `tb_calzado` (id, created_at, estado, is_delete, is_enabled, stock, id_color, id_producto, id_talla) VALUES (1191, '2025-10-29 15:47:54', 'Nuevo', 0, 1, 14, 2, 77, 5);
INSERT INTO `tb_calzado` (id, created_at, estado, is_delete, is_enabled, stock, id_color, id_producto, id_talla) VALUES (1192, '2025-10-29 15:47:54', 'Nuevo', 0, 1, 37, 6, 121, 9);
INSERT INTO `tb_calzado` (id, created_at, estado, is_delete, is_enabled, stock, id_color, id_producto, id_talla) VALUES (1193, '2025-10-29 15:47:54', 'Nuevo', 0, 1, 13, 8, 90, 7);
INSERT INTO `tb_calzado` (id, created_at, estado, is_delete, is_enabled, stock, id_color, id_producto, id_talla) VALUES (1194, '2025-10-29 15:47:54', 'Nuevo', 0, 1, 28, 6, 189, 10);
INSERT INTO `tb_calzado` (id, created_at, estado, is_delete, is_enabled, stock, id_color, id_producto, id_talla) VALUES (1195, '2025-10-29 15:47:54', 'Nuevo', 0, 1, 48, 1, 46, 8);
INSERT INTO `tb_calzado` (id, created_at, estado, is_delete, is_enabled, stock, id_color, id_producto, id_talla) VALUES (1196, '2025-10-29 15:47:54', 'Nuevo', 0, 1, 24, 4, 144, 8);
INSERT INTO `tb_calzado` (id, created_at, estado, is_delete, is_enabled, stock, id_color, id_producto, id_talla) VALUES (1197, '2025-10-29 15:47:54', 'Nuevo', 0, 1, 21, 15, 73, 4);
INSERT INTO `tb_calzado` (id, created_at, estado, is_delete, is_enabled, stock, id_color, id_producto, id_talla) VALUES (1198, '2025-10-29 15:47:54', 'Nuevo', 0, 1, 16, 12, 65, 7);
INSERT INTO `tb_calzado` (id, created_at, estado, is_delete, is_enabled, stock, id_color, id_producto, id_talla) VALUES (1199, '2025-10-29 15:47:54', 'Nuevo', 0, 1, 44, 3, 101, 8);
INSERT INTO `tb_calzado` (id, created_at, estado, is_delete, is_enabled, stock, id_color, id_producto, id_talla) VALUES (1200, '2025-10-29 15:47:54', 'Nuevo', 0, 1, 25, 2, 179, 10);
INSERT INTO `tb_calzado` (id, created_at, estado, is_delete, is_enabled, stock, id_color, id_producto, id_talla) VALUES (1201, '2025-10-29 15:47:54', 'Nuevo', 0, 1, 21, 5, 149, 8);
INSERT INTO `tb_calzado` (id, created_at, estado, is_delete, is_enabled, stock, id_color, id_producto, id_talla) VALUES (1202, '2025-10-29 15:47:54', 'Nuevo', 0, 1, 10, 3, 105, 3);
INSERT INTO `tb_calzado` (id, created_at, estado, is_delete, is_enabled, stock, id_color, id_producto, id_talla) VALUES (1203, '2025-10-29 15:47:54', 'Nuevo', 0, 1, 50, 13, 181, 5);
INSERT INTO `tb_calzado` (id, created_at, estado, is_delete, is_enabled, stock, id_color, id_producto, id_talla) VALUES (1204, '2025-10-29 15:47:54', 'Nuevo', 0, 1, 13, 4, 94, 12);
INSERT INTO `tb_calzado` (id, created_at, estado, is_delete, is_enabled, stock, id_color, id_producto, id_talla) VALUES (1205, '2025-10-29 15:47:54', 'Nuevo', 0, 1, 6, 6, 35, 5);
INSERT INTO `tb_calzado` (id, created_at, estado, is_delete, is_enabled, stock, id_color, id_producto, id_talla) VALUES (1206, '2025-10-29 15:47:54', 'Nuevo', 0, 1, 45, 12, 198, 5);
INSERT INTO `tb_calzado` (id, created_at, estado, is_delete, is_enabled, stock, id_color, id_producto, id_talla) VALUES (1207, '2025-10-29 15:47:54', 'Nuevo', 0, 1, 7, 3, 19, 12);
INSERT INTO `tb_calzado` (id, created_at, estado, is_delete, is_enabled, stock, id_color, id_producto, id_talla) VALUES (1208, '2025-10-29 15:47:54', 'Nuevo', 0, 1, 26, 6, 192, 5);
INSERT INTO `tb_calzado` (id, created_at, estado, is_delete, is_enabled, stock, id_color, id_producto, id_talla) VALUES (1209, '2025-10-29 15:47:54', 'Nuevo', 0, 1, 47, 8, 39, 9);
INSERT INTO `tb_calzado` (id, created_at, estado, is_delete, is_enabled, stock, id_color, id_producto, id_talla) VALUES (1210, '2025-10-29 15:47:54', 'Nuevo', 0, 1, 42, 13, 20, 5);
INSERT INTO `tb_calzado` (id, created_at, estado, is_delete, is_enabled, stock, id_color, id_producto, id_talla) VALUES (1211, '2025-10-29 15:47:54', 'Nuevo', 0, 1, 22, 14, 183, 1);
INSERT INTO `tb_calzado` (id, created_at, estado, is_delete, is_enabled, stock, id_color, id_producto, id_talla) VALUES (1212, '2025-10-29 15:47:54', 'Nuevo', 0, 1, 29, 3, 113, 10);
INSERT INTO `tb_calzado` (id, created_at, estado, is_delete, is_enabled, stock, id_color, id_producto, id_talla) VALUES (1213, '2025-10-29 15:47:54', 'Nuevo', 0, 1, 5, 12, 100, 6);
INSERT INTO `tb_calzado` (id, created_at, estado, is_delete, is_enabled, stock, id_color, id_producto, id_talla) VALUES (1214, '2025-10-29 15:47:54', 'Nuevo', 0, 1, 33, 15, 77, 12);
INSERT INTO `tb_calzado` (id, created_at, estado, is_delete, is_enabled, stock, id_color, id_producto, id_talla) VALUES (1215, '2025-10-29 15:47:54', 'Nuevo', 0, 1, 34, 2, 113, 6);
INSERT INTO `tb_calzado` (id, created_at, estado, is_delete, is_enabled, stock, id_color, id_producto, id_talla) VALUES (1216, '2025-10-29 15:47:54', 'Nuevo', 0, 1, 38, 1, 46, 1);
INSERT INTO `tb_calzado` (id, created_at, estado, is_delete, is_enabled, stock, id_color, id_producto, id_talla) VALUES (1217, '2025-10-29 15:47:54', 'Nuevo', 0, 1, 29, 6, 112, 2);
INSERT INTO `tb_calzado` (id, created_at, estado, is_delete, is_enabled, stock, id_color, id_producto, id_talla) VALUES (1218, '2025-10-29 15:47:54', 'Nuevo', 0, 1, 8, 10, 153, 2);
INSERT INTO `tb_calzado` (id, created_at, estado, is_delete, is_enabled, stock, id_color, id_producto, id_talla) VALUES (1219, '2025-10-29 15:47:54', 'Nuevo', 0, 1, 10, 14, 27, 5);
INSERT INTO `tb_calzado` (id, created_at, estado, is_delete, is_enabled, stock, id_color, id_producto, id_talla) VALUES (1220, '2025-10-29 15:47:54', 'Nuevo', 0, 1, 43, 12, 81, 12);
INSERT INTO `tb_calzado` (id, created_at, estado, is_delete, is_enabled, stock, id_color, id_producto, id_talla) VALUES (1221, '2025-10-29 15:47:54', 'Nuevo', 0, 1, 15, 15, 30, 11);
INSERT INTO `tb_calzado` (id, created_at, estado, is_delete, is_enabled, stock, id_color, id_producto, id_talla) VALUES (1222, '2025-10-29 15:47:54', 'Nuevo', 0, 1, 33, 14, 145, 4);
INSERT INTO `tb_calzado` (id, created_at, estado, is_delete, is_enabled, stock, id_color, id_producto, id_talla) VALUES (1223, '2025-10-29 15:47:54', 'Nuevo', 0, 1, 10, 3, 169, 1);
INSERT INTO `tb_calzado` (id, created_at, estado, is_delete, is_enabled, stock, id_color, id_producto, id_talla) VALUES (1224, '2025-10-29 15:47:54', 'Nuevo', 0, 1, 21, 14, 16, 2);
INSERT INTO `tb_calzado` (id, created_at, estado, is_delete, is_enabled, stock, id_color, id_producto, id_talla) VALUES (1225, '2025-10-29 15:47:54', 'Nuevo', 0, 1, 5, 10, 79, 11);
INSERT INTO `tb_calzado` (id, created_at, estado, is_delete, is_enabled, stock, id_color, id_producto, id_talla) VALUES (1226, '2025-10-29 15:47:54', 'Nuevo', 0, 1, 7, 2, 4, 5);
INSERT INTO `tb_calzado` (id, created_at, estado, is_delete, is_enabled, stock, id_color, id_producto, id_talla) VALUES (1227, '2025-10-29 15:47:54', 'Nuevo', 0, 1, 43, 14, 78, 1);
INSERT INTO `tb_calzado` (id, created_at, estado, is_delete, is_enabled, stock, id_color, id_producto, id_talla) VALUES (1228, '2025-10-29 15:47:54', 'Nuevo', 0, 1, 20, 8, 63, 6);
INSERT INTO `tb_calzado` (id, created_at, estado, is_delete, is_enabled, stock, id_color, id_producto, id_talla) VALUES (1229, '2025-10-29 15:47:54', 'Nuevo', 0, 1, 23, 6, 91, 11);
INSERT INTO `tb_calzado` (id, created_at, estado, is_delete, is_enabled, stock, id_color, id_producto, id_talla) VALUES (1230, '2025-10-29 15:47:54', 'Nuevo', 0, 1, 46, 11, 116, 12);
INSERT INTO `tb_calzado` (id, created_at, estado, is_delete, is_enabled, stock, id_color, id_producto, id_talla) VALUES (1231, '2025-10-29 15:47:54', 'Nuevo', 0, 1, 25, 2, 126, 7);
INSERT INTO `tb_calzado` (id, created_at, estado, is_delete, is_enabled, stock, id_color, id_producto, id_talla) VALUES (1232, '2025-10-29 15:47:54', 'Nuevo', 0, 1, 37, 4, 57, 3);
INSERT INTO `tb_calzado` (id, created_at, estado, is_delete, is_enabled, stock, id_color, id_producto, id_talla) VALUES (1233, '2025-10-29 15:47:54', 'Nuevo', 0, 1, 9, 10, 136, 9);
INSERT INTO `tb_calzado` (id, created_at, estado, is_delete, is_enabled, stock, id_color, id_producto, id_talla) VALUES (1234, '2025-10-29 15:47:54', 'Nuevo', 0, 1, 41, 12, 25, 1);
INSERT INTO `tb_calzado` (id, created_at, estado, is_delete, is_enabled, stock, id_color, id_producto, id_talla) VALUES (1235, '2025-10-29 15:47:54', 'Nuevo', 0, 1, 13, 6, 102, 11);
INSERT INTO `tb_calzado` (id, created_at, estado, is_delete, is_enabled, stock, id_color, id_producto, id_talla) VALUES (1236, '2025-10-29 15:47:54', 'Nuevo', 0, 1, 6, 1, 108, 5);
INSERT INTO `tb_calzado` (id, created_at, estado, is_delete, is_enabled, stock, id_color, id_producto, id_talla) VALUES (1237, '2025-10-29 15:47:54', 'Nuevo', 0, 1, 39, 5, 166, 3);
INSERT INTO `tb_calzado` (id, created_at, estado, is_delete, is_enabled, stock, id_color, id_producto, id_talla) VALUES (1238, '2025-10-29 15:47:54', 'Nuevo', 0, 1, 17, 3, 147, 10);
INSERT INTO `tb_calzado` (id, created_at, estado, is_delete, is_enabled, stock, id_color, id_producto, id_talla) VALUES (1239, '2025-10-29 15:47:54', 'Nuevo', 0, 1, 31, 14, 37, 7);
INSERT INTO `tb_calzado` (id, created_at, estado, is_delete, is_enabled, stock, id_color, id_producto, id_talla) VALUES (1240, '2025-10-29 15:47:54', 'Nuevo', 0, 1, 44, 3, 48, 9);
INSERT INTO `tb_calzado` (id, created_at, estado, is_delete, is_enabled, stock, id_color, id_producto, id_talla) VALUES (1241, '2025-10-29 15:47:54', 'Nuevo', 0, 1, 7, 8, 42, 6);
INSERT INTO `tb_calzado` (id, created_at, estado, is_delete, is_enabled, stock, id_color, id_producto, id_talla) VALUES (1242, '2025-10-29 15:47:54', 'Nuevo', 0, 1, 33, 9, 109, 12);
INSERT INTO `tb_calzado` (id, created_at, estado, is_delete, is_enabled, stock, id_color, id_producto, id_talla) VALUES (1243, '2025-10-29 15:47:54', 'Nuevo', 0, 1, 50, 11, 117, 1);
INSERT INTO `tb_calzado` (id, created_at, estado, is_delete, is_enabled, stock, id_color, id_producto, id_talla) VALUES (1244, '2025-10-29 15:47:54', 'Nuevo', 0, 1, 25, 3, 170, 4);
INSERT INTO `tb_calzado` (id, created_at, estado, is_delete, is_enabled, stock, id_color, id_producto, id_talla) VALUES (1245, '2025-10-29 15:47:54', 'Nuevo', 0, 1, 38, 2, 156, 8);
INSERT INTO `tb_calzado` (id, created_at, estado, is_delete, is_enabled, stock, id_color, id_producto, id_talla) VALUES (1246, '2025-10-29 15:47:54', 'Nuevo', 0, 1, 38, 9, 46, 2);
INSERT INTO `tb_calzado` (id, created_at, estado, is_delete, is_enabled, stock, id_color, id_producto, id_talla) VALUES (1247, '2025-10-29 15:47:54', 'Nuevo', 0, 1, 10, 1, 187, 8);
INSERT INTO `tb_calzado` (id, created_at, estado, is_delete, is_enabled, stock, id_color, id_producto, id_talla) VALUES (1248, '2025-10-29 15:47:54', 'Nuevo', 0, 1, 37, 10, 111, 11);
INSERT INTO `tb_calzado` (id, created_at, estado, is_delete, is_enabled, stock, id_color, id_producto, id_talla) VALUES (1249, '2025-10-29 15:47:54', 'Nuevo', 0, 1, 36, 1, 81, 2);
INSERT INTO `tb_calzado` (id, created_at, estado, is_delete, is_enabled, stock, id_color, id_producto, id_talla) VALUES (1250, '2025-10-29 15:47:54', 'Nuevo', 0, 1, 5, 8, 20, 9);
INSERT INTO `tb_calzado` (id, created_at, estado, is_delete, is_enabled, stock, id_color, id_producto, id_talla) VALUES (1251, '2025-10-29 15:47:54', 'Nuevo', 0, 1, 20, 11, 8, 9);
INSERT INTO `tb_calzado` (id, created_at, estado, is_delete, is_enabled, stock, id_color, id_producto, id_talla) VALUES (1252, '2025-10-29 15:47:54', 'Nuevo', 0, 1, 39, 10, 193, 6);
INSERT INTO `tb_calzado` (id, created_at, estado, is_delete, is_enabled, stock, id_color, id_producto, id_talla) VALUES (1253, '2025-10-29 15:47:54', 'Nuevo', 0, 1, 33, 5, 136, 7);
INSERT INTO `tb_calzado` (id, created_at, estado, is_delete, is_enabled, stock, id_color, id_producto, id_talla) VALUES (1254, '2025-10-29 15:47:54', 'Nuevo', 0, 1, 17, 15, 142, 10);
INSERT INTO `tb_calzado` (id, created_at, estado, is_delete, is_enabled, stock, id_color, id_producto, id_talla) VALUES (1255, '2025-10-29 15:47:54', 'Nuevo', 0, 1, 9, 11, 106, 6);
INSERT INTO `tb_calzado` (id, created_at, estado, is_delete, is_enabled, stock, id_color, id_producto, id_talla) VALUES (1256, '2025-10-29 15:47:54', 'Nuevo', 0, 1, 15, 7, 45, 1);
INSERT INTO `tb_calzado` (id, created_at, estado, is_delete, is_enabled, stock, id_color, id_producto, id_talla) VALUES (1257, '2025-10-29 15:47:54', 'Nuevo', 0, 1, 44, 8, 157, 10);
INSERT INTO `tb_calzado` (id, created_at, estado, is_delete, is_enabled, stock, id_color, id_producto, id_talla) VALUES (1258, '2025-10-29 15:47:54', 'Nuevo', 0, 1, 29, 8, 30, 5);
INSERT INTO `tb_calzado` (id, created_at, estado, is_delete, is_enabled, stock, id_color, id_producto, id_talla) VALUES (1259, '2025-10-29 15:47:54', 'Nuevo', 0, 1, 50, 13, 131, 8);
INSERT INTO `tb_calzado` (id, created_at, estado, is_delete, is_enabled, stock, id_color, id_producto, id_talla) VALUES (1260, '2025-10-29 15:47:54', 'Nuevo', 0, 1, 47, 13, 1, 6);
INSERT INTO `tb_calzado` (id, created_at, estado, is_delete, is_enabled, stock, id_color, id_producto, id_talla) VALUES (1261, '2025-10-29 15:47:54', 'Nuevo', 0, 1, 27, 7, 114, 1);
INSERT INTO `tb_calzado` (id, created_at, estado, is_delete, is_enabled, stock, id_color, id_producto, id_talla) VALUES (1262, '2025-10-29 15:47:54', 'Nuevo', 0, 1, 33, 1, 54, 5);
INSERT INTO `tb_calzado` (id, created_at, estado, is_delete, is_enabled, stock, id_color, id_producto, id_talla) VALUES (1263, '2025-10-29 15:47:54', 'Nuevo', 0, 1, 47, 15, 46, 9);
INSERT INTO `tb_calzado` (id, created_at, estado, is_delete, is_enabled, stock, id_color, id_producto, id_talla) VALUES (1264, '2025-10-29 15:47:54', 'Nuevo', 0, 1, 12, 9, 150, 11);
INSERT INTO `tb_calzado` (id, created_at, estado, is_delete, is_enabled, stock, id_color, id_producto, id_talla) VALUES (1265, '2025-10-29 15:47:54', 'Nuevo', 0, 1, 20, 1, 18, 5);
INSERT INTO `tb_calzado` (id, created_at, estado, is_delete, is_enabled, stock, id_color, id_producto, id_talla) VALUES (1266, '2025-10-29 15:47:54', 'Nuevo', 0, 1, 44, 8, 173, 9);
INSERT INTO `tb_calzado` (id, created_at, estado, is_delete, is_enabled, stock, id_color, id_producto, id_talla) VALUES (1267, '2025-10-29 15:47:54', 'Nuevo', 0, 1, 7, 5, 33, 1);
INSERT INTO `tb_calzado` (id, created_at, estado, is_delete, is_enabled, stock, id_color, id_producto, id_talla) VALUES (1268, '2025-10-29 15:47:54', 'Nuevo', 0, 1, 31, 7, 162, 3);
INSERT INTO `tb_calzado` (id, created_at, estado, is_delete, is_enabled, stock, id_color, id_producto, id_talla) VALUES (1269, '2025-10-29 15:47:54', 'Nuevo', 0, 1, 25, 10, 100, 12);
INSERT INTO `tb_calzado` (id, created_at, estado, is_delete, is_enabled, stock, id_color, id_producto, id_talla) VALUES (1270, '2025-10-29 15:47:54', 'Nuevo', 0, 1, 43, 8, 172, 7);
INSERT INTO `tb_calzado` (id, created_at, estado, is_delete, is_enabled, stock, id_color, id_producto, id_talla) VALUES (1271, '2025-10-29 15:47:54', 'Nuevo', 0, 1, 33, 11, 182, 8);
INSERT INTO `tb_calzado` (id, created_at, estado, is_delete, is_enabled, stock, id_color, id_producto, id_talla) VALUES (1272, '2025-10-29 15:47:54', 'Nuevo', 0, 1, 25, 13, 26, 11);
INSERT INTO `tb_calzado` (id, created_at, estado, is_delete, is_enabled, stock, id_color, id_producto, id_talla) VALUES (1273, '2025-10-29 15:47:54', 'Nuevo', 0, 1, 32, 2, 133, 3);
INSERT INTO `tb_calzado` (id, created_at, estado, is_delete, is_enabled, stock, id_color, id_producto, id_talla) VALUES (1274, '2025-10-29 15:47:54', 'Nuevo', 0, 1, 35, 15, 169, 3);
INSERT INTO `tb_calzado` (id, created_at, estado, is_delete, is_enabled, stock, id_color, id_producto, id_talla) VALUES (1275, '2025-10-29 15:47:54', 'Nuevo', 0, 1, 20, 13, 140, 8);
INSERT INTO `tb_calzado` (id, created_at, estado, is_delete, is_enabled, stock, id_color, id_producto, id_talla) VALUES (1276, '2025-10-29 15:47:54', 'Nuevo', 0, 1, 29, 11, 66, 10);
INSERT INTO `tb_calzado` (id, created_at, estado, is_delete, is_enabled, stock, id_color, id_producto, id_talla) VALUES (1277, '2025-10-29 15:47:54', 'Nuevo', 0, 1, 7, 12, 189, 4);
INSERT INTO `tb_calzado` (id, created_at, estado, is_delete, is_enabled, stock, id_color, id_producto, id_talla) VALUES (1278, '2025-10-29 15:47:54', 'Nuevo', 0, 1, 13, 15, 37, 9);
INSERT INTO `tb_calzado` (id, created_at, estado, is_delete, is_enabled, stock, id_color, id_producto, id_talla) VALUES (1279, '2025-10-29 15:47:54', 'Nuevo', 0, 1, 18, 3, 84, 3);
INSERT INTO `tb_calzado` (id, created_at, estado, is_delete, is_enabled, stock, id_color, id_producto, id_talla) VALUES (1280, '2025-10-29 15:47:54', 'Nuevo', 0, 1, 47, 15, 160, 1);
INSERT INTO `tb_calzado` (id, created_at, estado, is_delete, is_enabled, stock, id_color, id_producto, id_talla) VALUES (1281, '2025-10-29 15:47:54', 'Nuevo', 0, 1, 38, 6, 27, 3);
INSERT INTO `tb_calzado` (id, created_at, estado, is_delete, is_enabled, stock, id_color, id_producto, id_talla) VALUES (1282, '2025-10-29 15:47:54', 'Nuevo', 0, 1, 9, 12, 58, 2);
INSERT INTO `tb_calzado` (id, created_at, estado, is_delete, is_enabled, stock, id_color, id_producto, id_talla) VALUES (1283, '2025-10-29 15:47:54', 'Nuevo', 0, 1, 25, 5, 153, 4);
INSERT INTO `tb_calzado` (id, created_at, estado, is_delete, is_enabled, stock, id_color, id_producto, id_talla) VALUES (1284, '2025-10-29 15:47:54', 'Nuevo', 0, 1, 39, 4, 123, 5);
INSERT INTO `tb_calzado` (id, created_at, estado, is_delete, is_enabled, stock, id_color, id_producto, id_talla) VALUES (1285, '2025-10-29 15:47:54', 'Nuevo', 0, 1, 30, 12, 82, 9);
INSERT INTO `tb_calzado` (id, created_at, estado, is_delete, is_enabled, stock, id_color, id_producto, id_talla) VALUES (1286, '2025-10-29 15:47:54', 'Nuevo', 0, 1, 17, 13, 150, 1);
INSERT INTO `tb_calzado` (id, created_at, estado, is_delete, is_enabled, stock, id_color, id_producto, id_talla) VALUES (1287, '2025-10-29 15:47:54', 'Nuevo', 0, 1, 39, 4, 153, 11);
INSERT INTO `tb_calzado` (id, created_at, estado, is_delete, is_enabled, stock, id_color, id_producto, id_talla) VALUES (1288, '2025-10-29 15:47:54', 'Nuevo', 0, 1, 7, 8, 189, 8);
INSERT INTO `tb_calzado` (id, created_at, estado, is_delete, is_enabled, stock, id_color, id_producto, id_talla) VALUES (1289, '2025-10-29 15:47:54', 'Nuevo', 0, 1, 14, 7, 153, 3);
INSERT INTO `tb_calzado` (id, created_at, estado, is_delete, is_enabled, stock, id_color, id_producto, id_talla) VALUES (1290, '2025-10-29 15:47:54', 'Nuevo', 0, 1, 14, 11, 190, 4);
INSERT INTO `tb_calzado` (id, created_at, estado, is_delete, is_enabled, stock, id_color, id_producto, id_talla) VALUES (1291, '2025-10-29 15:47:54', 'Nuevo', 0, 1, 29, 14, 186, 1);
INSERT INTO `tb_calzado` (id, created_at, estado, is_delete, is_enabled, stock, id_color, id_producto, id_talla) VALUES (1292, '2025-10-29 15:47:54', 'Nuevo', 0, 1, 10, 10, 21, 1);
INSERT INTO `tb_calzado` (id, created_at, estado, is_delete, is_enabled, stock, id_color, id_producto, id_talla) VALUES (1293, '2025-10-29 15:47:54', 'Nuevo', 0, 1, 47, 3, 151, 11);
INSERT INTO `tb_calzado` (id, created_at, estado, is_delete, is_enabled, stock, id_color, id_producto, id_talla) VALUES (1294, '2025-10-29 15:47:54', 'Nuevo', 0, 1, 39, 4, 8, 3);
INSERT INTO `tb_calzado` (id, created_at, estado, is_delete, is_enabled, stock, id_color, id_producto, id_talla) VALUES (1295, '2025-10-29 15:47:54', 'Nuevo', 0, 1, 23, 4, 199, 11);
INSERT INTO `tb_calzado` (id, created_at, estado, is_delete, is_enabled, stock, id_color, id_producto, id_talla) VALUES (1296, '2025-10-29 15:47:54', 'Nuevo', 0, 1, 20, 11, 30, 1);
INSERT INTO `tb_calzado` (id, created_at, estado, is_delete, is_enabled, stock, id_color, id_producto, id_talla) VALUES (1297, '2025-10-29 15:47:54', 'Nuevo', 0, 1, 41, 9, 191, 5);
INSERT INTO `tb_calzado` (id, created_at, estado, is_delete, is_enabled, stock, id_color, id_producto, id_talla) VALUES (1298, '2025-10-29 15:47:54', 'Nuevo', 0, 1, 23, 8, 49, 2);
INSERT INTO `tb_calzado` (id, created_at, estado, is_delete, is_enabled, stock, id_color, id_producto, id_talla) VALUES (1299, '2025-10-29 15:47:54', 'Nuevo', 0, 1, 8, 3, 154, 2);
INSERT INTO `tb_calzado` (id, created_at, estado, is_delete, is_enabled, stock, id_color, id_producto, id_talla) VALUES (1300, '2025-10-29 15:47:54', 'Nuevo', 0, 1, 8, 13, 36, 1);
INSERT INTO `tb_calzado` (id, created_at, estado, is_delete, is_enabled, stock, id_color, id_producto, id_talla) VALUES (1301, '2025-10-29 15:47:54', 'Nuevo', 0, 1, 25, 15, 152, 1);
INSERT INTO `tb_calzado` (id, created_at, estado, is_delete, is_enabled, stock, id_color, id_producto, id_talla) VALUES (1302, '2025-10-29 15:47:54', 'Nuevo', 0, 1, 8, 11, 86, 3);
INSERT INTO `tb_calzado` (id, created_at, estado, is_delete, is_enabled, stock, id_color, id_producto, id_talla) VALUES (1303, '2025-10-29 15:47:54', 'Nuevo', 0, 1, 44, 9, 17, 8);
INSERT INTO `tb_calzado` (id, created_at, estado, is_delete, is_enabled, stock, id_color, id_producto, id_talla) VALUES (1304, '2025-10-29 15:47:54', 'Nuevo', 0, 1, 23, 14, 185, 11);
INSERT INTO `tb_calzado` (id, created_at, estado, is_delete, is_enabled, stock, id_color, id_producto, id_talla) VALUES (1305, '2025-10-29 15:47:54', 'Nuevo', 0, 1, 50, 14, 176, 3);
INSERT INTO `tb_calzado` (id, created_at, estado, is_delete, is_enabled, stock, id_color, id_producto, id_talla) VALUES (1306, '2025-10-29 15:47:54', 'Nuevo', 0, 1, 43, 11, 3, 10);
INSERT INTO `tb_calzado` (id, created_at, estado, is_delete, is_enabled, stock, id_color, id_producto, id_talla) VALUES (1307, '2025-10-29 15:47:54', 'Nuevo', 0, 1, 40, 13, 82, 2);
INSERT INTO `tb_calzado` (id, created_at, estado, is_delete, is_enabled, stock, id_color, id_producto, id_talla) VALUES (1308, '2025-10-29 15:47:54', 'Nuevo', 0, 1, 46, 9, 173, 1);
INSERT INTO `tb_calzado` (id, created_at, estado, is_delete, is_enabled, stock, id_color, id_producto, id_talla) VALUES (1309, '2025-10-29 15:47:54', 'Nuevo', 0, 1, 27, 3, 102, 6);
INSERT INTO `tb_calzado` (id, created_at, estado, is_delete, is_enabled, stock, id_color, id_producto, id_talla) VALUES (1310, '2025-10-29 15:47:54', 'Nuevo', 0, 1, 33, 6, 173, 1);
INSERT INTO `tb_calzado` (id, created_at, estado, is_delete, is_enabled, stock, id_color, id_producto, id_talla) VALUES (1311, '2025-10-29 15:47:54', 'Nuevo', 0, 1, 35, 14, 176, 11);
INSERT INTO `tb_calzado` (id, created_at, estado, is_delete, is_enabled, stock, id_color, id_producto, id_talla) VALUES (1312, '2025-10-29 15:47:54', 'Nuevo', 0, 1, 23, 14, 165, 7);
INSERT INTO `tb_calzado` (id, created_at, estado, is_delete, is_enabled, stock, id_color, id_producto, id_talla) VALUES (1313, '2025-10-29 15:47:54', 'Nuevo', 0, 1, 23, 15, 14, 1);
INSERT INTO `tb_calzado` (id, created_at, estado, is_delete, is_enabled, stock, id_color, id_producto, id_talla) VALUES (1314, '2025-10-29 15:47:54', 'Nuevo', 0, 1, 11, 8, 81, 8);
INSERT INTO `tb_calzado` (id, created_at, estado, is_delete, is_enabled, stock, id_color, id_producto, id_talla) VALUES (1315, '2025-10-29 15:47:54', 'Nuevo', 0, 1, 50, 2, 8, 4);
INSERT INTO `tb_calzado` (id, created_at, estado, is_delete, is_enabled, stock, id_color, id_producto, id_talla) VALUES (1316, '2025-10-29 15:47:54', 'Nuevo', 0, 1, 9, 4, 46, 1);
INSERT INTO `tb_calzado` (id, created_at, estado, is_delete, is_enabled, stock, id_color, id_producto, id_talla) VALUES (1317, '2025-10-29 15:47:54', 'Nuevo', 0, 1, 6, 10, 39, 8);
INSERT INTO `tb_calzado` (id, created_at, estado, is_delete, is_enabled, stock, id_color, id_producto, id_talla) VALUES (1318, '2025-10-29 15:47:54', 'Nuevo', 0, 1, 48, 10, 133, 12);
INSERT INTO `tb_calzado` (id, created_at, estado, is_delete, is_enabled, stock, id_color, id_producto, id_talla) VALUES (1319, '2025-10-29 15:47:54', 'Nuevo', 0, 1, 10, 9, 91, 11);
INSERT INTO `tb_calzado` (id, created_at, estado, is_delete, is_enabled, stock, id_color, id_producto, id_talla) VALUES (1320, '2025-10-29 15:47:54', 'Nuevo', 0, 1, 34, 13, 76, 2);
INSERT INTO `tb_calzado` (id, created_at, estado, is_delete, is_enabled, stock, id_color, id_producto, id_talla) VALUES (1321, '2025-10-29 15:47:54', 'Nuevo', 0, 1, 26, 13, 143, 12);
INSERT INTO `tb_calzado` (id, created_at, estado, is_delete, is_enabled, stock, id_color, id_producto, id_talla) VALUES (1322, '2025-10-29 15:47:54', 'Nuevo', 0, 1, 20, 6, 94, 2);
INSERT INTO `tb_calzado` (id, created_at, estado, is_delete, is_enabled, stock, id_color, id_producto, id_talla) VALUES (1323, '2025-10-29 15:47:54', 'Nuevo', 0, 1, 37, 13, 6, 7);
INSERT INTO `tb_calzado` (id, created_at, estado, is_delete, is_enabled, stock, id_color, id_producto, id_talla) VALUES (1324, '2025-10-29 15:47:54', 'Nuevo', 0, 1, 8, 14, 134, 2);
INSERT INTO `tb_calzado` (id, created_at, estado, is_delete, is_enabled, stock, id_color, id_producto, id_talla) VALUES (1325, '2025-10-29 15:47:54', 'Nuevo', 0, 1, 11, 12, 96, 7);
INSERT INTO `tb_calzado` (id, created_at, estado, is_delete, is_enabled, stock, id_color, id_producto, id_talla) VALUES (1326, '2025-10-29 15:47:54', 'Nuevo', 0, 1, 14, 12, 46, 10);
INSERT INTO `tb_calzado` (id, created_at, estado, is_delete, is_enabled, stock, id_color, id_producto, id_talla) VALUES (1327, '2025-10-29 15:47:54', 'Nuevo', 0, 1, 22, 15, 143, 6);
INSERT INTO `tb_calzado` (id, created_at, estado, is_delete, is_enabled, stock, id_color, id_producto, id_talla) VALUES (1328, '2025-10-29 15:47:54', 'Nuevo', 0, 1, 43, 8, 86, 9);
INSERT INTO `tb_calzado` (id, created_at, estado, is_delete, is_enabled, stock, id_color, id_producto, id_talla) VALUES (1329, '2025-10-29 15:47:54', 'Nuevo', 0, 1, 38, 9, 132, 10);
INSERT INTO `tb_calzado` (id, created_at, estado, is_delete, is_enabled, stock, id_color, id_producto, id_talla) VALUES (1330, '2025-10-29 15:47:54', 'Nuevo', 0, 1, 24, 13, 188, 1);
INSERT INTO `tb_calzado` (id, created_at, estado, is_delete, is_enabled, stock, id_color, id_producto, id_talla) VALUES (1331, '2025-10-29 15:47:54', 'Nuevo', 0, 1, 46, 3, 147, 9);
INSERT INTO `tb_calzado` (id, created_at, estado, is_delete, is_enabled, stock, id_color, id_producto, id_talla) VALUES (1332, '2025-10-29 15:47:54', 'Nuevo', 0, 1, 40, 2, 12, 1);
INSERT INTO `tb_calzado` (id, created_at, estado, is_delete, is_enabled, stock, id_color, id_producto, id_talla) VALUES (1333, '2025-10-29 15:47:54', 'Nuevo', 0, 1, 7, 1, 142, 7);
INSERT INTO `tb_calzado` (id, created_at, estado, is_delete, is_enabled, stock, id_color, id_producto, id_talla) VALUES (1334, '2025-10-29 15:47:54', 'Nuevo', 0, 1, 28, 3, 164, 8);
INSERT INTO `tb_calzado` (id, created_at, estado, is_delete, is_enabled, stock, id_color, id_producto, id_talla) VALUES (1335, '2025-10-29 15:47:54', 'Nuevo', 0, 1, 26, 15, 3, 3);
INSERT INTO `tb_calzado` (id, created_at, estado, is_delete, is_enabled, stock, id_color, id_producto, id_talla) VALUES (1336, '2025-10-29 15:47:54', 'Nuevo', 0, 1, 22, 13, 153, 8);
INSERT INTO `tb_calzado` (id, created_at, estado, is_delete, is_enabled, stock, id_color, id_producto, id_talla) VALUES (1337, '2025-10-29 15:47:54', 'Nuevo', 0, 1, 46, 14, 90, 7);
INSERT INTO `tb_calzado` (id, created_at, estado, is_delete, is_enabled, stock, id_color, id_producto, id_talla) VALUES (1338, '2025-10-29 15:47:54', 'Nuevo', 0, 1, 7, 14, 160, 5);
INSERT INTO `tb_calzado` (id, created_at, estado, is_delete, is_enabled, stock, id_color, id_producto, id_talla) VALUES (1339, '2025-10-29 15:47:54', 'Nuevo', 0, 1, 9, 11, 24, 8);
INSERT INTO `tb_calzado` (id, created_at, estado, is_delete, is_enabled, stock, id_color, id_producto, id_talla) VALUES (1340, '2025-10-29 15:47:54', 'Nuevo', 0, 1, 49, 15, 76, 6);
INSERT INTO `tb_calzado` (id, created_at, estado, is_delete, is_enabled, stock, id_color, id_producto, id_talla) VALUES (1341, '2025-10-29 15:47:54', 'Nuevo', 0, 1, 26, 5, 12, 1);
INSERT INTO `tb_calzado` (id, created_at, estado, is_delete, is_enabled, stock, id_color, id_producto, id_talla) VALUES (1342, '2025-10-29 15:47:54', 'Nuevo', 0, 1, 38, 14, 176, 1);
INSERT INTO `tb_calzado` (id, created_at, estado, is_delete, is_enabled, stock, id_color, id_producto, id_talla) VALUES (1343, '2025-10-29 15:47:54', 'Nuevo', 0, 1, 18, 3, 7, 8);
INSERT INTO `tb_calzado` (id, created_at, estado, is_delete, is_enabled, stock, id_color, id_producto, id_talla) VALUES (1344, '2025-10-29 15:47:54', 'Nuevo', 0, 1, 42, 6, 166, 1);
INSERT INTO `tb_calzado` (id, created_at, estado, is_delete, is_enabled, stock, id_color, id_producto, id_talla) VALUES (1345, '2025-10-29 15:47:54', 'Nuevo', 0, 1, 49, 4, 166, 4);
INSERT INTO `tb_calzado` (id, created_at, estado, is_delete, is_enabled, stock, id_color, id_producto, id_talla) VALUES (1346, '2025-10-29 15:47:54', 'Nuevo', 0, 1, 19, 15, 98, 12);
INSERT INTO `tb_calzado` (id, created_at, estado, is_delete, is_enabled, stock, id_color, id_producto, id_talla) VALUES (1347, '2025-10-29 15:47:54', 'Nuevo', 0, 1, 40, 7, 156, 5);
INSERT INTO `tb_calzado` (id, created_at, estado, is_delete, is_enabled, stock, id_color, id_producto, id_talla) VALUES (1348, '2025-10-29 15:47:54', 'Nuevo', 0, 1, 11, 13, 192, 6);
INSERT INTO `tb_calzado` (id, created_at, estado, is_delete, is_enabled, stock, id_color, id_producto, id_talla) VALUES (1349, '2025-10-29 15:47:54', 'Nuevo', 0, 1, 26, 9, 9, 1);
INSERT INTO `tb_calzado` (id, created_at, estado, is_delete, is_enabled, stock, id_color, id_producto, id_talla) VALUES (1350, '2025-10-29 15:47:54', 'Nuevo', 0, 1, 12, 9, 12, 11);
INSERT INTO `tb_calzado` (id, created_at, estado, is_delete, is_enabled, stock, id_color, id_producto, id_talla) VALUES (1351, '2025-10-29 15:47:54', 'Nuevo', 0, 1, 43, 9, 17, 6);
INSERT INTO `tb_calzado` (id, created_at, estado, is_delete, is_enabled, stock, id_color, id_producto, id_talla) VALUES (1352, '2025-10-29 15:47:54', 'Nuevo', 0, 1, 36, 15, 74, 6);
INSERT INTO `tb_calzado` (id, created_at, estado, is_delete, is_enabled, stock, id_color, id_producto, id_talla) VALUES (1353, '2025-10-29 15:47:54', 'Nuevo', 0, 1, 45, 10, 118, 9);
INSERT INTO `tb_calzado` (id, created_at, estado, is_delete, is_enabled, stock, id_color, id_producto, id_talla) VALUES (1354, '2025-10-29 15:47:54', 'Nuevo', 0, 1, 22, 9, 19, 6);
INSERT INTO `tb_calzado` (id, created_at, estado, is_delete, is_enabled, stock, id_color, id_producto, id_talla) VALUES (1355, '2025-10-29 15:47:54', 'Nuevo', 0, 1, 19, 11, 54, 9);
INSERT INTO `tb_calzado` (id, created_at, estado, is_delete, is_enabled, stock, id_color, id_producto, id_talla) VALUES (1356, '2025-10-29 15:47:54', 'Nuevo', 0, 1, 41, 1, 12, 8);
INSERT INTO `tb_calzado` (id, created_at, estado, is_delete, is_enabled, stock, id_color, id_producto, id_talla) VALUES (1357, '2025-10-29 15:47:54', 'Nuevo', 0, 1, 27, 3, 53, 9);
INSERT INTO `tb_calzado` (id, created_at, estado, is_delete, is_enabled, stock, id_color, id_producto, id_talla) VALUES (1358, '2025-10-29 15:47:54', 'Nuevo', 0, 1, 36, 9, 30, 7);
INSERT INTO `tb_calzado` (id, created_at, estado, is_delete, is_enabled, stock, id_color, id_producto, id_talla) VALUES (1359, '2025-10-29 15:47:54', 'Nuevo', 0, 1, 8, 4, 186, 2);
INSERT INTO `tb_calzado` (id, created_at, estado, is_delete, is_enabled, stock, id_color, id_producto, id_talla) VALUES (1360, '2025-10-29 15:47:54', 'Nuevo', 0, 1, 36, 7, 149, 5);
INSERT INTO `tb_calzado` (id, created_at, estado, is_delete, is_enabled, stock, id_color, id_producto, id_talla) VALUES (1361, '2025-10-29 15:47:54', 'Nuevo', 0, 1, 49, 8, 13, 7);
INSERT INTO `tb_calzado` (id, created_at, estado, is_delete, is_enabled, stock, id_color, id_producto, id_talla) VALUES (1362, '2025-10-29 15:47:54', 'Nuevo', 0, 1, 37, 14, 171, 10);
INSERT INTO `tb_calzado` (id, created_at, estado, is_delete, is_enabled, stock, id_color, id_producto, id_talla) VALUES (1363, '2025-10-29 15:47:54', 'Nuevo', 0, 1, 49, 11, 100, 5);
INSERT INTO `tb_calzado` (id, created_at, estado, is_delete, is_enabled, stock, id_color, id_producto, id_talla) VALUES (1364, '2025-10-29 15:47:54', 'Nuevo', 0, 1, 10, 9, 170, 11);
INSERT INTO `tb_calzado` (id, created_at, estado, is_delete, is_enabled, stock, id_color, id_producto, id_talla) VALUES (1365, '2025-10-29 15:47:54', 'Nuevo', 0, 1, 31, 14, 20, 10);
INSERT INTO `tb_calzado` (id, created_at, estado, is_delete, is_enabled, stock, id_color, id_producto, id_talla) VALUES (1366, '2025-10-29 15:47:54', 'Nuevo', 0, 1, 5, 4, 57, 11);
INSERT INTO `tb_calzado` (id, created_at, estado, is_delete, is_enabled, stock, id_color, id_producto, id_talla) VALUES (1367, '2025-10-29 15:47:54', 'Nuevo', 0, 1, 8, 9, 103, 9);
INSERT INTO `tb_calzado` (id, created_at, estado, is_delete, is_enabled, stock, id_color, id_producto, id_talla) VALUES (1368, '2025-10-29 15:47:54', 'Nuevo', 0, 1, 26, 1, 148, 2);
INSERT INTO `tb_calzado` (id, created_at, estado, is_delete, is_enabled, stock, id_color, id_producto, id_talla) VALUES (1369, '2025-10-29 15:47:54', 'Nuevo', 0, 1, 40, 4, 170, 12);
INSERT INTO `tb_calzado` (id, created_at, estado, is_delete, is_enabled, stock, id_color, id_producto, id_talla) VALUES (1370, '2025-10-29 15:47:54', 'Nuevo', 0, 1, 32, 12, 5, 1);
INSERT INTO `tb_calzado` (id, created_at, estado, is_delete, is_enabled, stock, id_color, id_producto, id_talla) VALUES (1371, '2025-10-29 15:47:54', 'Nuevo', 0, 1, 48, 1, 125, 6);
INSERT INTO `tb_calzado` (id, created_at, estado, is_delete, is_enabled, stock, id_color, id_producto, id_talla) VALUES (1372, '2025-10-29 15:47:54', 'Nuevo', 0, 1, 19, 3, 169, 12);
INSERT INTO `tb_calzado` (id, created_at, estado, is_delete, is_enabled, stock, id_color, id_producto, id_talla) VALUES (1373, '2025-10-29 15:47:54', 'Nuevo', 0, 1, 6, 8, 194, 4);
INSERT INTO `tb_calzado` (id, created_at, estado, is_delete, is_enabled, stock, id_color, id_producto, id_talla) VALUES (1374, '2025-10-29 15:47:54', 'Nuevo', 0, 1, 11, 7, 89, 3);
INSERT INTO `tb_calzado` (id, created_at, estado, is_delete, is_enabled, stock, id_color, id_producto, id_talla) VALUES (1375, '2025-10-29 15:47:54', 'Nuevo', 0, 1, 21, 2, 60, 4);
INSERT INTO `tb_calzado` (id, created_at, estado, is_delete, is_enabled, stock, id_color, id_producto, id_talla) VALUES (1376, '2025-10-29 15:47:54', 'Nuevo', 0, 1, 14, 2, 51, 8);
INSERT INTO `tb_calzado` (id, created_at, estado, is_delete, is_enabled, stock, id_color, id_producto, id_talla) VALUES (1377, '2025-10-29 15:47:54', 'Nuevo', 0, 1, 14, 5, 157, 8);
INSERT INTO `tb_calzado` (id, created_at, estado, is_delete, is_enabled, stock, id_color, id_producto, id_talla) VALUES (1378, '2025-10-29 15:47:54', 'Nuevo', 0, 1, 27, 1, 79, 7);
INSERT INTO `tb_calzado` (id, created_at, estado, is_delete, is_enabled, stock, id_color, id_producto, id_talla) VALUES (1379, '2025-10-29 15:47:54', 'Nuevo', 0, 1, 9, 4, 106, 5);
INSERT INTO `tb_calzado` (id, created_at, estado, is_delete, is_enabled, stock, id_color, id_producto, id_talla) VALUES (1380, '2025-10-29 15:47:54', 'Nuevo', 0, 1, 7, 5, 5, 2);
INSERT INTO `tb_calzado` (id, created_at, estado, is_delete, is_enabled, stock, id_color, id_producto, id_talla) VALUES (1381, '2025-10-29 15:47:54', 'Nuevo', 0, 1, 12, 8, 25, 5);
INSERT INTO `tb_calzado` (id, created_at, estado, is_delete, is_enabled, stock, id_color, id_producto, id_talla) VALUES (1382, '2025-10-29 15:47:54', 'Nuevo', 0, 1, 24, 9, 5, 3);
INSERT INTO `tb_calzado` (id, created_at, estado, is_delete, is_enabled, stock, id_color, id_producto, id_talla) VALUES (1383, '2025-10-29 15:47:54', 'Nuevo', 0, 1, 36, 11, 69, 10);
INSERT INTO `tb_calzado` (id, created_at, estado, is_delete, is_enabled, stock, id_color, id_producto, id_talla) VALUES (1384, '2025-10-29 15:47:54', 'Nuevo', 0, 1, 47, 9, 12, 9);
INSERT INTO `tb_calzado` (id, created_at, estado, is_delete, is_enabled, stock, id_color, id_producto, id_talla) VALUES (1385, '2025-10-29 15:47:54', 'Nuevo', 0, 1, 44, 1, 49, 2);
INSERT INTO `tb_calzado` (id, created_at, estado, is_delete, is_enabled, stock, id_color, id_producto, id_talla) VALUES (1386, '2025-10-29 15:47:54', 'Nuevo', 0, 1, 6, 12, 113, 5);
INSERT INTO `tb_calzado` (id, created_at, estado, is_delete, is_enabled, stock, id_color, id_producto, id_talla) VALUES (1387, '2025-10-29 15:47:54', 'Nuevo', 0, 1, 6, 15, 69, 2);
INSERT INTO `tb_calzado` (id, created_at, estado, is_delete, is_enabled, stock, id_color, id_producto, id_talla) VALUES (1388, '2025-10-29 15:47:54', 'Nuevo', 0, 1, 8, 8, 184, 6);
INSERT INTO `tb_calzado` (id, created_at, estado, is_delete, is_enabled, stock, id_color, id_producto, id_talla) VALUES (1389, '2025-10-29 15:47:54', 'Nuevo', 0, 1, 10, 2, 93, 11);
INSERT INTO `tb_calzado` (id, created_at, estado, is_delete, is_enabled, stock, id_color, id_producto, id_talla) VALUES (1390, '2025-10-29 15:47:54', 'Nuevo', 0, 1, 6, 12, 67, 3);
INSERT INTO `tb_calzado` (id, created_at, estado, is_delete, is_enabled, stock, id_color, id_producto, id_talla) VALUES (1391, '2025-10-29 15:47:54', 'Nuevo', 0, 1, 36, 5, 25, 5);
INSERT INTO `tb_calzado` (id, created_at, estado, is_delete, is_enabled, stock, id_color, id_producto, id_talla) VALUES (1392, '2025-10-29 15:47:54', 'Nuevo', 0, 1, 50, 8, 41, 11);
INSERT INTO `tb_calzado` (id, created_at, estado, is_delete, is_enabled, stock, id_color, id_producto, id_talla) VALUES (1393, '2025-10-29 15:47:54', 'Nuevo', 0, 1, 20, 2, 137, 6);
INSERT INTO `tb_calzado` (id, created_at, estado, is_delete, is_enabled, stock, id_color, id_producto, id_talla) VALUES (1394, '2025-10-29 15:47:54', 'Nuevo', 0, 1, 24, 13, 101, 2);
INSERT INTO `tb_calzado` (id, created_at, estado, is_delete, is_enabled, stock, id_color, id_producto, id_talla) VALUES (1395, '2025-10-29 15:47:54', 'Nuevo', 0, 1, 16, 15, 57, 12);
INSERT INTO `tb_calzado` (id, created_at, estado, is_delete, is_enabled, stock, id_color, id_producto, id_talla) VALUES (1396, '2025-10-29 15:47:54', 'Nuevo', 0, 1, 22, 6, 196, 11);
INSERT INTO `tb_calzado` (id, created_at, estado, is_delete, is_enabled, stock, id_color, id_producto, id_talla) VALUES (1397, '2025-10-29 15:47:54', 'Nuevo', 0, 1, 40, 3, 30, 8);
INSERT INTO `tb_calzado` (id, created_at, estado, is_delete, is_enabled, stock, id_color, id_producto, id_talla) VALUES (1398, '2025-10-29 15:47:54', 'Nuevo', 0, 1, 17, 10, 40, 5);
INSERT INTO `tb_calzado` (id, created_at, estado, is_delete, is_enabled, stock, id_color, id_producto, id_talla) VALUES (1399, '2025-10-29 15:47:54', 'Nuevo', 0, 1, 49, 7, 50, 7);
INSERT INTO `tb_calzado` (id, created_at, estado, is_delete, is_enabled, stock, id_color, id_producto, id_talla) VALUES (1400, '2025-10-29 15:47:54', 'Nuevo', 0, 1, 40, 13, 183, 8);
INSERT INTO `tb_calzado` (id, created_at, estado, is_delete, is_enabled, stock, id_color, id_producto, id_talla) VALUES (1401, '2025-10-29 15:47:54', 'Nuevo', 0, 1, 46, 9, 21, 4);
INSERT INTO `tb_calzado` (id, created_at, estado, is_delete, is_enabled, stock, id_color, id_producto, id_talla) VALUES (1402, '2025-10-29 15:47:54', 'Nuevo', 0, 1, 38, 10, 144, 4);
INSERT INTO `tb_calzado` (id, created_at, estado, is_delete, is_enabled, stock, id_color, id_producto, id_talla) VALUES (1403, '2025-10-29 15:47:54', 'Nuevo', 0, 1, 25, 12, 125, 5);
INSERT INTO `tb_calzado` (id, created_at, estado, is_delete, is_enabled, stock, id_color, id_producto, id_talla) VALUES (1404, '2025-10-29 15:47:54', 'Nuevo', 0, 1, 18, 14, 130, 12);
INSERT INTO `tb_calzado` (id, created_at, estado, is_delete, is_enabled, stock, id_color, id_producto, id_talla) VALUES (1405, '2025-10-29 15:47:54', 'Nuevo', 0, 1, 29, 8, 199, 8);
INSERT INTO `tb_calzado` (id, created_at, estado, is_delete, is_enabled, stock, id_color, id_producto, id_talla) VALUES (1406, '2025-10-29 15:47:54', 'Nuevo', 0, 1, 19, 15, 42, 3);
INSERT INTO `tb_calzado` (id, created_at, estado, is_delete, is_enabled, stock, id_color, id_producto, id_talla) VALUES (1407, '2025-10-29 15:47:54', 'Nuevo', 0, 1, 23, 9, 33, 12);
INSERT INTO `tb_calzado` (id, created_at, estado, is_delete, is_enabled, stock, id_color, id_producto, id_talla) VALUES (1408, '2025-10-29 15:47:54', 'Nuevo', 0, 1, 37, 2, 147, 3);
INSERT INTO `tb_calzado` (id, created_at, estado, is_delete, is_enabled, stock, id_color, id_producto, id_talla) VALUES (1409, '2025-10-29 15:47:54', 'Nuevo', 0, 1, 21, 11, 102, 1);
INSERT INTO `tb_calzado` (id, created_at, estado, is_delete, is_enabled, stock, id_color, id_producto, id_talla) VALUES (1410, '2025-10-29 15:47:54', 'Nuevo', 0, 1, 15, 12, 124, 12);
INSERT INTO `tb_calzado` (id, created_at, estado, is_delete, is_enabled, stock, id_color, id_producto, id_talla) VALUES (1411, '2025-10-29 15:47:54', 'Nuevo', 0, 1, 21, 1, 18, 5);
INSERT INTO `tb_calzado` (id, created_at, estado, is_delete, is_enabled, stock, id_color, id_producto, id_talla) VALUES (1412, '2025-10-29 15:47:54', 'Nuevo', 0, 1, 30, 5, 77, 3);
INSERT INTO `tb_calzado` (id, created_at, estado, is_delete, is_enabled, stock, id_color, id_producto, id_talla) VALUES (1413, '2025-10-29 15:47:54', 'Nuevo', 0, 1, 24, 5, 65, 5);
INSERT INTO `tb_calzado` (id, created_at, estado, is_delete, is_enabled, stock, id_color, id_producto, id_talla) VALUES (1414, '2025-10-29 15:47:54', 'Nuevo', 0, 1, 34, 11, 192, 10);
INSERT INTO `tb_calzado` (id, created_at, estado, is_delete, is_enabled, stock, id_color, id_producto, id_talla) VALUES (1415, '2025-10-29 15:47:54', 'Nuevo', 0, 1, 6, 5, 110, 9);
INSERT INTO `tb_calzado` (id, created_at, estado, is_delete, is_enabled, stock, id_color, id_producto, id_talla) VALUES (1416, '2025-10-29 15:47:54', 'Nuevo', 0, 1, 14, 15, 57, 4);
INSERT INTO `tb_calzado` (id, created_at, estado, is_delete, is_enabled, stock, id_color, id_producto, id_talla) VALUES (1417, '2025-10-29 15:47:54', 'Nuevo', 0, 1, 40, 4, 144, 1);
INSERT INTO `tb_calzado` (id, created_at, estado, is_delete, is_enabled, stock, id_color, id_producto, id_talla) VALUES (1418, '2025-10-29 15:47:54', 'Nuevo', 0, 1, 29, 9, 28, 2);
INSERT INTO `tb_calzado` (id, created_at, estado, is_delete, is_enabled, stock, id_color, id_producto, id_talla) VALUES (1419, '2025-10-29 15:47:54', 'Nuevo', 0, 1, 40, 5, 151, 7);
INSERT INTO `tb_calzado` (id, created_at, estado, is_delete, is_enabled, stock, id_color, id_producto, id_talla) VALUES (1420, '2025-10-29 15:47:54', 'Nuevo', 0, 1, 19, 3, 65, 11);
INSERT INTO `tb_calzado` (id, created_at, estado, is_delete, is_enabled, stock, id_color, id_producto, id_talla) VALUES (1421, '2025-10-29 15:47:54', 'Nuevo', 0, 1, 46, 8, 151, 12);
INSERT INTO `tb_calzado` (id, created_at, estado, is_delete, is_enabled, stock, id_color, id_producto, id_talla) VALUES (1422, '2025-10-29 15:47:54', 'Nuevo', 0, 1, 15, 15, 131, 7);
INSERT INTO `tb_calzado` (id, created_at, estado, is_delete, is_enabled, stock, id_color, id_producto, id_talla) VALUES (1423, '2025-10-29 15:47:54', 'Nuevo', 0, 1, 12, 15, 78, 1);
INSERT INTO `tb_calzado` (id, created_at, estado, is_delete, is_enabled, stock, id_color, id_producto, id_talla) VALUES (1424, '2025-10-29 15:47:54', 'Nuevo', 0, 1, 14, 9, 163, 12);
INSERT INTO `tb_calzado` (id, created_at, estado, is_delete, is_enabled, stock, id_color, id_producto, id_talla) VALUES (1425, '2025-10-29 15:47:54', 'Nuevo', 0, 1, 24, 7, 100, 3);
INSERT INTO `tb_calzado` (id, created_at, estado, is_delete, is_enabled, stock, id_color, id_producto, id_talla) VALUES (1426, '2025-10-29 15:47:54', 'Nuevo', 0, 1, 46, 14, 125, 2);
INSERT INTO `tb_calzado` (id, created_at, estado, is_delete, is_enabled, stock, id_color, id_producto, id_talla) VALUES (1427, '2025-10-29 15:47:54', 'Nuevo', 0, 1, 40, 15, 93, 11);
INSERT INTO `tb_calzado` (id, created_at, estado, is_delete, is_enabled, stock, id_color, id_producto, id_talla) VALUES (1428, '2025-10-29 15:47:54', 'Nuevo', 0, 1, 42, 8, 64, 2);
INSERT INTO `tb_calzado` (id, created_at, estado, is_delete, is_enabled, stock, id_color, id_producto, id_talla) VALUES (1429, '2025-10-29 15:47:54', 'Nuevo', 0, 1, 30, 1, 123, 3);
INSERT INTO `tb_calzado` (id, created_at, estado, is_delete, is_enabled, stock, id_color, id_producto, id_talla) VALUES (1430, '2025-10-29 15:47:54', 'Nuevo', 0, 1, 17, 3, 177, 6);
INSERT INTO `tb_calzado` (id, created_at, estado, is_delete, is_enabled, stock, id_color, id_producto, id_talla) VALUES (1431, '2025-10-29 15:47:54', 'Nuevo', 0, 1, 38, 4, 162, 8);
INSERT INTO `tb_calzado` (id, created_at, estado, is_delete, is_enabled, stock, id_color, id_producto, id_talla) VALUES (1432, '2025-10-29 15:47:54', 'Nuevo', 0, 1, 47, 9, 124, 4);
INSERT INTO `tb_calzado` (id, created_at, estado, is_delete, is_enabled, stock, id_color, id_producto, id_talla) VALUES (1433, '2025-10-29 15:47:54', 'Nuevo', 0, 1, 9, 6, 133, 1);
INSERT INTO `tb_calzado` (id, created_at, estado, is_delete, is_enabled, stock, id_color, id_producto, id_talla) VALUES (1434, '2025-10-29 15:47:54', 'Nuevo', 0, 1, 25, 10, 65, 4);
INSERT INTO `tb_calzado` (id, created_at, estado, is_delete, is_enabled, stock, id_color, id_producto, id_talla) VALUES (1435, '2025-10-29 15:47:54', 'Nuevo', 0, 1, 16, 8, 144, 8);
INSERT INTO `tb_calzado` (id, created_at, estado, is_delete, is_enabled, stock, id_color, id_producto, id_talla) VALUES (1436, '2025-10-29 15:47:54', 'Nuevo', 0, 1, 23, 9, 17, 3);
INSERT INTO `tb_calzado` (id, created_at, estado, is_delete, is_enabled, stock, id_color, id_producto, id_talla) VALUES (1437, '2025-10-29 15:47:54', 'Nuevo', 0, 1, 22, 8, 37, 11);
INSERT INTO `tb_calzado` (id, created_at, estado, is_delete, is_enabled, stock, id_color, id_producto, id_talla) VALUES (1438, '2025-10-29 15:47:54', 'Nuevo', 0, 1, 23, 3, 113, 10);
INSERT INTO `tb_calzado` (id, created_at, estado, is_delete, is_enabled, stock, id_color, id_producto, id_talla) VALUES (1439, '2025-10-29 15:47:54', 'Nuevo', 0, 1, 17, 2, 20, 11);
INSERT INTO `tb_calzado` (id, created_at, estado, is_delete, is_enabled, stock, id_color, id_producto, id_talla) VALUES (1440, '2025-10-29 15:47:54', 'Nuevo', 0, 1, 44, 3, 139, 7);
INSERT INTO `tb_calzado` (id, created_at, estado, is_delete, is_enabled, stock, id_color, id_producto, id_talla) VALUES (1441, '2025-10-29 15:47:54', 'Nuevo', 0, 1, 16, 10, 112, 9);
INSERT INTO `tb_calzado` (id, created_at, estado, is_delete, is_enabled, stock, id_color, id_producto, id_talla) VALUES (1442, '2025-10-29 15:47:54', 'Nuevo', 0, 1, 45, 5, 173, 5);
INSERT INTO `tb_calzado` (id, created_at, estado, is_delete, is_enabled, stock, id_color, id_producto, id_talla) VALUES (1443, '2025-10-29 15:47:54', 'Nuevo', 0, 1, 42, 9, 108, 8);
INSERT INTO `tb_calzado` (id, created_at, estado, is_delete, is_enabled, stock, id_color, id_producto, id_talla) VALUES (1444, '2025-10-29 15:47:54', 'Nuevo', 0, 1, 12, 10, 90, 5);
INSERT INTO `tb_calzado` (id, created_at, estado, is_delete, is_enabled, stock, id_color, id_producto, id_talla) VALUES (1445, '2025-10-29 15:47:54', 'Nuevo', 0, 1, 23, 4, 55, 10);
INSERT INTO `tb_calzado` (id, created_at, estado, is_delete, is_enabled, stock, id_color, id_producto, id_talla) VALUES (1446, '2025-10-29 15:47:54', 'Nuevo', 0, 1, 5, 14, 68, 12);
INSERT INTO `tb_calzado` (id, created_at, estado, is_delete, is_enabled, stock, id_color, id_producto, id_talla) VALUES (1447, '2025-10-29 15:47:54', 'Nuevo', 0, 1, 41, 10, 196, 9);
INSERT INTO `tb_calzado` (id, created_at, estado, is_delete, is_enabled, stock, id_color, id_producto, id_talla) VALUES (1448, '2025-10-29 15:47:54', 'Nuevo', 0, 1, 29, 9, 120, 6);
INSERT INTO `tb_calzado` (id, created_at, estado, is_delete, is_enabled, stock, id_color, id_producto, id_talla) VALUES (1449, '2025-10-29 15:47:54', 'Nuevo', 0, 1, 33, 5, 136, 1);
INSERT INTO `tb_calzado` (id, created_at, estado, is_delete, is_enabled, stock, id_color, id_producto, id_talla) VALUES (1450, '2025-10-29 15:47:54', 'Nuevo', 0, 1, 44, 1, 23, 4);
INSERT INTO `tb_calzado` (id, created_at, estado, is_delete, is_enabled, stock, id_color, id_producto, id_talla) VALUES (1451, '2025-10-29 15:47:54', 'Nuevo', 0, 1, 48, 9, 140, 1);
INSERT INTO `tb_calzado` (id, created_at, estado, is_delete, is_enabled, stock, id_color, id_producto, id_talla) VALUES (1452, '2025-10-29 15:47:54', 'Nuevo', 0, 1, 29, 13, 29, 8);
INSERT INTO `tb_calzado` (id, created_at, estado, is_delete, is_enabled, stock, id_color, id_producto, id_talla) VALUES (1453, '2025-10-29 15:47:54', 'Nuevo', 0, 1, 10, 15, 138, 4);
INSERT INTO `tb_calzado` (id, created_at, estado, is_delete, is_enabled, stock, id_color, id_producto, id_talla) VALUES (1454, '2025-10-29 15:47:54', 'Nuevo', 0, 1, 20, 7, 191, 2);
INSERT INTO `tb_calzado` (id, created_at, estado, is_delete, is_enabled, stock, id_color, id_producto, id_talla) VALUES (1455, '2025-10-29 15:47:54', 'Nuevo', 0, 1, 36, 1, 173, 10);
INSERT INTO `tb_calzado` (id, created_at, estado, is_delete, is_enabled, stock, id_color, id_producto, id_talla) VALUES (1456, '2025-10-29 15:47:54', 'Nuevo', 0, 1, 27, 12, 167, 7);
INSERT INTO `tb_calzado` (id, created_at, estado, is_delete, is_enabled, stock, id_color, id_producto, id_talla) VALUES (1457, '2025-10-29 15:47:54', 'Nuevo', 0, 1, 13, 7, 130, 4);
INSERT INTO `tb_calzado` (id, created_at, estado, is_delete, is_enabled, stock, id_color, id_producto, id_talla) VALUES (1458, '2025-10-29 15:47:54', 'Nuevo', 0, 1, 45, 5, 76, 6);
INSERT INTO `tb_calzado` (id, created_at, estado, is_delete, is_enabled, stock, id_color, id_producto, id_talla) VALUES (1459, '2025-10-29 15:47:54', 'Nuevo', 0, 1, 30, 6, 37, 5);
INSERT INTO `tb_calzado` (id, created_at, estado, is_delete, is_enabled, stock, id_color, id_producto, id_talla) VALUES (1460, '2025-10-29 15:47:54', 'Nuevo', 0, 1, 9, 12, 166, 2);
INSERT INTO `tb_calzado` (id, created_at, estado, is_delete, is_enabled, stock, id_color, id_producto, id_talla) VALUES (1461, '2025-10-29 15:47:54', 'Nuevo', 0, 1, 27, 12, 104, 5);
INSERT INTO `tb_calzado` (id, created_at, estado, is_delete, is_enabled, stock, id_color, id_producto, id_talla) VALUES (1462, '2025-10-29 15:47:54', 'Nuevo', 0, 1, 6, 12, 61, 1);
INSERT INTO `tb_calzado` (id, created_at, estado, is_delete, is_enabled, stock, id_color, id_producto, id_talla) VALUES (1463, '2025-10-29 15:47:54', 'Nuevo', 0, 1, 34, 7, 126, 12);
INSERT INTO `tb_calzado` (id, created_at, estado, is_delete, is_enabled, stock, id_color, id_producto, id_talla) VALUES (1464, '2025-10-29 15:47:54', 'Nuevo', 0, 1, 23, 15, 166, 6);
INSERT INTO `tb_calzado` (id, created_at, estado, is_delete, is_enabled, stock, id_color, id_producto, id_talla) VALUES (1465, '2025-10-29 15:47:54', 'Nuevo', 0, 1, 20, 4, 114, 4);
INSERT INTO `tb_calzado` (id, created_at, estado, is_delete, is_enabled, stock, id_color, id_producto, id_talla) VALUES (1466, '2025-10-29 15:47:54', 'Nuevo', 0, 1, 44, 14, 122, 12);
INSERT INTO `tb_calzado` (id, created_at, estado, is_delete, is_enabled, stock, id_color, id_producto, id_talla) VALUES (1467, '2025-10-29 15:47:54', 'Nuevo', 0, 1, 31, 4, 177, 4);
INSERT INTO `tb_calzado` (id, created_at, estado, is_delete, is_enabled, stock, id_color, id_producto, id_talla) VALUES (1468, '2025-10-29 15:47:54', 'Nuevo', 0, 1, 49, 6, 9, 5);
INSERT INTO `tb_calzado` (id, created_at, estado, is_delete, is_enabled, stock, id_color, id_producto, id_talla) VALUES (1469, '2025-10-29 15:47:54', 'Nuevo', 0, 1, 36, 4, 25, 2);
INSERT INTO `tb_calzado` (id, created_at, estado, is_delete, is_enabled, stock, id_color, id_producto, id_talla) VALUES (1470, '2025-10-29 15:47:54', 'Nuevo', 0, 1, 13, 2, 152, 9);
INSERT INTO `tb_calzado` (id, created_at, estado, is_delete, is_enabled, stock, id_color, id_producto, id_talla) VALUES (1471, '2025-10-29 15:47:54', 'Nuevo', 0, 1, 6, 11, 50, 12);
INSERT INTO `tb_calzado` (id, created_at, estado, is_delete, is_enabled, stock, id_color, id_producto, id_talla) VALUES (1472, '2025-10-29 15:47:54', 'Nuevo', 0, 1, 19, 7, 80, 8);
INSERT INTO `tb_calzado` (id, created_at, estado, is_delete, is_enabled, stock, id_color, id_producto, id_talla) VALUES (1473, '2025-10-29 15:47:54', 'Nuevo', 0, 1, 35, 15, 62, 8);
INSERT INTO `tb_calzado` (id, created_at, estado, is_delete, is_enabled, stock, id_color, id_producto, id_talla) VALUES (1474, '2025-10-29 15:47:54', 'Nuevo', 0, 1, 50, 14, 147, 7);
INSERT INTO `tb_calzado` (id, created_at, estado, is_delete, is_enabled, stock, id_color, id_producto, id_talla) VALUES (1475, '2025-10-29 15:47:54', 'Nuevo', 0, 1, 11, 6, 111, 7);
INSERT INTO `tb_calzado` (id, created_at, estado, is_delete, is_enabled, stock, id_color, id_producto, id_talla) VALUES (1476, '2025-10-29 15:47:54', 'Nuevo', 0, 1, 5, 4, 129, 8);
INSERT INTO `tb_calzado` (id, created_at, estado, is_delete, is_enabled, stock, id_color, id_producto, id_talla) VALUES (1477, '2025-10-29 15:47:54', 'Nuevo', 0, 1, 30, 6, 148, 12);
INSERT INTO `tb_calzado` (id, created_at, estado, is_delete, is_enabled, stock, id_color, id_producto, id_talla) VALUES (1478, '2025-10-29 15:47:54', 'Nuevo', 0, 1, 50, 11, 170, 1);
INSERT INTO `tb_calzado` (id, created_at, estado, is_delete, is_enabled, stock, id_color, id_producto, id_talla) VALUES (1479, '2025-10-29 15:47:54', 'Nuevo', 0, 1, 34, 10, 146, 8);
INSERT INTO `tb_calzado` (id, created_at, estado, is_delete, is_enabled, stock, id_color, id_producto, id_talla) VALUES (1480, '2025-10-29 15:47:54', 'Nuevo', 0, 1, 14, 10, 94, 10);
INSERT INTO `tb_calzado` (id, created_at, estado, is_delete, is_enabled, stock, id_color, id_producto, id_talla) VALUES (1481, '2025-10-29 15:47:54', 'Nuevo', 0, 1, 47, 2, 137, 8);
INSERT INTO `tb_calzado` (id, created_at, estado, is_delete, is_enabled, stock, id_color, id_producto, id_talla) VALUES (1482, '2025-10-29 15:47:54', 'Nuevo', 0, 1, 38, 3, 175, 1);
INSERT INTO `tb_calzado` (id, created_at, estado, is_delete, is_enabled, stock, id_color, id_producto, id_talla) VALUES (1483, '2025-10-29 15:47:54', 'Nuevo', 0, 1, 33, 10, 70, 4);
INSERT INTO `tb_calzado` (id, created_at, estado, is_delete, is_enabled, stock, id_color, id_producto, id_talla) VALUES (1484, '2025-10-29 15:47:54', 'Nuevo', 0, 1, 11, 2, 132, 1);
INSERT INTO `tb_calzado` (id, created_at, estado, is_delete, is_enabled, stock, id_color, id_producto, id_talla) VALUES (1485, '2025-10-29 15:47:54', 'Nuevo', 0, 1, 34, 4, 123, 10);
INSERT INTO `tb_calzado` (id, created_at, estado, is_delete, is_enabled, stock, id_color, id_producto, id_talla) VALUES (1486, '2025-10-29 15:47:54', 'Nuevo', 0, 1, 49, 11, 177, 7);
INSERT INTO `tb_calzado` (id, created_at, estado, is_delete, is_enabled, stock, id_color, id_producto, id_talla) VALUES (1487, '2025-10-29 15:47:54', 'Nuevo', 0, 1, 38, 6, 159, 2);
INSERT INTO `tb_calzado` (id, created_at, estado, is_delete, is_enabled, stock, id_color, id_producto, id_talla) VALUES (1488, '2025-10-29 15:47:54', 'Nuevo', 0, 1, 41, 10, 171, 1);
INSERT INTO `tb_calzado` (id, created_at, estado, is_delete, is_enabled, stock, id_color, id_producto, id_talla) VALUES (1489, '2025-10-29 15:47:54', 'Nuevo', 0, 1, 47, 10, 36, 11);
INSERT INTO `tb_calzado` (id, created_at, estado, is_delete, is_enabled, stock, id_color, id_producto, id_talla) VALUES (1490, '2025-10-29 15:47:54', 'Nuevo', 0, 1, 29, 9, 56, 4);
INSERT INTO `tb_calzado` (id, created_at, estado, is_delete, is_enabled, stock, id_color, id_producto, id_talla) VALUES (1491, '2025-10-29 15:47:54', 'Nuevo', 0, 1, 34, 5, 139, 6);
INSERT INTO `tb_calzado` (id, created_at, estado, is_delete, is_enabled, stock, id_color, id_producto, id_talla) VALUES (1492, '2025-10-29 15:47:54', 'Nuevo', 0, 1, 31, 9, 149, 4);
INSERT INTO `tb_calzado` (id, created_at, estado, is_delete, is_enabled, stock, id_color, id_producto, id_talla) VALUES (1493, '2025-10-29 15:47:54', 'Nuevo', 0, 1, 18, 7, 94, 9);
INSERT INTO `tb_calzado` (id, created_at, estado, is_delete, is_enabled, stock, id_color, id_producto, id_talla) VALUES (1494, '2025-10-29 15:47:54', 'Nuevo', 0, 1, 19, 9, 123, 7);
INSERT INTO `tb_calzado` (id, created_at, estado, is_delete, is_enabled, stock, id_color, id_producto, id_talla) VALUES (1495, '2025-10-29 15:47:54', 'Nuevo', 0, 1, 42, 3, 50, 1);
INSERT INTO `tb_calzado` (id, created_at, estado, is_delete, is_enabled, stock, id_color, id_producto, id_talla) VALUES (1496, '2025-10-29 15:47:54', 'Nuevo', 0, 1, 33, 6, 45, 11);
INSERT INTO `tb_calzado` (id, created_at, estado, is_delete, is_enabled, stock, id_color, id_producto, id_talla) VALUES (1497, '2025-10-29 15:47:54', 'Nuevo', 0, 1, 8, 10, 23, 4);
INSERT INTO `tb_calzado` (id, created_at, estado, is_delete, is_enabled, stock, id_color, id_producto, id_talla) VALUES (1498, '2025-10-29 15:47:54', 'Nuevo', 0, 1, 35, 4, 147, 8);
INSERT INTO `tb_calzado` (id, created_at, estado, is_delete, is_enabled, stock, id_color, id_producto, id_talla) VALUES (1499, '2025-10-29 15:47:54', 'Nuevo', 0, 1, 32, 4, 97, 5);
INSERT INTO `tb_calzado` (id, created_at, estado, is_delete, is_enabled, stock, id_color, id_producto, id_talla) VALUES (1500, '2025-10-29 15:47:54', 'Nuevo', 0, 1, 42, 4, 105, 2);
INSERT INTO `tb_calzado` (id, created_at, estado, is_delete, is_enabled, stock, id_color, id_producto, id_talla) VALUES (1501, '2025-10-29 15:47:54', 'Nuevo', 0, 1, 27, 1, 133, 10);
INSERT INTO `tb_calzado` (id, created_at, estado, is_delete, is_enabled, stock, id_color, id_producto, id_talla) VALUES (1502, '2025-10-29 15:47:54', 'Nuevo', 0, 1, 19, 7, 18, 1);
INSERT INTO `tb_calzado` (id, created_at, estado, is_delete, is_enabled, stock, id_color, id_producto, id_talla) VALUES (1503, '2025-10-29 15:47:54', 'Nuevo', 0, 1, 5, 11, 33, 8);
INSERT INTO `tb_calzado` (id, created_at, estado, is_delete, is_enabled, stock, id_color, id_producto, id_talla) VALUES (1504, '2025-10-29 15:47:54', 'Nuevo', 0, 1, 24, 15, 126, 7);
INSERT INTO `tb_calzado` (id, created_at, estado, is_delete, is_enabled, stock, id_color, id_producto, id_talla) VALUES (1505, '2025-10-29 15:47:54', 'Nuevo', 0, 1, 40, 1, 135, 4);
INSERT INTO `tb_calzado` (id, created_at, estado, is_delete, is_enabled, stock, id_color, id_producto, id_talla) VALUES (1506, '2025-10-29 15:47:54', 'Nuevo', 0, 1, 12, 12, 143, 2);
INSERT INTO `tb_calzado` (id, created_at, estado, is_delete, is_enabled, stock, id_color, id_producto, id_talla) VALUES (1507, '2025-10-29 15:47:54', 'Nuevo', 0, 1, 26, 3, 162, 3);
INSERT INTO `tb_calzado` (id, created_at, estado, is_delete, is_enabled, stock, id_color, id_producto, id_talla) VALUES (1508, '2025-10-29 15:47:54', 'Nuevo', 0, 1, 47, 2, 184, 8);
INSERT INTO `tb_calzado` (id, created_at, estado, is_delete, is_enabled, stock, id_color, id_producto, id_talla) VALUES (1509, '2025-10-29 15:47:54', 'Nuevo', 0, 1, 15, 8, 73, 5);
INSERT INTO `tb_calzado` (id, created_at, estado, is_delete, is_enabled, stock, id_color, id_producto, id_talla) VALUES (1510, '2025-10-29 15:47:54', 'Nuevo', 0, 1, 32, 11, 122, 12);
INSERT INTO `tb_calzado` (id, created_at, estado, is_delete, is_enabled, stock, id_color, id_producto, id_talla) VALUES (1511, '2025-10-29 15:47:54', 'Nuevo', 0, 1, 21, 1, 71, 5);
INSERT INTO `tb_calzado` (id, created_at, estado, is_delete, is_enabled, stock, id_color, id_producto, id_talla) VALUES (1512, '2025-10-29 15:47:54', 'Nuevo', 0, 1, 39, 8, 3, 5);
INSERT INTO `tb_calzado` (id, created_at, estado, is_delete, is_enabled, stock, id_color, id_producto, id_talla) VALUES (1513, '2025-10-29 15:47:54', 'Nuevo', 0, 1, 35, 10, 75, 7);
INSERT INTO `tb_calzado` (id, created_at, estado, is_delete, is_enabled, stock, id_color, id_producto, id_talla) VALUES (1514, '2025-10-29 15:47:54', 'Nuevo', 0, 1, 6, 14, 166, 10);
INSERT INTO `tb_calzado` (id, created_at, estado, is_delete, is_enabled, stock, id_color, id_producto, id_talla) VALUES (1515, '2025-10-29 15:47:54', 'Nuevo', 0, 1, 48, 13, 21, 5);
INSERT INTO `tb_calzado` (id, created_at, estado, is_delete, is_enabled, stock, id_color, id_producto, id_talla) VALUES (1516, '2025-10-29 15:47:54', 'Nuevo', 0, 1, 48, 1, 80, 10);
INSERT INTO `tb_calzado` (id, created_at, estado, is_delete, is_enabled, stock, id_color, id_producto, id_talla) VALUES (1517, '2025-10-29 15:47:54', 'Nuevo', 0, 1, 9, 10, 16, 5);
INSERT INTO `tb_calzado` (id, created_at, estado, is_delete, is_enabled, stock, id_color, id_producto, id_talla) VALUES (1518, '2025-10-29 15:47:54', 'Nuevo', 0, 1, 50, 5, 92, 10);
INSERT INTO `tb_calzado` (id, created_at, estado, is_delete, is_enabled, stock, id_color, id_producto, id_talla) VALUES (1519, '2025-10-29 15:47:54', 'Nuevo', 0, 1, 21, 15, 19, 8);
INSERT INTO `tb_calzado` (id, created_at, estado, is_delete, is_enabled, stock, id_color, id_producto, id_talla) VALUES (1520, '2025-10-29 15:47:54', 'Nuevo', 0, 1, 34, 5, 89, 1);
INSERT INTO `tb_calzado` (id, created_at, estado, is_delete, is_enabled, stock, id_color, id_producto, id_talla) VALUES (1521, '2025-10-29 15:47:54', 'Nuevo', 0, 1, 5, 13, 85, 8);
INSERT INTO `tb_calzado` (id, created_at, estado, is_delete, is_enabled, stock, id_color, id_producto, id_talla) VALUES (1522, '2025-10-29 15:47:54', 'Nuevo', 0, 1, 50, 11, 55, 11);
INSERT INTO `tb_calzado` (id, created_at, estado, is_delete, is_enabled, stock, id_color, id_producto, id_talla) VALUES (1523, '2025-10-29 15:47:54', 'Nuevo', 0, 1, 50, 13, 56, 5);
INSERT INTO `tb_calzado` (id, created_at, estado, is_delete, is_enabled, stock, id_color, id_producto, id_talla) VALUES (1524, '2025-10-29 15:47:54', 'Nuevo', 0, 1, 41, 8, 67, 11);
INSERT INTO `tb_calzado` (id, created_at, estado, is_delete, is_enabled, stock, id_color, id_producto, id_talla) VALUES (1525, '2025-10-29 15:47:54', 'Nuevo', 0, 1, 34, 15, 190, 7);
INSERT INTO `tb_calzado` (id, created_at, estado, is_delete, is_enabled, stock, id_color, id_producto, id_talla) VALUES (1526, '2025-10-29 15:47:54', 'Nuevo', 0, 1, 46, 11, 115, 4);
INSERT INTO `tb_calzado` (id, created_at, estado, is_delete, is_enabled, stock, id_color, id_producto, id_talla) VALUES (1527, '2025-10-29 15:47:54', 'Nuevo', 0, 1, 18, 12, 178, 3);
INSERT INTO `tb_calzado` (id, created_at, estado, is_delete, is_enabled, stock, id_color, id_producto, id_talla) VALUES (1528, '2025-10-29 15:47:54', 'Nuevo', 0, 1, 19, 12, 109, 9);
INSERT INTO `tb_calzado` (id, created_at, estado, is_delete, is_enabled, stock, id_color, id_producto, id_talla) VALUES (1529, '2025-10-29 15:47:54', 'Nuevo', 0, 1, 14, 9, 67, 8);
INSERT INTO `tb_calzado` (id, created_at, estado, is_delete, is_enabled, stock, id_color, id_producto, id_talla) VALUES (1530, '2025-10-29 15:47:54', 'Nuevo', 0, 1, 35, 8, 144, 8);
INSERT INTO `tb_calzado` (id, created_at, estado, is_delete, is_enabled, stock, id_color, id_producto, id_talla) VALUES (1531, '2025-10-29 15:47:54', 'Nuevo', 0, 1, 48, 7, 31, 10);
INSERT INTO `tb_calzado` (id, created_at, estado, is_delete, is_enabled, stock, id_color, id_producto, id_talla) VALUES (1532, '2025-10-29 15:47:54', 'Nuevo', 0, 1, 25, 13, 113, 12);
INSERT INTO `tb_calzado` (id, created_at, estado, is_delete, is_enabled, stock, id_color, id_producto, id_talla) VALUES (1533, '2025-10-29 15:47:54', 'Nuevo', 0, 1, 31, 9, 56, 2);
INSERT INTO `tb_calzado` (id, created_at, estado, is_delete, is_enabled, stock, id_color, id_producto, id_talla) VALUES (1534, '2025-10-29 15:47:54', 'Nuevo', 0, 1, 37, 13, 168, 5);
INSERT INTO `tb_calzado` (id, created_at, estado, is_delete, is_enabled, stock, id_color, id_producto, id_talla) VALUES (1535, '2025-10-29 15:47:54', 'Nuevo', 0, 1, 6, 1, 91, 3);
INSERT INTO `tb_calzado` (id, created_at, estado, is_delete, is_enabled, stock, id_color, id_producto, id_talla) VALUES (1536, '2025-10-29 15:47:54', 'Nuevo', 0, 1, 45, 9, 93, 7);
INSERT INTO `tb_calzado` (id, created_at, estado, is_delete, is_enabled, stock, id_color, id_producto, id_talla) VALUES (1537, '2025-10-29 15:47:54', 'Nuevo', 0, 1, 47, 3, 150, 4);
INSERT INTO `tb_calzado` (id, created_at, estado, is_delete, is_enabled, stock, id_color, id_producto, id_talla) VALUES (1538, '2025-10-29 15:47:54', 'Nuevo', 0, 1, 38, 7, 75, 4);
INSERT INTO `tb_calzado` (id, created_at, estado, is_delete, is_enabled, stock, id_color, id_producto, id_talla) VALUES (1539, '2025-10-29 15:47:54', 'Nuevo', 0, 1, 38, 4, 22, 1);
INSERT INTO `tb_calzado` (id, created_at, estado, is_delete, is_enabled, stock, id_color, id_producto, id_talla) VALUES (1540, '2025-10-29 15:47:54', 'Nuevo', 0, 1, 11, 12, 97, 7);
INSERT INTO `tb_calzado` (id, created_at, estado, is_delete, is_enabled, stock, id_color, id_producto, id_talla) VALUES (1541, '2025-10-29 15:47:54', 'Nuevo', 0, 1, 48, 10, 34, 2);
INSERT INTO `tb_calzado` (id, created_at, estado, is_delete, is_enabled, stock, id_color, id_producto, id_talla) VALUES (1542, '2025-10-29 15:47:54', 'Nuevo', 0, 1, 8, 7, 176, 2);
INSERT INTO `tb_calzado` (id, created_at, estado, is_delete, is_enabled, stock, id_color, id_producto, id_talla) VALUES (1543, '2025-10-29 15:47:54', 'Nuevo', 0, 1, 50, 9, 185, 5);
INSERT INTO `tb_calzado` (id, created_at, estado, is_delete, is_enabled, stock, id_color, id_producto, id_talla) VALUES (1544, '2025-10-29 15:47:54', 'Nuevo', 0, 1, 49, 1, 100, 11);
INSERT INTO `tb_calzado` (id, created_at, estado, is_delete, is_enabled, stock, id_color, id_producto, id_talla) VALUES (1545, '2025-10-29 15:47:54', 'Nuevo', 0, 1, 19, 9, 39, 11);
INSERT INTO `tb_calzado` (id, created_at, estado, is_delete, is_enabled, stock, id_color, id_producto, id_talla) VALUES (1546, '2025-10-29 15:47:54', 'Nuevo', 0, 1, 10, 12, 162, 4);
INSERT INTO `tb_calzado` (id, created_at, estado, is_delete, is_enabled, stock, id_color, id_producto, id_talla) VALUES (1547, '2025-10-29 15:47:54', 'Nuevo', 0, 1, 31, 11, 96, 8);
INSERT INTO `tb_calzado` (id, created_at, estado, is_delete, is_enabled, stock, id_color, id_producto, id_talla) VALUES (1548, '2025-10-29 15:47:54', 'Nuevo', 0, 1, 22, 13, 157, 6);
INSERT INTO `tb_calzado` (id, created_at, estado, is_delete, is_enabled, stock, id_color, id_producto, id_talla) VALUES (1549, '2025-10-29 15:47:54', 'Nuevo', 0, 1, 22, 9, 47, 10);
INSERT INTO `tb_calzado` (id, created_at, estado, is_delete, is_enabled, stock, id_color, id_producto, id_talla) VALUES (1550, '2025-10-29 15:47:54', 'Nuevo', 0, 1, 14, 7, 183, 8);
INSERT INTO `tb_calzado` (id, created_at, estado, is_delete, is_enabled, stock, id_color, id_producto, id_talla) VALUES (1551, '2025-10-29 15:47:54', 'Nuevo', 0, 1, 34, 14, 34, 2);
INSERT INTO `tb_calzado` (id, created_at, estado, is_delete, is_enabled, stock, id_color, id_producto, id_talla) VALUES (1552, '2025-10-29 15:47:54', 'Nuevo', 0, 1, 42, 4, 99, 2);
INSERT INTO `tb_calzado` (id, created_at, estado, is_delete, is_enabled, stock, id_color, id_producto, id_talla) VALUES (1553, '2025-10-29 15:47:54', 'Nuevo', 0, 1, 24, 12, 93, 3);
INSERT INTO `tb_calzado` (id, created_at, estado, is_delete, is_enabled, stock, id_color, id_producto, id_talla) VALUES (1554, '2025-10-29 15:47:54', 'Nuevo', 0, 1, 6, 14, 164, 9);
INSERT INTO `tb_calzado` (id, created_at, estado, is_delete, is_enabled, stock, id_color, id_producto, id_talla) VALUES (1555, '2025-10-29 15:47:54', 'Nuevo', 0, 1, 7, 10, 21, 10);
INSERT INTO `tb_calzado` (id, created_at, estado, is_delete, is_enabled, stock, id_color, id_producto, id_talla) VALUES (1556, '2025-10-29 15:47:54', 'Nuevo', 0, 1, 43, 3, 72, 6);
INSERT INTO `tb_calzado` (id, created_at, estado, is_delete, is_enabled, stock, id_color, id_producto, id_talla) VALUES (1557, '2025-10-29 15:47:54', 'Nuevo', 0, 1, 35, 5, 190, 7);
INSERT INTO `tb_calzado` (id, created_at, estado, is_delete, is_enabled, stock, id_color, id_producto, id_talla) VALUES (1558, '2025-10-29 15:47:54', 'Nuevo', 0, 1, 38, 3, 135, 3);
INSERT INTO `tb_calzado` (id, created_at, estado, is_delete, is_enabled, stock, id_color, id_producto, id_talla) VALUES (1559, '2025-10-29 15:47:54', 'Nuevo', 0, 1, 42, 13, 48, 10);
INSERT INTO `tb_calzado` (id, created_at, estado, is_delete, is_enabled, stock, id_color, id_producto, id_talla) VALUES (1560, '2025-10-29 15:47:54', 'Nuevo', 0, 1, 44, 12, 162, 12);
INSERT INTO `tb_calzado` (id, created_at, estado, is_delete, is_enabled, stock, id_color, id_producto, id_talla) VALUES (1561, '2025-10-29 15:47:54', 'Nuevo', 0, 1, 5, 13, 156, 6);
INSERT INTO `tb_calzado` (id, created_at, estado, is_delete, is_enabled, stock, id_color, id_producto, id_talla) VALUES (1562, '2025-10-29 15:47:54', 'Nuevo', 0, 1, 43, 10, 104, 9);
INSERT INTO `tb_calzado` (id, created_at, estado, is_delete, is_enabled, stock, id_color, id_producto, id_talla) VALUES (1563, '2025-10-29 15:47:54', 'Nuevo', 0, 1, 41, 6, 186, 8);
INSERT INTO `tb_calzado` (id, created_at, estado, is_delete, is_enabled, stock, id_color, id_producto, id_talla) VALUES (1564, '2025-10-29 15:47:54', 'Nuevo', 0, 1, 8, 6, 104, 7);
INSERT INTO `tb_calzado` (id, created_at, estado, is_delete, is_enabled, stock, id_color, id_producto, id_talla) VALUES (1565, '2025-10-29 15:47:54', 'Nuevo', 0, 1, 21, 3, 55, 11);
INSERT INTO `tb_calzado` (id, created_at, estado, is_delete, is_enabled, stock, id_color, id_producto, id_talla) VALUES (1566, '2025-10-29 15:47:54', 'Nuevo', 0, 1, 38, 6, 67, 11);
INSERT INTO `tb_calzado` (id, created_at, estado, is_delete, is_enabled, stock, id_color, id_producto, id_talla) VALUES (1567, '2025-10-29 15:47:54', 'Nuevo', 0, 1, 18, 2, 119, 8);
INSERT INTO `tb_calzado` (id, created_at, estado, is_delete, is_enabled, stock, id_color, id_producto, id_talla) VALUES (1568, '2025-10-29 15:47:54', 'Nuevo', 0, 1, 10, 3, 23, 2);
INSERT INTO `tb_calzado` (id, created_at, estado, is_delete, is_enabled, stock, id_color, id_producto, id_talla) VALUES (1569, '2025-10-29 15:47:54', 'Nuevo', 0, 1, 42, 9, 31, 2);
INSERT INTO `tb_calzado` (id, created_at, estado, is_delete, is_enabled, stock, id_color, id_producto, id_talla) VALUES (1570, '2025-10-29 15:47:54', 'Nuevo', 0, 1, 16, 9, 32, 2);
INSERT INTO `tb_calzado` (id, created_at, estado, is_delete, is_enabled, stock, id_color, id_producto, id_talla) VALUES (1571, '2025-10-29 15:47:54', 'Nuevo', 0, 1, 10, 13, 151, 3);
INSERT INTO `tb_calzado` (id, created_at, estado, is_delete, is_enabled, stock, id_color, id_producto, id_talla) VALUES (1572, '2025-10-29 15:47:54', 'Nuevo', 0, 1, 18, 10, 188, 3);
INSERT INTO `tb_calzado` (id, created_at, estado, is_delete, is_enabled, stock, id_color, id_producto, id_talla) VALUES (1573, '2025-10-29 15:47:54', 'Nuevo', 0, 1, 38, 2, 144, 6);
INSERT INTO `tb_calzado` (id, created_at, estado, is_delete, is_enabled, stock, id_color, id_producto, id_talla) VALUES (1574, '2025-10-29 15:47:54', 'Nuevo', 0, 1, 20, 3, 118, 3);
INSERT INTO `tb_calzado` (id, created_at, estado, is_delete, is_enabled, stock, id_color, id_producto, id_talla) VALUES (1575, '2025-10-29 15:47:54', 'Nuevo', 0, 1, 19, 9, 8, 7);
INSERT INTO `tb_calzado` (id, created_at, estado, is_delete, is_enabled, stock, id_color, id_producto, id_talla) VALUES (1576, '2025-10-29 15:47:54', 'Nuevo', 0, 1, 45, 7, 12, 10);
INSERT INTO `tb_calzado` (id, created_at, estado, is_delete, is_enabled, stock, id_color, id_producto, id_talla) VALUES (1577, '2025-10-29 15:47:54', 'Nuevo', 0, 1, 44, 15, 144, 5);
INSERT INTO `tb_calzado` (id, created_at, estado, is_delete, is_enabled, stock, id_color, id_producto, id_talla) VALUES (1578, '2025-10-29 15:47:54', 'Nuevo', 0, 1, 10, 6, 122, 7);
INSERT INTO `tb_calzado` (id, created_at, estado, is_delete, is_enabled, stock, id_color, id_producto, id_talla) VALUES (1579, '2025-10-29 15:47:54', 'Nuevo', 0, 1, 33, 12, 19, 3);
INSERT INTO `tb_calzado` (id, created_at, estado, is_delete, is_enabled, stock, id_color, id_producto, id_talla) VALUES (1580, '2025-10-29 15:47:54', 'Nuevo', 0, 1, 7, 7, 49, 8);
INSERT INTO `tb_calzado` (id, created_at, estado, is_delete, is_enabled, stock, id_color, id_producto, id_talla) VALUES (1581, '2025-10-29 15:47:54', 'Nuevo', 0, 1, 6, 15, 66, 11);
INSERT INTO `tb_calzado` (id, created_at, estado, is_delete, is_enabled, stock, id_color, id_producto, id_talla) VALUES (1582, '2025-10-29 15:47:54', 'Nuevo', 0, 1, 35, 2, 89, 9);
INSERT INTO `tb_calzado` (id, created_at, estado, is_delete, is_enabled, stock, id_color, id_producto, id_talla) VALUES (1583, '2025-10-29 15:47:54', 'Nuevo', 0, 1, 38, 1, 9, 11);
INSERT INTO `tb_calzado` (id, created_at, estado, is_delete, is_enabled, stock, id_color, id_producto, id_talla) VALUES (1584, '2025-10-29 15:47:54', 'Nuevo', 0, 1, 8, 4, 24, 2);
INSERT INTO `tb_calzado` (id, created_at, estado, is_delete, is_enabled, stock, id_color, id_producto, id_talla) VALUES (1585, '2025-10-29 15:47:54', 'Nuevo', 0, 1, 20, 15, 41, 11);
INSERT INTO `tb_calzado` (id, created_at, estado, is_delete, is_enabled, stock, id_color, id_producto, id_talla) VALUES (1586, '2025-10-29 15:47:54', 'Nuevo', 0, 1, 38, 8, 37, 2);
INSERT INTO `tb_calzado` (id, created_at, estado, is_delete, is_enabled, stock, id_color, id_producto, id_talla) VALUES (1587, '2025-10-29 15:47:54', 'Nuevo', 0, 1, 13, 15, 148, 11);
INSERT INTO `tb_calzado` (id, created_at, estado, is_delete, is_enabled, stock, id_color, id_producto, id_talla) VALUES (1588, '2025-10-29 15:47:54', 'Nuevo', 0, 1, 16, 8, 169, 4);
INSERT INTO `tb_calzado` (id, created_at, estado, is_delete, is_enabled, stock, id_color, id_producto, id_talla) VALUES (1589, '2025-10-29 15:47:54', 'Nuevo', 0, 1, 7, 14, 149, 9);
INSERT INTO `tb_calzado` (id, created_at, estado, is_delete, is_enabled, stock, id_color, id_producto, id_talla) VALUES (1590, '2025-10-29 15:47:54', 'Nuevo', 0, 1, 43, 15, 176, 9);
INSERT INTO `tb_calzado` (id, created_at, estado, is_delete, is_enabled, stock, id_color, id_producto, id_talla) VALUES (1591, '2025-10-29 15:47:54', 'Nuevo', 0, 1, 21, 2, 11, 2);
INSERT INTO `tb_calzado` (id, created_at, estado, is_delete, is_enabled, stock, id_color, id_producto, id_talla) VALUES (1592, '2025-10-29 15:47:54', 'Nuevo', 0, 1, 33, 4, 104, 11);
INSERT INTO `tb_calzado` (id, created_at, estado, is_delete, is_enabled, stock, id_color, id_producto, id_talla) VALUES (1593, '2025-10-29 15:47:54', 'Nuevo', 0, 1, 46, 11, 17, 8);
INSERT INTO `tb_calzado` (id, created_at, estado, is_delete, is_enabled, stock, id_color, id_producto, id_talla) VALUES (1594, '2025-10-29 15:47:54', 'Nuevo', 0, 1, 5, 13, 67, 2);
INSERT INTO `tb_calzado` (id, created_at, estado, is_delete, is_enabled, stock, id_color, id_producto, id_talla) VALUES (1595, '2025-10-29 15:47:54', 'Nuevo', 0, 1, 9, 13, 9, 3);
INSERT INTO `tb_calzado` (id, created_at, estado, is_delete, is_enabled, stock, id_color, id_producto, id_talla) VALUES (1596, '2025-10-29 15:47:54', 'Nuevo', 0, 1, 41, 8, 117, 12);
INSERT INTO `tb_calzado` (id, created_at, estado, is_delete, is_enabled, stock, id_color, id_producto, id_talla) VALUES (1597, '2025-10-29 15:47:54', 'Nuevo', 0, 1, 34, 2, 66, 1);
INSERT INTO `tb_calzado` (id, created_at, estado, is_delete, is_enabled, stock, id_color, id_producto, id_talla) VALUES (1598, '2025-10-29 15:47:54', 'Nuevo', 0, 1, 6, 3, 57, 6);
INSERT INTO `tb_calzado` (id, created_at, estado, is_delete, is_enabled, stock, id_color, id_producto, id_talla) VALUES (1599, '2025-10-29 15:47:54', 'Nuevo', 0, 1, 12, 5, 3, 8);
INSERT INTO `tb_calzado` (id, created_at, estado, is_delete, is_enabled, stock, id_color, id_producto, id_talla) VALUES (1600, '2025-10-29 15:47:54', 'Nuevo', 0, 1, 6, 4, 165, 9);
INSERT INTO `tb_calzado` (id, created_at, estado, is_delete, is_enabled, stock, id_color, id_producto, id_talla) VALUES (1601, '2025-10-29 15:47:54', 'Nuevo', 0, 1, 25, 8, 143, 5);
INSERT INTO `tb_calzado` (id, created_at, estado, is_delete, is_enabled, stock, id_color, id_producto, id_talla) VALUES (1602, '2025-10-29 15:47:54', 'Nuevo', 0, 1, 32, 14, 196, 4);
INSERT INTO `tb_calzado` (id, created_at, estado, is_delete, is_enabled, stock, id_color, id_producto, id_talla) VALUES (1603, '2025-10-29 15:47:54', 'Nuevo', 0, 1, 12, 11, 68, 2);
INSERT INTO `tb_calzado` (id, created_at, estado, is_delete, is_enabled, stock, id_color, id_producto, id_talla) VALUES (1604, '2025-10-29 15:47:54', 'Nuevo', 0, 1, 49, 4, 51, 7);
INSERT INTO `tb_calzado` (id, created_at, estado, is_delete, is_enabled, stock, id_color, id_producto, id_talla) VALUES (1605, '2025-10-29 15:47:54', 'Nuevo', 0, 1, 32, 2, 11, 6);
INSERT INTO `tb_calzado` (id, created_at, estado, is_delete, is_enabled, stock, id_color, id_producto, id_talla) VALUES (1606, '2025-10-29 15:47:54', 'Nuevo', 0, 1, 21, 6, 125, 10);
INSERT INTO `tb_calzado` (id, created_at, estado, is_delete, is_enabled, stock, id_color, id_producto, id_talla) VALUES (1607, '2025-10-29 15:47:54', 'Nuevo', 0, 1, 25, 1, 126, 6);
INSERT INTO `tb_calzado` (id, created_at, estado, is_delete, is_enabled, stock, id_color, id_producto, id_talla) VALUES (1608, '2025-10-29 15:47:54', 'Nuevo', 0, 1, 10, 10, 155, 4);
INSERT INTO `tb_calzado` (id, created_at, estado, is_delete, is_enabled, stock, id_color, id_producto, id_talla) VALUES (1609, '2025-10-29 15:47:54', 'Nuevo', 0, 1, 37, 7, 111, 9);
INSERT INTO `tb_calzado` (id, created_at, estado, is_delete, is_enabled, stock, id_color, id_producto, id_talla) VALUES (1610, '2025-10-29 15:47:54', 'Nuevo', 0, 1, 46, 14, 114, 2);
INSERT INTO `tb_calzado` (id, created_at, estado, is_delete, is_enabled, stock, id_color, id_producto, id_talla) VALUES (1611, '2025-10-29 15:47:54', 'Nuevo', 0, 1, 37, 8, 27, 5);
INSERT INTO `tb_calzado` (id, created_at, estado, is_delete, is_enabled, stock, id_color, id_producto, id_talla) VALUES (1612, '2025-10-29 15:47:54', 'Nuevo', 0, 1, 33, 14, 50, 7);
INSERT INTO `tb_calzado` (id, created_at, estado, is_delete, is_enabled, stock, id_color, id_producto, id_talla) VALUES (1613, '2025-10-29 15:47:54', 'Nuevo', 0, 1, 7, 9, 145, 11);
INSERT INTO `tb_calzado` (id, created_at, estado, is_delete, is_enabled, stock, id_color, id_producto, id_talla) VALUES (1614, '2025-10-29 15:47:54', 'Nuevo', 0, 1, 44, 10, 130, 5);
INSERT INTO `tb_calzado` (id, created_at, estado, is_delete, is_enabled, stock, id_color, id_producto, id_talla) VALUES (1615, '2025-10-29 15:47:54', 'Nuevo', 0, 1, 11, 13, 76, 7);
INSERT INTO `tb_calzado` (id, created_at, estado, is_delete, is_enabled, stock, id_color, id_producto, id_talla) VALUES (1616, '2025-10-29 15:47:54', 'Nuevo', 0, 1, 34, 6, 7, 2);
INSERT INTO `tb_calzado` (id, created_at, estado, is_delete, is_enabled, stock, id_color, id_producto, id_talla) VALUES (1617, '2025-10-29 15:47:54', 'Nuevo', 0, 1, 48, 4, 125, 3);
INSERT INTO `tb_calzado` (id, created_at, estado, is_delete, is_enabled, stock, id_color, id_producto, id_talla) VALUES (1618, '2025-10-29 15:47:54', 'Nuevo', 0, 1, 29, 5, 98, 11);
INSERT INTO `tb_calzado` (id, created_at, estado, is_delete, is_enabled, stock, id_color, id_producto, id_talla) VALUES (1619, '2025-10-29 15:47:54', 'Nuevo', 0, 1, 36, 9, 30, 10);
INSERT INTO `tb_calzado` (id, created_at, estado, is_delete, is_enabled, stock, id_color, id_producto, id_talla) VALUES (1620, '2025-10-29 15:47:54', 'Nuevo', 0, 1, 44, 14, 112, 12);
INSERT INTO `tb_calzado` (id, created_at, estado, is_delete, is_enabled, stock, id_color, id_producto, id_talla) VALUES (1621, '2025-10-29 15:47:54', 'Nuevo', 0, 1, 37, 10, 80, 5);
INSERT INTO `tb_calzado` (id, created_at, estado, is_delete, is_enabled, stock, id_color, id_producto, id_talla) VALUES (1622, '2025-10-29 15:47:54', 'Nuevo', 0, 1, 38, 2, 191, 1);
INSERT INTO `tb_calzado` (id, created_at, estado, is_delete, is_enabled, stock, id_color, id_producto, id_talla) VALUES (1623, '2025-10-29 15:47:54', 'Nuevo', 0, 1, 34, 10, 72, 12);
INSERT INTO `tb_calzado` (id, created_at, estado, is_delete, is_enabled, stock, id_color, id_producto, id_talla) VALUES (1624, '2025-10-29 15:47:54', 'Nuevo', 0, 1, 31, 14, 21, 10);
INSERT INTO `tb_calzado` (id, created_at, estado, is_delete, is_enabled, stock, id_color, id_producto, id_talla) VALUES (1625, '2025-10-29 15:47:54', 'Nuevo', 0, 1, 21, 12, 7, 10);
INSERT INTO `tb_calzado` (id, created_at, estado, is_delete, is_enabled, stock, id_color, id_producto, id_talla) VALUES (1626, '2025-10-29 15:47:54', 'Nuevo', 0, 1, 36, 5, 62, 3);
INSERT INTO `tb_calzado` (id, created_at, estado, is_delete, is_enabled, stock, id_color, id_producto, id_talla) VALUES (1627, '2025-10-29 15:47:54', 'Nuevo', 0, 1, 11, 13, 160, 10);
INSERT INTO `tb_calzado` (id, created_at, estado, is_delete, is_enabled, stock, id_color, id_producto, id_talla) VALUES (1628, '2025-10-29 15:47:54', 'Nuevo', 0, 1, 32, 10, 150, 9);
INSERT INTO `tb_calzado` (id, created_at, estado, is_delete, is_enabled, stock, id_color, id_producto, id_talla) VALUES (1629, '2025-10-29 15:47:54', 'Nuevo', 0, 1, 12, 6, 87, 8);
INSERT INTO `tb_calzado` (id, created_at, estado, is_delete, is_enabled, stock, id_color, id_producto, id_talla) VALUES (1630, '2025-10-29 15:47:54', 'Nuevo', 0, 1, 13, 3, 156, 1);
INSERT INTO `tb_calzado` (id, created_at, estado, is_delete, is_enabled, stock, id_color, id_producto, id_talla) VALUES (1631, '2025-10-29 15:47:54', 'Nuevo', 0, 1, 26, 12, 100, 6);
INSERT INTO `tb_calzado` (id, created_at, estado, is_delete, is_enabled, stock, id_color, id_producto, id_talla) VALUES (1632, '2025-10-29 15:47:54', 'Nuevo', 0, 1, 35, 9, 60, 3);
INSERT INTO `tb_calzado` (id, created_at, estado, is_delete, is_enabled, stock, id_color, id_producto, id_talla) VALUES (1633, '2025-10-29 15:47:54', 'Nuevo', 0, 1, 31, 12, 101, 3);
INSERT INTO `tb_calzado` (id, created_at, estado, is_delete, is_enabled, stock, id_color, id_producto, id_talla) VALUES (1634, '2025-10-29 15:47:54', 'Nuevo', 0, 1, 14, 2, 127, 9);
INSERT INTO `tb_calzado` (id, created_at, estado, is_delete, is_enabled, stock, id_color, id_producto, id_talla) VALUES (1635, '2025-10-29 15:47:54', 'Nuevo', 0, 1, 10, 8, 57, 9);
INSERT INTO `tb_calzado` (id, created_at, estado, is_delete, is_enabled, stock, id_color, id_producto, id_talla) VALUES (1636, '2025-10-29 15:47:54', 'Nuevo', 0, 1, 40, 8, 96, 10);
INSERT INTO `tb_calzado` (id, created_at, estado, is_delete, is_enabled, stock, id_color, id_producto, id_talla) VALUES (1637, '2025-10-29 15:47:54', 'Nuevo', 0, 1, 48, 15, 89, 12);
INSERT INTO `tb_calzado` (id, created_at, estado, is_delete, is_enabled, stock, id_color, id_producto, id_talla) VALUES (1638, '2025-10-29 15:47:54', 'Nuevo', 0, 1, 46, 14, 80, 12);
INSERT INTO `tb_calzado` (id, created_at, estado, is_delete, is_enabled, stock, id_color, id_producto, id_talla) VALUES (1639, '2025-10-29 15:47:54', 'Nuevo', 0, 1, 23, 11, 75, 1);
INSERT INTO `tb_calzado` (id, created_at, estado, is_delete, is_enabled, stock, id_color, id_producto, id_talla) VALUES (1640, '2025-10-29 15:47:54', 'Nuevo', 0, 1, 40, 3, 75, 5);
INSERT INTO `tb_calzado` (id, created_at, estado, is_delete, is_enabled, stock, id_color, id_producto, id_talla) VALUES (1641, '2025-10-29 15:47:54', 'Nuevo', 0, 1, 20, 9, 57, 9);
INSERT INTO `tb_calzado` (id, created_at, estado, is_delete, is_enabled, stock, id_color, id_producto, id_talla) VALUES (1642, '2025-10-29 15:47:54', 'Nuevo', 0, 1, 14, 8, 70, 9);
INSERT INTO `tb_calzado` (id, created_at, estado, is_delete, is_enabled, stock, id_color, id_producto, id_talla) VALUES (1643, '2025-10-29 15:47:54', 'Nuevo', 0, 1, 40, 2, 179, 7);
INSERT INTO `tb_calzado` (id, created_at, estado, is_delete, is_enabled, stock, id_color, id_producto, id_talla) VALUES (1644, '2025-10-29 15:47:54', 'Nuevo', 0, 1, 41, 11, 117, 11);
INSERT INTO `tb_calzado` (id, created_at, estado, is_delete, is_enabled, stock, id_color, id_producto, id_talla) VALUES (1645, '2025-10-29 15:47:54', 'Nuevo', 0, 1, 20, 4, 167, 5);
INSERT INTO `tb_calzado` (id, created_at, estado, is_delete, is_enabled, stock, id_color, id_producto, id_talla) VALUES (1646, '2025-10-29 15:47:54', 'Nuevo', 0, 1, 28, 3, 128, 5);
INSERT INTO `tb_calzado` (id, created_at, estado, is_delete, is_enabled, stock, id_color, id_producto, id_talla) VALUES (1647, '2025-10-29 15:47:54', 'Nuevo', 0, 1, 25, 11, 152, 3);
INSERT INTO `tb_calzado` (id, created_at, estado, is_delete, is_enabled, stock, id_color, id_producto, id_talla) VALUES (1648, '2025-10-29 15:47:54', 'Nuevo', 0, 1, 33, 5, 67, 12);
INSERT INTO `tb_calzado` (id, created_at, estado, is_delete, is_enabled, stock, id_color, id_producto, id_talla) VALUES (1649, '2025-10-29 15:47:54', 'Nuevo', 0, 1, 19, 15, 166, 1);
INSERT INTO `tb_calzado` (id, created_at, estado, is_delete, is_enabled, stock, id_color, id_producto, id_talla) VALUES (1650, '2025-10-29 15:47:54', 'Nuevo', 0, 1, 50, 6, 12, 8);
INSERT INTO `tb_calzado` (id, created_at, estado, is_delete, is_enabled, stock, id_color, id_producto, id_talla) VALUES (1651, '2025-10-29 15:47:54', 'Nuevo', 0, 1, 15, 14, 47, 4);
INSERT INTO `tb_calzado` (id, created_at, estado, is_delete, is_enabled, stock, id_color, id_producto, id_talla) VALUES (1652, '2025-10-29 15:47:54', 'Nuevo', 0, 1, 5, 2, 85, 4);
INSERT INTO `tb_calzado` (id, created_at, estado, is_delete, is_enabled, stock, id_color, id_producto, id_talla) VALUES (1653, '2025-10-29 15:47:54', 'Nuevo', 0, 1, 45, 7, 115, 1);
INSERT INTO `tb_calzado` (id, created_at, estado, is_delete, is_enabled, stock, id_color, id_producto, id_talla) VALUES (1654, '2025-10-29 15:47:54', 'Nuevo', 0, 1, 44, 15, 159, 3);
INSERT INTO `tb_calzado` (id, created_at, estado, is_delete, is_enabled, stock, id_color, id_producto, id_talla) VALUES (1655, '2025-10-29 15:47:54', 'Nuevo', 0, 1, 42, 12, 32, 2);
INSERT INTO `tb_calzado` (id, created_at, estado, is_delete, is_enabled, stock, id_color, id_producto, id_talla) VALUES (1656, '2025-10-29 15:47:54', 'Nuevo', 0, 1, 27, 15, 158, 1);
INSERT INTO `tb_calzado` (id, created_at, estado, is_delete, is_enabled, stock, id_color, id_producto, id_talla) VALUES (1657, '2025-10-29 15:47:54', 'Nuevo', 0, 1, 14, 6, 99, 6);
INSERT INTO `tb_calzado` (id, created_at, estado, is_delete, is_enabled, stock, id_color, id_producto, id_talla) VALUES (1658, '2025-10-29 15:47:54', 'Nuevo', 0, 1, 27, 11, 104, 10);
INSERT INTO `tb_calzado` (id, created_at, estado, is_delete, is_enabled, stock, id_color, id_producto, id_talla) VALUES (1659, '2025-10-29 15:47:54', 'Nuevo', 0, 1, 33, 5, 99, 12);
INSERT INTO `tb_calzado` (id, created_at, estado, is_delete, is_enabled, stock, id_color, id_producto, id_talla) VALUES (1660, '2025-10-29 15:47:54', 'Nuevo', 0, 1, 13, 5, 138, 1);
INSERT INTO `tb_calzado` (id, created_at, estado, is_delete, is_enabled, stock, id_color, id_producto, id_talla) VALUES (1661, '2025-10-29 15:47:54', 'Nuevo', 0, 1, 6, 6, 110, 12);
INSERT INTO `tb_calzado` (id, created_at, estado, is_delete, is_enabled, stock, id_color, id_producto, id_talla) VALUES (1662, '2025-10-29 15:47:54', 'Nuevo', 0, 1, 32, 9, 139, 5);
INSERT INTO `tb_calzado` (id, created_at, estado, is_delete, is_enabled, stock, id_color, id_producto, id_talla) VALUES (1663, '2025-10-29 15:47:54', 'Nuevo', 0, 1, 28, 6, 199, 5);
INSERT INTO `tb_calzado` (id, created_at, estado, is_delete, is_enabled, stock, id_color, id_producto, id_talla) VALUES (1664, '2025-10-29 15:47:54', 'Nuevo', 0, 1, 49, 10, 160, 3);
INSERT INTO `tb_calzado` (id, created_at, estado, is_delete, is_enabled, stock, id_color, id_producto, id_talla) VALUES (1665, '2025-10-29 15:47:54', 'Nuevo', 0, 1, 22, 10, 184, 2);
INSERT INTO `tb_calzado` (id, created_at, estado, is_delete, is_enabled, stock, id_color, id_producto, id_talla) VALUES (1666, '2025-10-29 15:47:54', 'Nuevo', 0, 1, 50, 13, 87, 8);
INSERT INTO `tb_calzado` (id, created_at, estado, is_delete, is_enabled, stock, id_color, id_producto, id_talla) VALUES (1667, '2025-10-29 15:47:54', 'Nuevo', 0, 1, 28, 6, 10, 4);
INSERT INTO `tb_calzado` (id, created_at, estado, is_delete, is_enabled, stock, id_color, id_producto, id_talla) VALUES (1668, '2025-10-29 15:47:54', 'Nuevo', 0, 1, 10, 14, 86, 2);
INSERT INTO `tb_calzado` (id, created_at, estado, is_delete, is_enabled, stock, id_color, id_producto, id_talla) VALUES (1669, '2025-10-29 15:47:54', 'Nuevo', 0, 1, 12, 13, 166, 5);
INSERT INTO `tb_calzado` (id, created_at, estado, is_delete, is_enabled, stock, id_color, id_producto, id_talla) VALUES (1670, '2025-10-29 15:47:54', 'Nuevo', 0, 1, 9, 13, 26, 7);
INSERT INTO `tb_calzado` (id, created_at, estado, is_delete, is_enabled, stock, id_color, id_producto, id_talla) VALUES (1671, '2025-10-29 15:47:54', 'Nuevo', 0, 1, 8, 9, 146, 9);
INSERT INTO `tb_calzado` (id, created_at, estado, is_delete, is_enabled, stock, id_color, id_producto, id_talla) VALUES (1672, '2025-10-29 15:47:54', 'Nuevo', 0, 1, 44, 4, 62, 8);
INSERT INTO `tb_calzado` (id, created_at, estado, is_delete, is_enabled, stock, id_color, id_producto, id_talla) VALUES (1673, '2025-10-29 15:47:54', 'Nuevo', 0, 1, 34, 5, 120, 12);
INSERT INTO `tb_calzado` (id, created_at, estado, is_delete, is_enabled, stock, id_color, id_producto, id_talla) VALUES (1674, '2025-10-29 15:47:54', 'Nuevo', 0, 1, 27, 10, 1, 11);
INSERT INTO `tb_calzado` (id, created_at, estado, is_delete, is_enabled, stock, id_color, id_producto, id_talla) VALUES (1675, '2025-10-29 15:47:54', 'Nuevo', 0, 1, 28, 5, 71, 10);
INSERT INTO `tb_calzado` (id, created_at, estado, is_delete, is_enabled, stock, id_color, id_producto, id_talla) VALUES (1676, '2025-10-29 15:47:54', 'Nuevo', 0, 1, 47, 10, 18, 6);
INSERT INTO `tb_calzado` (id, created_at, estado, is_delete, is_enabled, stock, id_color, id_producto, id_talla) VALUES (1677, '2025-10-29 15:47:54', 'Nuevo', 0, 1, 19, 6, 108, 2);
INSERT INTO `tb_calzado` (id, created_at, estado, is_delete, is_enabled, stock, id_color, id_producto, id_talla) VALUES (1678, '2025-10-29 15:47:54', 'Nuevo', 0, 1, 22, 2, 64, 1);
INSERT INTO `tb_calzado` (id, created_at, estado, is_delete, is_enabled, stock, id_color, id_producto, id_talla) VALUES (1679, '2025-10-29 15:47:54', 'Nuevo', 0, 1, 6, 13, 165, 9);
INSERT INTO `tb_calzado` (id, created_at, estado, is_delete, is_enabled, stock, id_color, id_producto, id_talla) VALUES (1680, '2025-10-29 15:47:54', 'Nuevo', 0, 1, 19, 13, 23, 12);
INSERT INTO `tb_calzado` (id, created_at, estado, is_delete, is_enabled, stock, id_color, id_producto, id_talla) VALUES (1681, '2025-10-29 15:47:54', 'Nuevo', 0, 1, 6, 7, 93, 6);
INSERT INTO `tb_calzado` (id, created_at, estado, is_delete, is_enabled, stock, id_color, id_producto, id_talla) VALUES (1682, '2025-10-29 15:47:54', 'Nuevo', 0, 1, 49, 4, 180, 11);
INSERT INTO `tb_calzado` (id, created_at, estado, is_delete, is_enabled, stock, id_color, id_producto, id_talla) VALUES (1683, '2025-10-29 15:47:54', 'Nuevo', 0, 1, 7, 13, 19, 7);
INSERT INTO `tb_calzado` (id, created_at, estado, is_delete, is_enabled, stock, id_color, id_producto, id_talla) VALUES (1684, '2025-10-29 15:47:54', 'Nuevo', 0, 1, 19, 1, 192, 12);
INSERT INTO `tb_calzado` (id, created_at, estado, is_delete, is_enabled, stock, id_color, id_producto, id_talla) VALUES (1685, '2025-10-29 15:47:54', 'Nuevo', 0, 1, 50, 4, 123, 6);
INSERT INTO `tb_calzado` (id, created_at, estado, is_delete, is_enabled, stock, id_color, id_producto, id_talla) VALUES (1686, '2025-10-29 15:47:54', 'Nuevo', 0, 1, 38, 8, 146, 1);
INSERT INTO `tb_calzado` (id, created_at, estado, is_delete, is_enabled, stock, id_color, id_producto, id_talla) VALUES (1687, '2025-10-29 15:47:54', 'Nuevo', 0, 1, 21, 2, 3, 11);
INSERT INTO `tb_calzado` (id, created_at, estado, is_delete, is_enabled, stock, id_color, id_producto, id_talla) VALUES (1688, '2025-10-29 15:47:54', 'Nuevo', 0, 1, 30, 14, 150, 8);
INSERT INTO `tb_calzado` (id, created_at, estado, is_delete, is_enabled, stock, id_color, id_producto, id_talla) VALUES (1689, '2025-10-29 15:47:54', 'Nuevo', 0, 1, 18, 8, 191, 3);
INSERT INTO `tb_calzado` (id, created_at, estado, is_delete, is_enabled, stock, id_color, id_producto, id_talla) VALUES (1690, '2025-10-29 15:47:54', 'Nuevo', 0, 1, 43, 6, 50, 1);
INSERT INTO `tb_calzado` (id, created_at, estado, is_delete, is_enabled, stock, id_color, id_producto, id_talla) VALUES (1691, '2025-10-29 15:47:54', 'Nuevo', 0, 1, 14, 12, 77, 9);
INSERT INTO `tb_calzado` (id, created_at, estado, is_delete, is_enabled, stock, id_color, id_producto, id_talla) VALUES (1692, '2025-10-29 15:47:54', 'Nuevo', 0, 1, 8, 14, 80, 10);
INSERT INTO `tb_calzado` (id, created_at, estado, is_delete, is_enabled, stock, id_color, id_producto, id_talla) VALUES (1693, '2025-10-29 15:47:54', 'Nuevo', 0, 1, 21, 5, 76, 3);
INSERT INTO `tb_calzado` (id, created_at, estado, is_delete, is_enabled, stock, id_color, id_producto, id_talla) VALUES (1694, '2025-10-29 15:47:54', 'Nuevo', 0, 1, 25, 1, 107, 3);
INSERT INTO `tb_calzado` (id, created_at, estado, is_delete, is_enabled, stock, id_color, id_producto, id_talla) VALUES (1695, '2025-10-29 15:47:54', 'Nuevo', 0, 1, 11, 12, 33, 12);
INSERT INTO `tb_calzado` (id, created_at, estado, is_delete, is_enabled, stock, id_color, id_producto, id_talla) VALUES (1696, '2025-10-29 15:47:54', 'Nuevo', 0, 1, 41, 7, 24, 7);
INSERT INTO `tb_calzado` (id, created_at, estado, is_delete, is_enabled, stock, id_color, id_producto, id_talla) VALUES (1697, '2025-10-29 15:47:54', 'Nuevo', 0, 1, 25, 3, 47, 11);
INSERT INTO `tb_calzado` (id, created_at, estado, is_delete, is_enabled, stock, id_color, id_producto, id_talla) VALUES (1698, '2025-10-29 15:47:54', 'Nuevo', 0, 1, 37, 12, 69, 3);
INSERT INTO `tb_calzado` (id, created_at, estado, is_delete, is_enabled, stock, id_color, id_producto, id_talla) VALUES (1699, '2025-10-29 15:47:54', 'Nuevo', 0, 1, 11, 7, 23, 2);
INSERT INTO `tb_calzado` (id, created_at, estado, is_delete, is_enabled, stock, id_color, id_producto, id_talla) VALUES (1700, '2025-10-29 15:47:54', 'Nuevo', 0, 1, 39, 2, 41, 9);
INSERT INTO `tb_calzado` (id, created_at, estado, is_delete, is_enabled, stock, id_color, id_producto, id_talla) VALUES (1701, '2025-10-29 15:47:54', 'Nuevo', 0, 1, 32, 10, 167, 9);
INSERT INTO `tb_calzado` (id, created_at, estado, is_delete, is_enabled, stock, id_color, id_producto, id_talla) VALUES (1702, '2025-10-29 15:47:54', 'Nuevo', 0, 1, 47, 12, 135, 12);
INSERT INTO `tb_calzado` (id, created_at, estado, is_delete, is_enabled, stock, id_color, id_producto, id_talla) VALUES (1703, '2025-10-29 15:47:54', 'Nuevo', 0, 1, 19, 4, 113, 2);
INSERT INTO `tb_calzado` (id, created_at, estado, is_delete, is_enabled, stock, id_color, id_producto, id_talla) VALUES (1704, '2025-10-29 15:47:54', 'Nuevo', 0, 1, 20, 7, 65, 8);
INSERT INTO `tb_calzado` (id, created_at, estado, is_delete, is_enabled, stock, id_color, id_producto, id_talla) VALUES (1705, '2025-10-29 15:47:54', 'Nuevo', 0, 1, 42, 5, 120, 12);
INSERT INTO `tb_calzado` (id, created_at, estado, is_delete, is_enabled, stock, id_color, id_producto, id_talla) VALUES (1706, '2025-10-29 15:47:54', 'Nuevo', 0, 1, 22, 2, 120, 10);
INSERT INTO `tb_calzado` (id, created_at, estado, is_delete, is_enabled, stock, id_color, id_producto, id_talla) VALUES (1707, '2025-10-29 15:47:54', 'Nuevo', 0, 1, 34, 7, 78, 9);
INSERT INTO `tb_calzado` (id, created_at, estado, is_delete, is_enabled, stock, id_color, id_producto, id_talla) VALUES (1708, '2025-10-29 15:47:54', 'Nuevo', 0, 1, 21, 14, 96, 2);
INSERT INTO `tb_calzado` (id, created_at, estado, is_delete, is_enabled, stock, id_color, id_producto, id_talla) VALUES (1709, '2025-10-29 15:47:54', 'Nuevo', 0, 1, 10, 13, 18, 2);
INSERT INTO `tb_calzado` (id, created_at, estado, is_delete, is_enabled, stock, id_color, id_producto, id_talla) VALUES (1710, '2025-10-29 15:47:54', 'Nuevo', 0, 1, 20, 14, 47, 2);
INSERT INTO `tb_calzado` (id, created_at, estado, is_delete, is_enabled, stock, id_color, id_producto, id_talla) VALUES (1711, '2025-10-29 15:47:54', 'Nuevo', 0, 1, 8, 12, 45, 5);
INSERT INTO `tb_calzado` (id, created_at, estado, is_delete, is_enabled, stock, id_color, id_producto, id_talla) VALUES (1712, '2025-10-29 15:47:54', 'Nuevo', 0, 1, 11, 9, 2, 9);
INSERT INTO `tb_calzado` (id, created_at, estado, is_delete, is_enabled, stock, id_color, id_producto, id_talla) VALUES (1713, '2025-10-29 15:47:54', 'Nuevo', 0, 1, 5, 3, 88, 7);
INSERT INTO `tb_calzado` (id, created_at, estado, is_delete, is_enabled, stock, id_color, id_producto, id_talla) VALUES (1714, '2025-10-29 15:47:54', 'Nuevo', 0, 1, 48, 12, 167, 10);
INSERT INTO `tb_calzado` (id, created_at, estado, is_delete, is_enabled, stock, id_color, id_producto, id_talla) VALUES (1715, '2025-10-29 15:47:54', 'Nuevo', 0, 1, 30, 10, 149, 7);
INSERT INTO `tb_calzado` (id, created_at, estado, is_delete, is_enabled, stock, id_color, id_producto, id_talla) VALUES (1716, '2025-10-29 15:47:54', 'Nuevo', 0, 1, 5, 6, 91, 11);
INSERT INTO `tb_calzado` (id, created_at, estado, is_delete, is_enabled, stock, id_color, id_producto, id_talla) VALUES (1717, '2025-10-29 15:47:54', 'Nuevo', 0, 1, 50, 11, 113, 5);
INSERT INTO `tb_calzado` (id, created_at, estado, is_delete, is_enabled, stock, id_color, id_producto, id_talla) VALUES (1718, '2025-10-29 15:47:54', 'Nuevo', 0, 1, 25, 14, 157, 11);
INSERT INTO `tb_calzado` (id, created_at, estado, is_delete, is_enabled, stock, id_color, id_producto, id_talla) VALUES (1719, '2025-10-29 15:47:54', 'Nuevo', 0, 1, 7, 15, 38, 3);
INSERT INTO `tb_calzado` (id, created_at, estado, is_delete, is_enabled, stock, id_color, id_producto, id_talla) VALUES (1720, '2025-10-29 15:47:54', 'Nuevo', 0, 1, 46, 3, 15, 2);
INSERT INTO `tb_calzado` (id, created_at, estado, is_delete, is_enabled, stock, id_color, id_producto, id_talla) VALUES (1721, '2025-10-29 15:47:54', 'Nuevo', 0, 1, 38, 13, 37, 10);
INSERT INTO `tb_calzado` (id, created_at, estado, is_delete, is_enabled, stock, id_color, id_producto, id_talla) VALUES (1722, '2025-10-29 15:47:54', 'Nuevo', 0, 1, 11, 10, 174, 7);
INSERT INTO `tb_calzado` (id, created_at, estado, is_delete, is_enabled, stock, id_color, id_producto, id_talla) VALUES (1723, '2025-10-29 15:47:54', 'Nuevo', 0, 1, 26, 1, 198, 1);
INSERT INTO `tb_calzado` (id, created_at, estado, is_delete, is_enabled, stock, id_color, id_producto, id_talla) VALUES (1724, '2025-10-29 15:47:54', 'Nuevo', 0, 1, 33, 12, 175, 11);
INSERT INTO `tb_calzado` (id, created_at, estado, is_delete, is_enabled, stock, id_color, id_producto, id_talla) VALUES (1725, '2025-10-29 15:47:54', 'Nuevo', 0, 1, 34, 9, 195, 6);
INSERT INTO `tb_calzado` (id, created_at, estado, is_delete, is_enabled, stock, id_color, id_producto, id_talla) VALUES (1726, '2025-10-29 15:47:54', 'Nuevo', 0, 1, 23, 3, 164, 5);
INSERT INTO `tb_calzado` (id, created_at, estado, is_delete, is_enabled, stock, id_color, id_producto, id_talla) VALUES (1727, '2025-10-29 15:47:54', 'Nuevo', 0, 1, 19, 11, 165, 7);
INSERT INTO `tb_calzado` (id, created_at, estado, is_delete, is_enabled, stock, id_color, id_producto, id_talla) VALUES (1728, '2025-10-29 15:47:54', 'Nuevo', 0, 1, 24, 7, 31, 7);
INSERT INTO `tb_calzado` (id, created_at, estado, is_delete, is_enabled, stock, id_color, id_producto, id_talla) VALUES (1729, '2025-10-29 15:47:54', 'Nuevo', 0, 1, 30, 4, 26, 2);
INSERT INTO `tb_calzado` (id, created_at, estado, is_delete, is_enabled, stock, id_color, id_producto, id_talla) VALUES (1730, '2025-10-29 15:47:54', 'Nuevo', 0, 1, 10, 9, 135, 6);
INSERT INTO `tb_calzado` (id, created_at, estado, is_delete, is_enabled, stock, id_color, id_producto, id_talla) VALUES (1731, '2025-10-29 15:47:54', 'Nuevo', 0, 1, 6, 2, 190, 2);
INSERT INTO `tb_calzado` (id, created_at, estado, is_delete, is_enabled, stock, id_color, id_producto, id_talla) VALUES (1732, '2025-10-29 15:47:54', 'Nuevo', 0, 1, 11, 14, 133, 4);
INSERT INTO `tb_calzado` (id, created_at, estado, is_delete, is_enabled, stock, id_color, id_producto, id_talla) VALUES (1733, '2025-10-29 15:47:54', 'Nuevo', 0, 1, 50, 5, 114, 12);
INSERT INTO `tb_calzado` (id, created_at, estado, is_delete, is_enabled, stock, id_color, id_producto, id_talla) VALUES (1734, '2025-10-29 15:47:54', 'Nuevo', 0, 1, 10, 9, 153, 7);
INSERT INTO `tb_calzado` (id, created_at, estado, is_delete, is_enabled, stock, id_color, id_producto, id_talla) VALUES (1735, '2025-10-29 15:47:54', 'Nuevo', 0, 1, 44, 12, 163, 1);
INSERT INTO `tb_calzado` (id, created_at, estado, is_delete, is_enabled, stock, id_color, id_producto, id_talla) VALUES (1736, '2025-10-29 15:47:54', 'Nuevo', 0, 1, 41, 9, 51, 6);
INSERT INTO `tb_calzado` (id, created_at, estado, is_delete, is_enabled, stock, id_color, id_producto, id_talla) VALUES (1737, '2025-10-29 15:47:54', 'Nuevo', 0, 1, 50, 12, 196, 8);
INSERT INTO `tb_calzado` (id, created_at, estado, is_delete, is_enabled, stock, id_color, id_producto, id_talla) VALUES (1738, '2025-10-29 15:47:54', 'Nuevo', 0, 1, 48, 4, 94, 10);
INSERT INTO `tb_calzado` (id, created_at, estado, is_delete, is_enabled, stock, id_color, id_producto, id_talla) VALUES (1739, '2025-10-29 15:47:54', 'Nuevo', 0, 1, 28, 15, 17, 2);
INSERT INTO `tb_calzado` (id, created_at, estado, is_delete, is_enabled, stock, id_color, id_producto, id_talla) VALUES (1740, '2025-10-29 15:47:54', 'Nuevo', 0, 1, 27, 2, 52, 3);
INSERT INTO `tb_calzado` (id, created_at, estado, is_delete, is_enabled, stock, id_color, id_producto, id_talla) VALUES (1741, '2025-10-29 15:47:54', 'Nuevo', 0, 1, 35, 14, 2, 1);
INSERT INTO `tb_calzado` (id, created_at, estado, is_delete, is_enabled, stock, id_color, id_producto, id_talla) VALUES (1742, '2025-10-29 15:47:54', 'Nuevo', 0, 1, 29, 8, 186, 9);
INSERT INTO `tb_calzado` (id, created_at, estado, is_delete, is_enabled, stock, id_color, id_producto, id_talla) VALUES (1743, '2025-10-29 15:47:54', 'Nuevo', 0, 1, 9, 12, 177, 10);
INSERT INTO `tb_calzado` (id, created_at, estado, is_delete, is_enabled, stock, id_color, id_producto, id_talla) VALUES (1744, '2025-10-29 15:47:54', 'Nuevo', 0, 1, 28, 15, 195, 5);
INSERT INTO `tb_calzado` (id, created_at, estado, is_delete, is_enabled, stock, id_color, id_producto, id_talla) VALUES (1745, '2025-10-29 15:47:54', 'Nuevo', 0, 1, 46, 5, 154, 6);
INSERT INTO `tb_calzado` (id, created_at, estado, is_delete, is_enabled, stock, id_color, id_producto, id_talla) VALUES (1746, '2025-10-29 15:47:54', 'Nuevo', 0, 1, 17, 12, 124, 7);
INSERT INTO `tb_calzado` (id, created_at, estado, is_delete, is_enabled, stock, id_color, id_producto, id_talla) VALUES (1747, '2025-10-29 15:47:54', 'Nuevo', 0, 1, 12, 13, 137, 1);
INSERT INTO `tb_calzado` (id, created_at, estado, is_delete, is_enabled, stock, id_color, id_producto, id_talla) VALUES (1748, '2025-10-29 15:47:54', 'Nuevo', 0, 1, 33, 8, 106, 7);
INSERT INTO `tb_calzado` (id, created_at, estado, is_delete, is_enabled, stock, id_color, id_producto, id_talla) VALUES (1749, '2025-10-29 15:47:54', 'Nuevo', 0, 1, 18, 13, 98, 2);
INSERT INTO `tb_calzado` (id, created_at, estado, is_delete, is_enabled, stock, id_color, id_producto, id_talla) VALUES (1750, '2025-10-29 15:47:54', 'Nuevo', 0, 1, 32, 3, 148, 2);
INSERT INTO `tb_calzado` (id, created_at, estado, is_delete, is_enabled, stock, id_color, id_producto, id_talla) VALUES (1751, '2025-10-29 15:47:54', 'Nuevo', 0, 1, 27, 9, 95, 1);
INSERT INTO `tb_calzado` (id, created_at, estado, is_delete, is_enabled, stock, id_color, id_producto, id_talla) VALUES (1752, '2025-10-29 15:47:54', 'Nuevo', 0, 1, 30, 7, 44, 7);
INSERT INTO `tb_calzado` (id, created_at, estado, is_delete, is_enabled, stock, id_color, id_producto, id_talla) VALUES (1753, '2025-10-29 15:47:54', 'Nuevo', 0, 1, 22, 1, 50, 8);
INSERT INTO `tb_calzado` (id, created_at, estado, is_delete, is_enabled, stock, id_color, id_producto, id_talla) VALUES (1754, '2025-10-29 15:47:54', 'Nuevo', 0, 1, 8, 3, 23, 8);
INSERT INTO `tb_calzado` (id, created_at, estado, is_delete, is_enabled, stock, id_color, id_producto, id_talla) VALUES (1755, '2025-10-29 15:47:54', 'Nuevo', 0, 1, 11, 12, 50, 5);
INSERT INTO `tb_calzado` (id, created_at, estado, is_delete, is_enabled, stock, id_color, id_producto, id_talla) VALUES (1756, '2025-10-29 15:47:54', 'Nuevo', 0, 1, 10, 1, 80, 7);
INSERT INTO `tb_calzado` (id, created_at, estado, is_delete, is_enabled, stock, id_color, id_producto, id_talla) VALUES (1757, '2025-10-29 15:47:54', 'Nuevo', 0, 1, 18, 4, 173, 4);
INSERT INTO `tb_calzado` (id, created_at, estado, is_delete, is_enabled, stock, id_color, id_producto, id_talla) VALUES (1758, '2025-10-29 15:47:54', 'Nuevo', 0, 1, 26, 7, 170, 7);
INSERT INTO `tb_calzado` (id, created_at, estado, is_delete, is_enabled, stock, id_color, id_producto, id_talla) VALUES (1759, '2025-10-29 15:47:54', 'Nuevo', 0, 1, 19, 2, 74, 11);
INSERT INTO `tb_calzado` (id, created_at, estado, is_delete, is_enabled, stock, id_color, id_producto, id_talla) VALUES (1760, '2025-10-29 15:47:54', 'Nuevo', 0, 1, 14, 5, 42, 9);
INSERT INTO `tb_calzado` (id, created_at, estado, is_delete, is_enabled, stock, id_color, id_producto, id_talla) VALUES (1761, '2025-10-29 15:47:54', 'Nuevo', 0, 1, 30, 4, 157, 11);
INSERT INTO `tb_calzado` (id, created_at, estado, is_delete, is_enabled, stock, id_color, id_producto, id_talla) VALUES (1762, '2025-10-29 15:47:54', 'Nuevo', 0, 1, 35, 10, 34, 11);
INSERT INTO `tb_calzado` (id, created_at, estado, is_delete, is_enabled, stock, id_color, id_producto, id_talla) VALUES (1763, '2025-10-29 15:47:54', 'Nuevo', 0, 1, 8, 9, 181, 5);
INSERT INTO `tb_calzado` (id, created_at, estado, is_delete, is_enabled, stock, id_color, id_producto, id_talla) VALUES (1764, '2025-10-29 15:47:54', 'Nuevo', 0, 1, 25, 11, 98, 4);
INSERT INTO `tb_calzado` (id, created_at, estado, is_delete, is_enabled, stock, id_color, id_producto, id_talla) VALUES (1765, '2025-10-29 15:47:54', 'Nuevo', 0, 1, 11, 3, 66, 1);
INSERT INTO `tb_calzado` (id, created_at, estado, is_delete, is_enabled, stock, id_color, id_producto, id_talla) VALUES (1766, '2025-10-29 15:47:54', 'Nuevo', 0, 1, 40, 9, 90, 9);
INSERT INTO `tb_calzado` (id, created_at, estado, is_delete, is_enabled, stock, id_color, id_producto, id_talla) VALUES (1767, '2025-10-29 15:47:54', 'Nuevo', 0, 1, 27, 6, 5, 7);
INSERT INTO `tb_calzado` (id, created_at, estado, is_delete, is_enabled, stock, id_color, id_producto, id_talla) VALUES (1768, '2025-10-29 15:47:54', 'Nuevo', 0, 1, 20, 9, 177, 7);
INSERT INTO `tb_calzado` (id, created_at, estado, is_delete, is_enabled, stock, id_color, id_producto, id_talla) VALUES (1769, '2025-10-29 15:47:54', 'Nuevo', 0, 1, 13, 11, 24, 11);
INSERT INTO `tb_calzado` (id, created_at, estado, is_delete, is_enabled, stock, id_color, id_producto, id_talla) VALUES (1770, '2025-10-29 15:47:54', 'Nuevo', 0, 1, 29, 6, 187, 7);
INSERT INTO `tb_calzado` (id, created_at, estado, is_delete, is_enabled, stock, id_color, id_producto, id_talla) VALUES (1771, '2025-10-29 15:47:54', 'Nuevo', 0, 1, 18, 7, 129, 1);
INSERT INTO `tb_calzado` (id, created_at, estado, is_delete, is_enabled, stock, id_color, id_producto, id_talla) VALUES (1772, '2025-10-29 15:47:54', 'Nuevo', 0, 1, 28, 6, 55, 9);
INSERT INTO `tb_calzado` (id, created_at, estado, is_delete, is_enabled, stock, id_color, id_producto, id_talla) VALUES (1773, '2025-10-29 15:47:54', 'Nuevo', 0, 1, 6, 1, 115, 2);
INSERT INTO `tb_calzado` (id, created_at, estado, is_delete, is_enabled, stock, id_color, id_producto, id_talla) VALUES (1774, '2025-10-29 15:47:54', 'Nuevo', 0, 1, 26, 10, 19, 4);
INSERT INTO `tb_calzado` (id, created_at, estado, is_delete, is_enabled, stock, id_color, id_producto, id_talla) VALUES (1775, '2025-10-29 15:47:54', 'Nuevo', 0, 1, 45, 2, 149, 1);
INSERT INTO `tb_calzado` (id, created_at, estado, is_delete, is_enabled, stock, id_color, id_producto, id_talla) VALUES (1776, '2025-10-29 15:47:54', 'Nuevo', 0, 1, 42, 8, 142, 8);
INSERT INTO `tb_calzado` (id, created_at, estado, is_delete, is_enabled, stock, id_color, id_producto, id_talla) VALUES (1777, '2025-10-29 15:47:54', 'Nuevo', 0, 1, 39, 15, 145, 6);
INSERT INTO `tb_calzado` (id, created_at, estado, is_delete, is_enabled, stock, id_color, id_producto, id_talla) VALUES (1778, '2025-10-29 15:47:54', 'Nuevo', 0, 1, 44, 2, 126, 3);
INSERT INTO `tb_calzado` (id, created_at, estado, is_delete, is_enabled, stock, id_color, id_producto, id_talla) VALUES (1779, '2025-10-29 15:47:54', 'Nuevo', 0, 1, 27, 13, 88, 12);
INSERT INTO `tb_calzado` (id, created_at, estado, is_delete, is_enabled, stock, id_color, id_producto, id_talla) VALUES (1780, '2025-10-29 15:47:54', 'Nuevo', 0, 1, 38, 1, 2, 3);
INSERT INTO `tb_calzado` (id, created_at, estado, is_delete, is_enabled, stock, id_color, id_producto, id_talla) VALUES (1781, '2025-10-29 15:47:54', 'Nuevo', 0, 1, 30, 3, 40, 7);
INSERT INTO `tb_calzado` (id, created_at, estado, is_delete, is_enabled, stock, id_color, id_producto, id_talla) VALUES (1782, '2025-10-29 15:47:54', 'Nuevo', 0, 1, 49, 11, 3, 8);
INSERT INTO `tb_calzado` (id, created_at, estado, is_delete, is_enabled, stock, id_color, id_producto, id_talla) VALUES (1783, '2025-10-29 15:47:54', 'Nuevo', 0, 1, 45, 2, 88, 6);
INSERT INTO `tb_calzado` (id, created_at, estado, is_delete, is_enabled, stock, id_color, id_producto, id_talla) VALUES (1784, '2025-10-29 15:47:54', 'Nuevo', 0, 1, 22, 15, 70, 9);
INSERT INTO `tb_calzado` (id, created_at, estado, is_delete, is_enabled, stock, id_color, id_producto, id_talla) VALUES (1785, '2025-10-29 15:47:54', 'Nuevo', 0, 1, 46, 10, 118, 1);
INSERT INTO `tb_calzado` (id, created_at, estado, is_delete, is_enabled, stock, id_color, id_producto, id_talla) VALUES (1786, '2025-10-29 15:47:54', 'Nuevo', 0, 1, 46, 13, 61, 8);
INSERT INTO `tb_calzado` (id, created_at, estado, is_delete, is_enabled, stock, id_color, id_producto, id_talla) VALUES (1787, '2025-10-29 15:47:54', 'Nuevo', 0, 1, 33, 11, 39, 6);
INSERT INTO `tb_calzado` (id, created_at, estado, is_delete, is_enabled, stock, id_color, id_producto, id_talla) VALUES (1788, '2025-10-29 15:47:54', 'Nuevo', 0, 1, 25, 5, 80, 5);
INSERT INTO `tb_calzado` (id, created_at, estado, is_delete, is_enabled, stock, id_color, id_producto, id_talla) VALUES (1789, '2025-10-29 15:47:54', 'Nuevo', 0, 1, 41, 1, 155, 9);
INSERT INTO `tb_calzado` (id, created_at, estado, is_delete, is_enabled, stock, id_color, id_producto, id_talla) VALUES (1790, '2025-10-29 15:47:54', 'Nuevo', 0, 1, 7, 1, 56, 3);
INSERT INTO `tb_calzado` (id, created_at, estado, is_delete, is_enabled, stock, id_color, id_producto, id_talla) VALUES (1791, '2025-10-29 15:47:54', 'Nuevo', 0, 1, 5, 10, 87, 1);
INSERT INTO `tb_calzado` (id, created_at, estado, is_delete, is_enabled, stock, id_color, id_producto, id_talla) VALUES (1792, '2025-10-29 15:47:54', 'Nuevo', 0, 1, 11, 15, 180, 1);
INSERT INTO `tb_calzado` (id, created_at, estado, is_delete, is_enabled, stock, id_color, id_producto, id_talla) VALUES (1793, '2025-10-29 15:47:54', 'Nuevo', 0, 1, 32, 6, 41, 7);
INSERT INTO `tb_calzado` (id, created_at, estado, is_delete, is_enabled, stock, id_color, id_producto, id_talla) VALUES (1794, '2025-10-29 15:47:54', 'Nuevo', 0, 1, 24, 14, 145, 12);
INSERT INTO `tb_calzado` (id, created_at, estado, is_delete, is_enabled, stock, id_color, id_producto, id_talla) VALUES (1795, '2025-10-29 15:47:54', 'Nuevo', 0, 1, 33, 15, 149, 11);
INSERT INTO `tb_calzado` (id, created_at, estado, is_delete, is_enabled, stock, id_color, id_producto, id_talla) VALUES (1796, '2025-10-29 15:47:54', 'Nuevo', 0, 1, 43, 9, 61, 7);
INSERT INTO `tb_calzado` (id, created_at, estado, is_delete, is_enabled, stock, id_color, id_producto, id_talla) VALUES (1797, '2025-10-29 15:47:54', 'Nuevo', 0, 1, 21, 3, 155, 10);
INSERT INTO `tb_calzado` (id, created_at, estado, is_delete, is_enabled, stock, id_color, id_producto, id_talla) VALUES (1798, '2025-10-29 15:47:54', 'Nuevo', 0, 1, 11, 4, 59, 6);
INSERT INTO `tb_calzado` (id, created_at, estado, is_delete, is_enabled, stock, id_color, id_producto, id_talla) VALUES (1799, '2025-10-29 15:47:54', 'Nuevo', 0, 1, 44, 6, 55, 7);
INSERT INTO `tb_calzado` (id, created_at, estado, is_delete, is_enabled, stock, id_color, id_producto, id_talla) VALUES (1800, '2025-10-29 15:47:54', 'Nuevo', 0, 1, 9, 1, 67, 8);
INSERT INTO `tb_calzado` (id, created_at, estado, is_delete, is_enabled, stock, id_color, id_producto, id_talla) VALUES (1801, '2025-10-29 15:47:54', 'Nuevo', 0, 1, 7, 8, 154, 5);
INSERT INTO `tb_calzado` (id, created_at, estado, is_delete, is_enabled, stock, id_color, id_producto, id_talla) VALUES (1802, '2025-10-29 15:47:54', 'Nuevo', 0, 1, 27, 8, 157, 3);
INSERT INTO `tb_calzado` (id, created_at, estado, is_delete, is_enabled, stock, id_color, id_producto, id_talla) VALUES (1803, '2025-10-29 15:47:54', 'Nuevo', 0, 1, 19, 12, 87, 3);
INSERT INTO `tb_calzado` (id, created_at, estado, is_delete, is_enabled, stock, id_color, id_producto, id_talla) VALUES (1804, '2025-10-29 15:47:54', 'Nuevo', 0, 1, 7, 7, 136, 8);
INSERT INTO `tb_calzado` (id, created_at, estado, is_delete, is_enabled, stock, id_color, id_producto, id_talla) VALUES (1805, '2025-10-29 15:47:54', 'Nuevo', 0, 1, 41, 3, 66, 8);
INSERT INTO `tb_calzado` (id, created_at, estado, is_delete, is_enabled, stock, id_color, id_producto, id_talla) VALUES (1806, '2025-10-29 15:47:54', 'Nuevo', 0, 1, 30, 9, 98, 3);
INSERT INTO `tb_calzado` (id, created_at, estado, is_delete, is_enabled, stock, id_color, id_producto, id_talla) VALUES (1807, '2025-10-29 15:47:54', 'Nuevo', 0, 1, 30, 2, 200, 1);
INSERT INTO `tb_calzado` (id, created_at, estado, is_delete, is_enabled, stock, id_color, id_producto, id_talla) VALUES (1808, '2025-10-29 15:47:54', 'Nuevo', 0, 1, 5, 11, 172, 5);
INSERT INTO `tb_calzado` (id, created_at, estado, is_delete, is_enabled, stock, id_color, id_producto, id_talla) VALUES (1809, '2025-10-29 15:47:54', 'Nuevo', 0, 1, 50, 4, 100, 3);
INSERT INTO `tb_calzado` (id, created_at, estado, is_delete, is_enabled, stock, id_color, id_producto, id_talla) VALUES (1810, '2025-10-29 15:47:54', 'Nuevo', 0, 1, 38, 7, 151, 2);
INSERT INTO `tb_calzado` (id, created_at, estado, is_delete, is_enabled, stock, id_color, id_producto, id_talla) VALUES (1811, '2025-10-29 15:47:54', 'Nuevo', 0, 1, 10, 12, 28, 2);
INSERT INTO `tb_calzado` (id, created_at, estado, is_delete, is_enabled, stock, id_color, id_producto, id_talla) VALUES (1812, '2025-10-29 15:47:54', 'Nuevo', 0, 1, 6, 9, 194, 9);
INSERT INTO `tb_calzado` (id, created_at, estado, is_delete, is_enabled, stock, id_color, id_producto, id_talla) VALUES (1813, '2025-10-29 15:47:54', 'Nuevo', 0, 1, 27, 15, 169, 10);
INSERT INTO `tb_calzado` (id, created_at, estado, is_delete, is_enabled, stock, id_color, id_producto, id_talla) VALUES (1814, '2025-10-29 15:47:54', 'Nuevo', 0, 1, 38, 13, 73, 10);
INSERT INTO `tb_calzado` (id, created_at, estado, is_delete, is_enabled, stock, id_color, id_producto, id_talla) VALUES (1815, '2025-10-29 15:47:54', 'Nuevo', 0, 1, 19, 9, 174, 10);
INSERT INTO `tb_calzado` (id, created_at, estado, is_delete, is_enabled, stock, id_color, id_producto, id_talla) VALUES (1816, '2025-10-29 15:47:54', 'Nuevo', 0, 1, 32, 8, 98, 11);
INSERT INTO `tb_calzado` (id, created_at, estado, is_delete, is_enabled, stock, id_color, id_producto, id_talla) VALUES (1817, '2025-10-29 15:47:54', 'Nuevo', 0, 1, 21, 3, 156, 11);
INSERT INTO `tb_calzado` (id, created_at, estado, is_delete, is_enabled, stock, id_color, id_producto, id_talla) VALUES (1818, '2025-10-29 15:47:54', 'Nuevo', 0, 1, 6, 8, 46, 2);
INSERT INTO `tb_calzado` (id, created_at, estado, is_delete, is_enabled, stock, id_color, id_producto, id_talla) VALUES (1819, '2025-10-29 15:47:54', 'Nuevo', 0, 1, 30, 14, 128, 7);
INSERT INTO `tb_calzado` (id, created_at, estado, is_delete, is_enabled, stock, id_color, id_producto, id_talla) VALUES (1820, '2025-10-29 15:47:54', 'Nuevo', 0, 1, 8, 9, 82, 2);
INSERT INTO `tb_calzado` (id, created_at, estado, is_delete, is_enabled, stock, id_color, id_producto, id_talla) VALUES (1821, '2025-10-29 15:47:54', 'Nuevo', 0, 1, 23, 6, 165, 7);
INSERT INTO `tb_calzado` (id, created_at, estado, is_delete, is_enabled, stock, id_color, id_producto, id_talla) VALUES (1822, '2025-10-29 15:47:54', 'Nuevo', 0, 1, 39, 9, 107, 3);
INSERT INTO `tb_calzado` (id, created_at, estado, is_delete, is_enabled, stock, id_color, id_producto, id_talla) VALUES (1823, '2025-10-29 15:47:54', 'Nuevo', 0, 1, 31, 10, 53, 1);
INSERT INTO `tb_calzado` (id, created_at, estado, is_delete, is_enabled, stock, id_color, id_producto, id_talla) VALUES (1824, '2025-10-29 15:47:54', 'Nuevo', 0, 1, 46, 11, 107, 8);
INSERT INTO `tb_calzado` (id, created_at, estado, is_delete, is_enabled, stock, id_color, id_producto, id_talla) VALUES (1825, '2025-10-29 15:47:54', 'Nuevo', 0, 1, 49, 13, 27, 11);
INSERT INTO `tb_calzado` (id, created_at, estado, is_delete, is_enabled, stock, id_color, id_producto, id_talla) VALUES (1826, '2025-10-29 15:47:54', 'Nuevo', 0, 1, 35, 11, 5, 10);
INSERT INTO `tb_calzado` (id, created_at, estado, is_delete, is_enabled, stock, id_color, id_producto, id_talla) VALUES (1827, '2025-10-29 15:47:54', 'Nuevo', 0, 1, 50, 1, 149, 4);
INSERT INTO `tb_calzado` (id, created_at, estado, is_delete, is_enabled, stock, id_color, id_producto, id_talla) VALUES (1828, '2025-10-29 15:47:54', 'Nuevo', 0, 1, 41, 15, 63, 7);
INSERT INTO `tb_calzado` (id, created_at, estado, is_delete, is_enabled, stock, id_color, id_producto, id_talla) VALUES (1829, '2025-10-29 15:47:54', 'Nuevo', 0, 1, 45, 4, 141, 2);
INSERT INTO `tb_calzado` (id, created_at, estado, is_delete, is_enabled, stock, id_color, id_producto, id_talla) VALUES (1830, '2025-10-29 15:47:54', 'Nuevo', 0, 1, 19, 11, 143, 6);
INSERT INTO `tb_calzado` (id, created_at, estado, is_delete, is_enabled, stock, id_color, id_producto, id_talla) VALUES (1831, '2025-10-29 15:47:54', 'Nuevo', 0, 1, 35, 8, 132, 11);
INSERT INTO `tb_calzado` (id, created_at, estado, is_delete, is_enabled, stock, id_color, id_producto, id_talla) VALUES (1832, '2025-10-29 15:47:54', 'Nuevo', 0, 1, 27, 3, 144, 10);
INSERT INTO `tb_calzado` (id, created_at, estado, is_delete, is_enabled, stock, id_color, id_producto, id_talla) VALUES (1833, '2025-10-29 15:47:54', 'Nuevo', 0, 1, 47, 3, 150, 6);
INSERT INTO `tb_calzado` (id, created_at, estado, is_delete, is_enabled, stock, id_color, id_producto, id_talla) VALUES (1834, '2025-10-29 15:47:54', 'Nuevo', 0, 1, 10, 11, 157, 1);
INSERT INTO `tb_calzado` (id, created_at, estado, is_delete, is_enabled, stock, id_color, id_producto, id_talla) VALUES (1835, '2025-10-29 15:47:54', 'Nuevo', 0, 1, 7, 8, 71, 8);
INSERT INTO `tb_calzado` (id, created_at, estado, is_delete, is_enabled, stock, id_color, id_producto, id_talla) VALUES (1836, '2025-10-29 15:47:54', 'Nuevo', 0, 1, 13, 9, 191, 10);
INSERT INTO `tb_calzado` (id, created_at, estado, is_delete, is_enabled, stock, id_color, id_producto, id_talla) VALUES (1837, '2025-10-29 15:47:54', 'Nuevo', 0, 1, 50, 15, 196, 11);
INSERT INTO `tb_calzado` (id, created_at, estado, is_delete, is_enabled, stock, id_color, id_producto, id_talla) VALUES (1838, '2025-10-29 15:47:54', 'Nuevo', 0, 1, 25, 6, 184, 11);
INSERT INTO `tb_calzado` (id, created_at, estado, is_delete, is_enabled, stock, id_color, id_producto, id_talla) VALUES (1839, '2025-10-29 15:47:54', 'Nuevo', 0, 1, 47, 4, 78, 5);
INSERT INTO `tb_calzado` (id, created_at, estado, is_delete, is_enabled, stock, id_color, id_producto, id_talla) VALUES (1840, '2025-10-29 15:47:54', 'Nuevo', 0, 1, 25, 11, 114, 1);
INSERT INTO `tb_calzado` (id, created_at, estado, is_delete, is_enabled, stock, id_color, id_producto, id_talla) VALUES (1841, '2025-10-29 15:47:54', 'Nuevo', 0, 1, 13, 15, 181, 4);
INSERT INTO `tb_calzado` (id, created_at, estado, is_delete, is_enabled, stock, id_color, id_producto, id_talla) VALUES (1842, '2025-10-29 15:47:54', 'Nuevo', 0, 1, 20, 12, 126, 8);
INSERT INTO `tb_calzado` (id, created_at, estado, is_delete, is_enabled, stock, id_color, id_producto, id_talla) VALUES (1843, '2025-10-29 15:47:54', 'Nuevo', 0, 1, 40, 5, 199, 9);
INSERT INTO `tb_calzado` (id, created_at, estado, is_delete, is_enabled, stock, id_color, id_producto, id_talla) VALUES (1844, '2025-10-29 15:47:54', 'Nuevo', 0, 1, 14, 12, 130, 10);
INSERT INTO `tb_calzado` (id, created_at, estado, is_delete, is_enabled, stock, id_color, id_producto, id_talla) VALUES (1845, '2025-10-29 15:47:54', 'Nuevo', 0, 1, 21, 11, 132, 7);
INSERT INTO `tb_calzado` (id, created_at, estado, is_delete, is_enabled, stock, id_color, id_producto, id_talla) VALUES (1846, '2025-10-29 15:47:54', 'Nuevo', 0, 1, 17, 4, 194, 7);
INSERT INTO `tb_calzado` (id, created_at, estado, is_delete, is_enabled, stock, id_color, id_producto, id_talla) VALUES (1847, '2025-10-29 15:47:54', 'Nuevo', 0, 1, 9, 1, 163, 3);
INSERT INTO `tb_calzado` (id, created_at, estado, is_delete, is_enabled, stock, id_color, id_producto, id_talla) VALUES (1848, '2025-10-29 15:47:54', 'Nuevo', 0, 1, 35, 13, 160, 7);
INSERT INTO `tb_calzado` (id, created_at, estado, is_delete, is_enabled, stock, id_color, id_producto, id_talla) VALUES (1849, '2025-10-29 15:47:54', 'Nuevo', 0, 1, 19, 13, 116, 5);
INSERT INTO `tb_calzado` (id, created_at, estado, is_delete, is_enabled, stock, id_color, id_producto, id_talla) VALUES (1850, '2025-10-29 15:47:54', 'Nuevo', 0, 1, 44, 6, 146, 6);
INSERT INTO `tb_calzado` (id, created_at, estado, is_delete, is_enabled, stock, id_color, id_producto, id_talla) VALUES (1851, '2025-10-29 15:47:54', 'Nuevo', 0, 1, 16, 6, 12, 3);
INSERT INTO `tb_calzado` (id, created_at, estado, is_delete, is_enabled, stock, id_color, id_producto, id_talla) VALUES (1852, '2025-10-29 15:47:54', 'Nuevo', 0, 1, 38, 6, 169, 11);
INSERT INTO `tb_calzado` (id, created_at, estado, is_delete, is_enabled, stock, id_color, id_producto, id_talla) VALUES (1853, '2025-10-29 15:47:54', 'Nuevo', 0, 1, 25, 6, 127, 11);
INSERT INTO `tb_calzado` (id, created_at, estado, is_delete, is_enabled, stock, id_color, id_producto, id_talla) VALUES (1854, '2025-10-29 15:47:54', 'Nuevo', 0, 1, 47, 13, 179, 8);
INSERT INTO `tb_calzado` (id, created_at, estado, is_delete, is_enabled, stock, id_color, id_producto, id_talla) VALUES (1855, '2025-10-29 15:47:54', 'Nuevo', 0, 1, 22, 9, 99, 9);
INSERT INTO `tb_calzado` (id, created_at, estado, is_delete, is_enabled, stock, id_color, id_producto, id_talla) VALUES (1856, '2025-10-29 15:47:54', 'Nuevo', 0, 1, 23, 14, 145, 9);
INSERT INTO `tb_calzado` (id, created_at, estado, is_delete, is_enabled, stock, id_color, id_producto, id_talla) VALUES (1857, '2025-10-29 15:47:54', 'Nuevo', 0, 1, 50, 2, 178, 9);
INSERT INTO `tb_calzado` (id, created_at, estado, is_delete, is_enabled, stock, id_color, id_producto, id_talla) VALUES (1858, '2025-10-29 15:47:54', 'Nuevo', 0, 1, 35, 6, 151, 7);
INSERT INTO `tb_calzado` (id, created_at, estado, is_delete, is_enabled, stock, id_color, id_producto, id_talla) VALUES (1859, '2025-10-29 15:47:54', 'Nuevo', 0, 1, 25, 7, 123, 12);
INSERT INTO `tb_calzado` (id, created_at, estado, is_delete, is_enabled, stock, id_color, id_producto, id_talla) VALUES (1860, '2025-10-29 15:47:54', 'Nuevo', 0, 1, 50, 5, 24, 2);
INSERT INTO `tb_calzado` (id, created_at, estado, is_delete, is_enabled, stock, id_color, id_producto, id_talla) VALUES (1861, '2025-10-29 15:47:54', 'Nuevo', 0, 1, 24, 3, 174, 11);
INSERT INTO `tb_calzado` (id, created_at, estado, is_delete, is_enabled, stock, id_color, id_producto, id_talla) VALUES (1862, '2025-10-29 15:47:54', 'Nuevo', 0, 1, 28, 1, 142, 5);
INSERT INTO `tb_calzado` (id, created_at, estado, is_delete, is_enabled, stock, id_color, id_producto, id_talla) VALUES (1863, '2025-10-29 15:47:54', 'Nuevo', 0, 1, 44, 7, 138, 7);
INSERT INTO `tb_calzado` (id, created_at, estado, is_delete, is_enabled, stock, id_color, id_producto, id_talla) VALUES (1864, '2025-10-29 15:47:54', 'Nuevo', 0, 1, 42, 12, 52, 3);
INSERT INTO `tb_calzado` (id, created_at, estado, is_delete, is_enabled, stock, id_color, id_producto, id_talla) VALUES (1865, '2025-10-29 15:47:54', 'Nuevo', 0, 1, 49, 7, 174, 10);
INSERT INTO `tb_calzado` (id, created_at, estado, is_delete, is_enabled, stock, id_color, id_producto, id_talla) VALUES (1866, '2025-10-29 15:47:54', 'Nuevo', 0, 1, 48, 9, 117, 12);
INSERT INTO `tb_calzado` (id, created_at, estado, is_delete, is_enabled, stock, id_color, id_producto, id_talla) VALUES (1867, '2025-10-29 15:47:54', 'Nuevo', 0, 1, 47, 11, 165, 6);
INSERT INTO `tb_calzado` (id, created_at, estado, is_delete, is_enabled, stock, id_color, id_producto, id_talla) VALUES (1868, '2025-10-29 15:47:54', 'Nuevo', 0, 1, 20, 6, 104, 6);
INSERT INTO `tb_calzado` (id, created_at, estado, is_delete, is_enabled, stock, id_color, id_producto, id_talla) VALUES (1869, '2025-10-29 15:47:54', 'Nuevo', 0, 1, 27, 6, 114, 10);
INSERT INTO `tb_calzado` (id, created_at, estado, is_delete, is_enabled, stock, id_color, id_producto, id_talla) VALUES (1870, '2025-10-29 15:47:54', 'Nuevo', 0, 1, 17, 2, 43, 5);
INSERT INTO `tb_calzado` (id, created_at, estado, is_delete, is_enabled, stock, id_color, id_producto, id_talla) VALUES (1871, '2025-10-29 15:47:54', 'Nuevo', 0, 1, 21, 10, 130, 2);
INSERT INTO `tb_calzado` (id, created_at, estado, is_delete, is_enabled, stock, id_color, id_producto, id_talla) VALUES (1872, '2025-10-29 15:47:54', 'Nuevo', 0, 1, 5, 11, 73, 8);
INSERT INTO `tb_calzado` (id, created_at, estado, is_delete, is_enabled, stock, id_color, id_producto, id_talla) VALUES (1873, '2025-10-29 15:47:54', 'Nuevo', 0, 1, 29, 4, 51, 6);
INSERT INTO `tb_calzado` (id, created_at, estado, is_delete, is_enabled, stock, id_color, id_producto, id_talla) VALUES (1874, '2025-10-29 15:47:54', 'Nuevo', 0, 1, 40, 5, 150, 12);
INSERT INTO `tb_calzado` (id, created_at, estado, is_delete, is_enabled, stock, id_color, id_producto, id_talla) VALUES (1875, '2025-10-29 15:47:54', 'Nuevo', 0, 1, 6, 13, 23, 7);
INSERT INTO `tb_calzado` (id, created_at, estado, is_delete, is_enabled, stock, id_color, id_producto, id_talla) VALUES (1876, '2025-10-29 15:47:54', 'Nuevo', 0, 1, 37, 5, 13, 6);
INSERT INTO `tb_calzado` (id, created_at, estado, is_delete, is_enabled, stock, id_color, id_producto, id_talla) VALUES (1877, '2025-10-29 15:47:54', 'Nuevo', 0, 1, 24, 9, 47, 10);
INSERT INTO `tb_calzado` (id, created_at, estado, is_delete, is_enabled, stock, id_color, id_producto, id_talla) VALUES (1878, '2025-10-29 15:47:54', 'Nuevo', 0, 1, 36, 7, 166, 10);
INSERT INTO `tb_calzado` (id, created_at, estado, is_delete, is_enabled, stock, id_color, id_producto, id_talla) VALUES (1879, '2025-10-29 15:47:54', 'Nuevo', 0, 1, 25, 15, 4, 12);
INSERT INTO `tb_calzado` (id, created_at, estado, is_delete, is_enabled, stock, id_color, id_producto, id_talla) VALUES (1880, '2025-10-29 15:47:54', 'Nuevo', 0, 1, 21, 9, 177, 4);
INSERT INTO `tb_calzado` (id, created_at, estado, is_delete, is_enabled, stock, id_color, id_producto, id_talla) VALUES (1881, '2025-10-29 15:47:54', 'Nuevo', 0, 1, 23, 15, 114, 6);
INSERT INTO `tb_calzado` (id, created_at, estado, is_delete, is_enabled, stock, id_color, id_producto, id_talla) VALUES (1882, '2025-10-29 15:47:54', 'Nuevo', 0, 1, 39, 2, 184, 1);
INSERT INTO `tb_calzado` (id, created_at, estado, is_delete, is_enabled, stock, id_color, id_producto, id_talla) VALUES (1883, '2025-10-29 15:47:54', 'Nuevo', 0, 1, 10, 7, 87, 11);
INSERT INTO `tb_calzado` (id, created_at, estado, is_delete, is_enabled, stock, id_color, id_producto, id_talla) VALUES (1884, '2025-10-29 15:47:54', 'Nuevo', 0, 1, 20, 12, 145, 9);
INSERT INTO `tb_calzado` (id, created_at, estado, is_delete, is_enabled, stock, id_color, id_producto, id_talla) VALUES (1885, '2025-10-29 15:47:54', 'Nuevo', 0, 1, 26, 1, 200, 3);
INSERT INTO `tb_calzado` (id, created_at, estado, is_delete, is_enabled, stock, id_color, id_producto, id_talla) VALUES (1886, '2025-10-29 15:47:54', 'Nuevo', 0, 1, 44, 4, 75, 1);
INSERT INTO `tb_calzado` (id, created_at, estado, is_delete, is_enabled, stock, id_color, id_producto, id_talla) VALUES (1887, '2025-10-29 15:47:54', 'Nuevo', 0, 1, 17, 3, 199, 10);
INSERT INTO `tb_calzado` (id, created_at, estado, is_delete, is_enabled, stock, id_color, id_producto, id_talla) VALUES (1888, '2025-10-29 15:47:54', 'Nuevo', 0, 1, 17, 8, 101, 11);
INSERT INTO `tb_calzado` (id, created_at, estado, is_delete, is_enabled, stock, id_color, id_producto, id_talla) VALUES (1889, '2025-10-29 15:47:54', 'Nuevo', 0, 1, 10, 3, 26, 3);
INSERT INTO `tb_calzado` (id, created_at, estado, is_delete, is_enabled, stock, id_color, id_producto, id_talla) VALUES (1890, '2025-10-29 15:47:54', 'Nuevo', 0, 1, 12, 3, 3, 3);
INSERT INTO `tb_calzado` (id, created_at, estado, is_delete, is_enabled, stock, id_color, id_producto, id_talla) VALUES (1891, '2025-10-29 15:47:54', 'Nuevo', 0, 1, 33, 4, 53, 5);
INSERT INTO `tb_calzado` (id, created_at, estado, is_delete, is_enabled, stock, id_color, id_producto, id_talla) VALUES (1892, '2025-10-29 15:47:54', 'Nuevo', 0, 1, 50, 15, 164, 1);
INSERT INTO `tb_calzado` (id, created_at, estado, is_delete, is_enabled, stock, id_color, id_producto, id_talla) VALUES (1893, '2025-10-29 15:47:54', 'Nuevo', 0, 1, 42, 2, 44, 1);
INSERT INTO `tb_calzado` (id, created_at, estado, is_delete, is_enabled, stock, id_color, id_producto, id_talla) VALUES (1894, '2025-10-29 15:47:54', 'Nuevo', 0, 1, 38, 13, 56, 9);
INSERT INTO `tb_calzado` (id, created_at, estado, is_delete, is_enabled, stock, id_color, id_producto, id_talla) VALUES (1895, '2025-10-29 15:47:54', 'Nuevo', 0, 1, 15, 10, 111, 4);
INSERT INTO `tb_calzado` (id, created_at, estado, is_delete, is_enabled, stock, id_color, id_producto, id_talla) VALUES (1896, '2025-10-29 15:47:54', 'Nuevo', 0, 1, 13, 15, 68, 10);
INSERT INTO `tb_calzado` (id, created_at, estado, is_delete, is_enabled, stock, id_color, id_producto, id_talla) VALUES (1897, '2025-10-29 15:47:54', 'Nuevo', 0, 1, 23, 10, 177, 10);
INSERT INTO `tb_calzado` (id, created_at, estado, is_delete, is_enabled, stock, id_color, id_producto, id_talla) VALUES (1898, '2025-10-29 15:47:54', 'Nuevo', 0, 1, 11, 14, 71, 9);
INSERT INTO `tb_calzado` (id, created_at, estado, is_delete, is_enabled, stock, id_color, id_producto, id_talla) VALUES (1899, '2025-10-29 15:47:54', 'Nuevo', 0, 1, 14, 15, 180, 10);
INSERT INTO `tb_calzado` (id, created_at, estado, is_delete, is_enabled, stock, id_color, id_producto, id_talla) VALUES (1900, '2025-10-29 15:47:54', 'Nuevo', 0, 1, 30, 10, 62, 9);
INSERT INTO `tb_calzado` (id, created_at, estado, is_delete, is_enabled, stock, id_color, id_producto, id_talla) VALUES (1901, '2025-10-29 15:47:54', 'Nuevo', 0, 1, 5, 5, 145, 11);
INSERT INTO `tb_calzado` (id, created_at, estado, is_delete, is_enabled, stock, id_color, id_producto, id_talla) VALUES (1902, '2025-10-29 15:47:54', 'Nuevo', 0, 1, 38, 7, 74, 5);
INSERT INTO `tb_calzado` (id, created_at, estado, is_delete, is_enabled, stock, id_color, id_producto, id_talla) VALUES (1903, '2025-10-29 15:47:54', 'Nuevo', 0, 1, 42, 4, 135, 1);
INSERT INTO `tb_calzado` (id, created_at, estado, is_delete, is_enabled, stock, id_color, id_producto, id_talla) VALUES (1904, '2025-10-29 15:47:54', 'Nuevo', 0, 1, 10, 6, 79, 4);
INSERT INTO `tb_calzado` (id, created_at, estado, is_delete, is_enabled, stock, id_color, id_producto, id_talla) VALUES (1905, '2025-10-29 15:47:54', 'Nuevo', 0, 1, 9, 6, 159, 3);
INSERT INTO `tb_calzado` (id, created_at, estado, is_delete, is_enabled, stock, id_color, id_producto, id_talla) VALUES (1906, '2025-10-29 15:47:54', 'Nuevo', 0, 1, 22, 10, 65, 3);
INSERT INTO `tb_calzado` (id, created_at, estado, is_delete, is_enabled, stock, id_color, id_producto, id_talla) VALUES (1907, '2025-10-29 15:47:54', 'Nuevo', 0, 1, 7, 6, 163, 3);
INSERT INTO `tb_calzado` (id, created_at, estado, is_delete, is_enabled, stock, id_color, id_producto, id_talla) VALUES (1908, '2025-10-29 15:47:54', 'Nuevo', 0, 1, 13, 5, 80, 10);
INSERT INTO `tb_calzado` (id, created_at, estado, is_delete, is_enabled, stock, id_color, id_producto, id_talla) VALUES (1909, '2025-10-29 15:47:54', 'Nuevo', 0, 1, 43, 4, 161, 8);
INSERT INTO `tb_calzado` (id, created_at, estado, is_delete, is_enabled, stock, id_color, id_producto, id_talla) VALUES (1910, '2025-10-29 15:47:54', 'Nuevo', 0, 1, 11, 4, 71, 7);
INSERT INTO `tb_calzado` (id, created_at, estado, is_delete, is_enabled, stock, id_color, id_producto, id_talla) VALUES (1911, '2025-10-29 15:47:54', 'Nuevo', 0, 1, 5, 5, 65, 11);
INSERT INTO `tb_calzado` (id, created_at, estado, is_delete, is_enabled, stock, id_color, id_producto, id_talla) VALUES (1912, '2025-10-29 15:47:54', 'Nuevo', 0, 1, 42, 1, 26, 3);
INSERT INTO `tb_calzado` (id, created_at, estado, is_delete, is_enabled, stock, id_color, id_producto, id_talla) VALUES (1913, '2025-10-29 15:47:54', 'Nuevo', 0, 1, 33, 12, 64, 9);
INSERT INTO `tb_calzado` (id, created_at, estado, is_delete, is_enabled, stock, id_color, id_producto, id_talla) VALUES (1914, '2025-10-29 15:47:54', 'Nuevo', 0, 1, 35, 6, 28, 11);
INSERT INTO `tb_calzado` (id, created_at, estado, is_delete, is_enabled, stock, id_color, id_producto, id_talla) VALUES (1915, '2025-10-29 15:47:54', 'Nuevo', 0, 1, 27, 15, 148, 9);
INSERT INTO `tb_calzado` (id, created_at, estado, is_delete, is_enabled, stock, id_color, id_producto, id_talla) VALUES (1916, '2025-10-29 15:47:54', 'Nuevo', 0, 1, 20, 11, 191, 7);
INSERT INTO `tb_calzado` (id, created_at, estado, is_delete, is_enabled, stock, id_color, id_producto, id_talla) VALUES (1917, '2025-10-29 15:47:54', 'Nuevo', 0, 1, 45, 7, 122, 3);
INSERT INTO `tb_calzado` (id, created_at, estado, is_delete, is_enabled, stock, id_color, id_producto, id_talla) VALUES (1918, '2025-10-29 15:47:54', 'Nuevo', 0, 1, 6, 10, 53, 10);
INSERT INTO `tb_calzado` (id, created_at, estado, is_delete, is_enabled, stock, id_color, id_producto, id_talla) VALUES (1919, '2025-10-29 15:47:54', 'Nuevo', 0, 1, 46, 1, 139, 10);
INSERT INTO `tb_calzado` (id, created_at, estado, is_delete, is_enabled, stock, id_color, id_producto, id_talla) VALUES (1920, '2025-10-29 15:47:54', 'Nuevo', 0, 1, 18, 3, 91, 11);
INSERT INTO `tb_calzado` (id, created_at, estado, is_delete, is_enabled, stock, id_color, id_producto, id_talla) VALUES (1921, '2025-10-29 15:47:54', 'Nuevo', 0, 1, 32, 9, 90, 2);
INSERT INTO `tb_calzado` (id, created_at, estado, is_delete, is_enabled, stock, id_color, id_producto, id_talla) VALUES (1922, '2025-10-29 15:47:54', 'Nuevo', 0, 1, 17, 12, 138, 4);
INSERT INTO `tb_calzado` (id, created_at, estado, is_delete, is_enabled, stock, id_color, id_producto, id_talla) VALUES (1923, '2025-10-29 15:47:54', 'Nuevo', 0, 1, 23, 14, 179, 1);
INSERT INTO `tb_calzado` (id, created_at, estado, is_delete, is_enabled, stock, id_color, id_producto, id_talla) VALUES (1924, '2025-10-29 15:47:54', 'Nuevo', 0, 1, 8, 12, 168, 10);
INSERT INTO `tb_calzado` (id, created_at, estado, is_delete, is_enabled, stock, id_color, id_producto, id_talla) VALUES (1925, '2025-10-29 15:47:54', 'Nuevo', 0, 1, 18, 7, 13, 4);
INSERT INTO `tb_calzado` (id, created_at, estado, is_delete, is_enabled, stock, id_color, id_producto, id_talla) VALUES (1926, '2025-10-29 15:47:54', 'Nuevo', 0, 1, 39, 4, 49, 8);
INSERT INTO `tb_calzado` (id, created_at, estado, is_delete, is_enabled, stock, id_color, id_producto, id_talla) VALUES (1927, '2025-10-29 15:47:54', 'Nuevo', 0, 1, 39, 3, 173, 12);
INSERT INTO `tb_calzado` (id, created_at, estado, is_delete, is_enabled, stock, id_color, id_producto, id_talla) VALUES (1928, '2025-10-29 15:47:54', 'Nuevo', 0, 1, 47, 6, 166, 2);
INSERT INTO `tb_calzado` (id, created_at, estado, is_delete, is_enabled, stock, id_color, id_producto, id_talla) VALUES (1929, '2025-10-29 15:47:54', 'Nuevo', 0, 1, 37, 8, 176, 1);
INSERT INTO `tb_calzado` (id, created_at, estado, is_delete, is_enabled, stock, id_color, id_producto, id_talla) VALUES (1930, '2025-10-29 15:47:54', 'Nuevo', 0, 1, 21, 6, 190, 4);
INSERT INTO `tb_calzado` (id, created_at, estado, is_delete, is_enabled, stock, id_color, id_producto, id_talla) VALUES (1931, '2025-10-29 15:47:54', 'Nuevo', 0, 1, 22, 5, 161, 3);
INSERT INTO `tb_calzado` (id, created_at, estado, is_delete, is_enabled, stock, id_color, id_producto, id_talla) VALUES (1932, '2025-10-29 15:47:54', 'Nuevo', 0, 1, 31, 2, 136, 3);
INSERT INTO `tb_calzado` (id, created_at, estado, is_delete, is_enabled, stock, id_color, id_producto, id_talla) VALUES (1933, '2025-10-29 15:47:54', 'Nuevo', 0, 1, 16, 4, 14, 10);
INSERT INTO `tb_calzado` (id, created_at, estado, is_delete, is_enabled, stock, id_color, id_producto, id_talla) VALUES (1934, '2025-10-29 15:47:54', 'Nuevo', 0, 1, 17, 1, 197, 6);
INSERT INTO `tb_calzado` (id, created_at, estado, is_delete, is_enabled, stock, id_color, id_producto, id_talla) VALUES (1935, '2025-10-29 15:47:54', 'Nuevo', 0, 1, 22, 5, 64, 1);
INSERT INTO `tb_calzado` (id, created_at, estado, is_delete, is_enabled, stock, id_color, id_producto, id_talla) VALUES (1936, '2025-10-29 15:47:54', 'Nuevo', 0, 1, 19, 4, 103, 12);
INSERT INTO `tb_calzado` (id, created_at, estado, is_delete, is_enabled, stock, id_color, id_producto, id_talla) VALUES (1937, '2025-10-29 15:47:54', 'Nuevo', 0, 1, 42, 8, 155, 9);
INSERT INTO `tb_calzado` (id, created_at, estado, is_delete, is_enabled, stock, id_color, id_producto, id_talla) VALUES (1938, '2025-10-29 15:47:54', 'Nuevo', 0, 1, 36, 6, 72, 3);
INSERT INTO `tb_calzado` (id, created_at, estado, is_delete, is_enabled, stock, id_color, id_producto, id_talla) VALUES (1939, '2025-10-29 15:47:54', 'Nuevo', 0, 1, 15, 9, 90, 4);
INSERT INTO `tb_calzado` (id, created_at, estado, is_delete, is_enabled, stock, id_color, id_producto, id_talla) VALUES (1940, '2025-10-29 15:47:54', 'Nuevo', 0, 1, 49, 7, 187, 2);
INSERT INTO `tb_calzado` (id, created_at, estado, is_delete, is_enabled, stock, id_color, id_producto, id_talla) VALUES (1941, '2025-10-29 15:47:54', 'Nuevo', 0, 1, 41, 11, 30, 1);
INSERT INTO `tb_calzado` (id, created_at, estado, is_delete, is_enabled, stock, id_color, id_producto, id_talla) VALUES (1942, '2025-10-29 15:47:54', 'Nuevo', 0, 1, 40, 8, 200, 6);
INSERT INTO `tb_calzado` (id, created_at, estado, is_delete, is_enabled, stock, id_color, id_producto, id_talla) VALUES (1943, '2025-10-29 15:47:54', 'Nuevo', 0, 1, 31, 14, 197, 5);
INSERT INTO `tb_calzado` (id, created_at, estado, is_delete, is_enabled, stock, id_color, id_producto, id_talla) VALUES (1944, '2025-10-29 15:47:54', 'Nuevo', 0, 1, 41, 6, 39, 8);
INSERT INTO `tb_calzado` (id, created_at, estado, is_delete, is_enabled, stock, id_color, id_producto, id_talla) VALUES (1945, '2025-10-29 15:47:54', 'Nuevo', 0, 1, 14, 11, 9, 4);
INSERT INTO `tb_calzado` (id, created_at, estado, is_delete, is_enabled, stock, id_color, id_producto, id_talla) VALUES (1946, '2025-10-29 15:47:54', 'Nuevo', 0, 1, 47, 11, 163, 11);
INSERT INTO `tb_calzado` (id, created_at, estado, is_delete, is_enabled, stock, id_color, id_producto, id_talla) VALUES (1947, '2025-10-29 15:47:54', 'Nuevo', 0, 1, 11, 8, 44, 7);
INSERT INTO `tb_calzado` (id, created_at, estado, is_delete, is_enabled, stock, id_color, id_producto, id_talla) VALUES (1948, '2025-10-29 15:47:54', 'Nuevo', 0, 1, 16, 3, 55, 7);
INSERT INTO `tb_calzado` (id, created_at, estado, is_delete, is_enabled, stock, id_color, id_producto, id_talla) VALUES (1949, '2025-10-29 15:47:54', 'Nuevo', 0, 1, 37, 10, 74, 2);
INSERT INTO `tb_calzado` (id, created_at, estado, is_delete, is_enabled, stock, id_color, id_producto, id_talla) VALUES (1950, '2025-10-29 15:47:54', 'Nuevo', 0, 1, 48, 3, 45, 4);
INSERT INTO `tb_calzado` (id, created_at, estado, is_delete, is_enabled, stock, id_color, id_producto, id_talla) VALUES (1951, '2025-10-29 15:47:54', 'Nuevo', 0, 1, 34, 14, 35, 12);
INSERT INTO `tb_calzado` (id, created_at, estado, is_delete, is_enabled, stock, id_color, id_producto, id_talla) VALUES (1952, '2025-10-29 15:47:54', 'Nuevo', 0, 1, 15, 15, 71, 8);
INSERT INTO `tb_calzado` (id, created_at, estado, is_delete, is_enabled, stock, id_color, id_producto, id_talla) VALUES (1953, '2025-10-29 15:47:54', 'Nuevo', 0, 1, 28, 1, 25, 5);
INSERT INTO `tb_calzado` (id, created_at, estado, is_delete, is_enabled, stock, id_color, id_producto, id_talla) VALUES (1954, '2025-10-29 15:47:54', 'Nuevo', 0, 1, 8, 12, 106, 11);
INSERT INTO `tb_calzado` (id, created_at, estado, is_delete, is_enabled, stock, id_color, id_producto, id_talla) VALUES (1955, '2025-10-29 15:47:54', 'Nuevo', 0, 1, 10, 6, 63, 6);
INSERT INTO `tb_calzado` (id, created_at, estado, is_delete, is_enabled, stock, id_color, id_producto, id_talla) VALUES (1956, '2025-10-29 15:47:54', 'Nuevo', 0, 1, 11, 10, 165, 6);
INSERT INTO `tb_calzado` (id, created_at, estado, is_delete, is_enabled, stock, id_color, id_producto, id_talla) VALUES (1957, '2025-10-29 15:47:54', 'Nuevo', 0, 1, 30, 12, 104, 5);
INSERT INTO `tb_calzado` (id, created_at, estado, is_delete, is_enabled, stock, id_color, id_producto, id_talla) VALUES (1958, '2025-10-29 15:47:54', 'Nuevo', 0, 1, 41, 10, 196, 12);
INSERT INTO `tb_calzado` (id, created_at, estado, is_delete, is_enabled, stock, id_color, id_producto, id_talla) VALUES (1959, '2025-10-29 15:47:54', 'Nuevo', 0, 1, 28, 15, 112, 3);
INSERT INTO `tb_calzado` (id, created_at, estado, is_delete, is_enabled, stock, id_color, id_producto, id_talla) VALUES (1960, '2025-10-29 15:47:54', 'Nuevo', 0, 1, 7, 5, 17, 3);
INSERT INTO `tb_calzado` (id, created_at, estado, is_delete, is_enabled, stock, id_color, id_producto, id_talla) VALUES (1961, '2025-10-29 15:47:54', 'Nuevo', 0, 1, 13, 4, 178, 4);
INSERT INTO `tb_calzado` (id, created_at, estado, is_delete, is_enabled, stock, id_color, id_producto, id_talla) VALUES (1962, '2025-10-29 15:47:54', 'Nuevo', 0, 1, 19, 4, 200, 11);
INSERT INTO `tb_calzado` (id, created_at, estado, is_delete, is_enabled, stock, id_color, id_producto, id_talla) VALUES (1963, '2025-10-29 15:47:54', 'Nuevo', 0, 1, 40, 9, 179, 1);
INSERT INTO `tb_calzado` (id, created_at, estado, is_delete, is_enabled, stock, id_color, id_producto, id_talla) VALUES (1964, '2025-10-29 15:47:54', 'Nuevo', 0, 1, 11, 6, 86, 7);
INSERT INTO `tb_calzado` (id, created_at, estado, is_delete, is_enabled, stock, id_color, id_producto, id_talla) VALUES (1965, '2025-10-29 15:47:54', 'Nuevo', 0, 1, 48, 8, 82, 5);
INSERT INTO `tb_calzado` (id, created_at, estado, is_delete, is_enabled, stock, id_color, id_producto, id_talla) VALUES (1966, '2025-10-29 15:47:54', 'Nuevo', 0, 1, 48, 13, 163, 2);
INSERT INTO `tb_calzado` (id, created_at, estado, is_delete, is_enabled, stock, id_color, id_producto, id_talla) VALUES (1967, '2025-10-29 15:47:54', 'Nuevo', 0, 1, 42, 5, 122, 6);
INSERT INTO `tb_calzado` (id, created_at, estado, is_delete, is_enabled, stock, id_color, id_producto, id_talla) VALUES (1968, '2025-10-29 15:47:54', 'Nuevo', 0, 1, 29, 2, 180, 3);
INSERT INTO `tb_calzado` (id, created_at, estado, is_delete, is_enabled, stock, id_color, id_producto, id_talla) VALUES (1969, '2025-10-29 15:47:54', 'Nuevo', 0, 1, 10, 10, 150, 2);
INSERT INTO `tb_calzado` (id, created_at, estado, is_delete, is_enabled, stock, id_color, id_producto, id_talla) VALUES (1970, '2025-10-29 15:47:54', 'Nuevo', 0, 1, 12, 8, 112, 8);
INSERT INTO `tb_calzado` (id, created_at, estado, is_delete, is_enabled, stock, id_color, id_producto, id_talla) VALUES (1971, '2025-10-29 15:47:54', 'Nuevo', 0, 1, 20, 13, 37, 9);
INSERT INTO `tb_calzado` (id, created_at, estado, is_delete, is_enabled, stock, id_color, id_producto, id_talla) VALUES (1972, '2025-10-29 15:47:54', 'Nuevo', 0, 1, 24, 2, 127, 12);
INSERT INTO `tb_calzado` (id, created_at, estado, is_delete, is_enabled, stock, id_color, id_producto, id_talla) VALUES (1973, '2025-10-29 15:47:54', 'Nuevo', 0, 1, 48, 13, 128, 6);
INSERT INTO `tb_calzado` (id, created_at, estado, is_delete, is_enabled, stock, id_color, id_producto, id_talla) VALUES (1974, '2025-10-29 15:47:54', 'Nuevo', 0, 1, 6, 7, 55, 4);
INSERT INTO `tb_calzado` (id, created_at, estado, is_delete, is_enabled, stock, id_color, id_producto, id_talla) VALUES (1975, '2025-10-29 15:47:54', 'Nuevo', 0, 1, 14, 13, 171, 11);
INSERT INTO `tb_calzado` (id, created_at, estado, is_delete, is_enabled, stock, id_color, id_producto, id_talla) VALUES (1976, '2025-10-29 15:47:54', 'Nuevo', 0, 1, 9, 2, 111, 8);
INSERT INTO `tb_calzado` (id, created_at, estado, is_delete, is_enabled, stock, id_color, id_producto, id_talla) VALUES (1977, '2025-10-29 15:47:54', 'Nuevo', 0, 1, 40, 12, 58, 4);
INSERT INTO `tb_calzado` (id, created_at, estado, is_delete, is_enabled, stock, id_color, id_producto, id_talla) VALUES (1978, '2025-10-29 15:47:54', 'Nuevo', 0, 1, 17, 11, 116, 11);
INSERT INTO `tb_calzado` (id, created_at, estado, is_delete, is_enabled, stock, id_color, id_producto, id_talla) VALUES (1979, '2025-10-29 15:47:54', 'Nuevo', 0, 1, 23, 8, 147, 6);
INSERT INTO `tb_calzado` (id, created_at, estado, is_delete, is_enabled, stock, id_color, id_producto, id_talla) VALUES (1980, '2025-10-29 15:47:54', 'Nuevo', 0, 1, 20, 2, 66, 11);
INSERT INTO `tb_calzado` (id, created_at, estado, is_delete, is_enabled, stock, id_color, id_producto, id_talla) VALUES (1981, '2025-10-29 15:47:54', 'Nuevo', 0, 1, 11, 14, 36, 4);
INSERT INTO `tb_calzado` (id, created_at, estado, is_delete, is_enabled, stock, id_color, id_producto, id_talla) VALUES (1982, '2025-10-29 15:47:54', 'Nuevo', 0, 1, 18, 10, 10, 11);
INSERT INTO `tb_calzado` (id, created_at, estado, is_delete, is_enabled, stock, id_color, id_producto, id_talla) VALUES (1983, '2025-10-29 15:47:54', 'Nuevo', 0, 1, 7, 9, 142, 9);
INSERT INTO `tb_calzado` (id, created_at, estado, is_delete, is_enabled, stock, id_color, id_producto, id_talla) VALUES (1984, '2025-10-29 15:47:54', 'Nuevo', 0, 1, 33, 8, 174, 9);
INSERT INTO `tb_calzado` (id, created_at, estado, is_delete, is_enabled, stock, id_color, id_producto, id_talla) VALUES (1985, '2025-10-29 15:47:54', 'Nuevo', 0, 1, 5, 15, 86, 10);
INSERT INTO `tb_calzado` (id, created_at, estado, is_delete, is_enabled, stock, id_color, id_producto, id_talla) VALUES (1986, '2025-10-29 15:47:54', 'Nuevo', 0, 1, 10, 3, 7, 9);
INSERT INTO `tb_calzado` (id, created_at, estado, is_delete, is_enabled, stock, id_color, id_producto, id_talla) VALUES (1987, '2025-10-29 15:47:54', 'Nuevo', 0, 1, 31, 15, 62, 12);
INSERT INTO `tb_calzado` (id, created_at, estado, is_delete, is_enabled, stock, id_color, id_producto, id_talla) VALUES (1988, '2025-10-29 15:47:54', 'Nuevo', 0, 1, 24, 5, 116, 10);
INSERT INTO `tb_calzado` (id, created_at, estado, is_delete, is_enabled, stock, id_color, id_producto, id_talla) VALUES (1989, '2025-10-29 15:47:54', 'Nuevo', 0, 1, 24, 8, 33, 1);
INSERT INTO `tb_calzado` (id, created_at, estado, is_delete, is_enabled, stock, id_color, id_producto, id_talla) VALUES (1990, '2025-10-29 15:47:54', 'Nuevo', 0, 1, 33, 14, 131, 2);
INSERT INTO `tb_calzado` (id, created_at, estado, is_delete, is_enabled, stock, id_color, id_producto, id_talla) VALUES (1991, '2025-10-29 15:47:54', 'Nuevo', 0, 1, 32, 10, 50, 3);
INSERT INTO `tb_calzado` (id, created_at, estado, is_delete, is_enabled, stock, id_color, id_producto, id_talla) VALUES (1992, '2025-10-29 15:47:54', 'Nuevo', 0, 1, 22, 8, 180, 10);
INSERT INTO `tb_calzado` (id, created_at, estado, is_delete, is_enabled, stock, id_color, id_producto, id_talla) VALUES (1993, '2025-10-29 15:47:54', 'Nuevo', 0, 1, 39, 12, 77, 12);
INSERT INTO `tb_calzado` (id, created_at, estado, is_delete, is_enabled, stock, id_color, id_producto, id_talla) VALUES (1994, '2025-10-29 15:47:54', 'Nuevo', 0, 1, 12, 15, 7, 10);
INSERT INTO `tb_calzado` (id, created_at, estado, is_delete, is_enabled, stock, id_color, id_producto, id_talla) VALUES (1995, '2025-10-29 15:47:54', 'Nuevo', 0, 1, 19, 7, 142, 12);
INSERT INTO `tb_calzado` (id, created_at, estado, is_delete, is_enabled, stock, id_color, id_producto, id_talla) VALUES (1996, '2025-10-29 15:47:54', 'Nuevo', 0, 1, 33, 2, 89, 3);
INSERT INTO `tb_calzado` (id, created_at, estado, is_delete, is_enabled, stock, id_color, id_producto, id_talla) VALUES (1997, '2025-10-29 15:47:54', 'Nuevo', 0, 1, 9, 14, 53, 1);
INSERT INTO `tb_calzado` (id, created_at, estado, is_delete, is_enabled, stock, id_color, id_producto, id_talla) VALUES (1998, '2025-10-29 15:47:54', 'Nuevo', 0, 1, 30, 8, 86, 2);
INSERT INTO `tb_calzado` (id, created_at, estado, is_delete, is_enabled, stock, id_color, id_producto, id_talla) VALUES (1999, '2025-10-29 15:47:54', 'Nuevo', 0, 1, 45, 3, 65, 9);
INSERT INTO `tb_calzado` (id, created_at, estado, is_delete, is_enabled, stock, id_color, id_producto, id_talla) VALUES (2000, '2025-10-29 15:47:54', 'Nuevo', 0, 1, 48, 11, 74, 9);
INSERT INTO `tb_calzado` (id, created_at, estado, is_delete, is_enabled, stock, id_color, id_producto, id_talla) VALUES (2001, '2025-10-29 15:47:54', 'Nuevo', 0, 1, 42, 4, 136, 7);
INSERT INTO `tb_calzado` (id, created_at, estado, is_delete, is_enabled, stock, id_color, id_producto, id_talla) VALUES (2002, '2025-10-29 15:47:54', 'Nuevo', 0, 1, 36, 6, 127, 4);
INSERT INTO `tb_calzado` (id, created_at, estado, is_delete, is_enabled, stock, id_color, id_producto, id_talla) VALUES (2003, '2025-10-29 15:47:54', 'Nuevo', 0, 1, 16, 15, 124, 2);
INSERT INTO `tb_calzado` (id, created_at, estado, is_delete, is_enabled, stock, id_color, id_producto, id_talla) VALUES (2004, '2025-10-29 15:47:54', 'Nuevo', 0, 1, 37, 15, 2, 11);
INSERT INTO `tb_calzado` (id, created_at, estado, is_delete, is_enabled, stock, id_color, id_producto, id_talla) VALUES (2005, '2025-10-29 15:47:54', 'Nuevo', 0, 1, 14, 5, 107, 5);
INSERT INTO `tb_calzado` (id, created_at, estado, is_delete, is_enabled, stock, id_color, id_producto, id_talla) VALUES (2006, '2025-10-29 15:47:54', 'Nuevo', 0, 1, 33, 5, 99, 1);
INSERT INTO `tb_calzado` (id, created_at, estado, is_delete, is_enabled, stock, id_color, id_producto, id_talla) VALUES (2007, '2025-10-29 15:47:54', 'Nuevo', 0, 1, 9, 3, 5, 9);
INSERT INTO `tb_calzado` (id, created_at, estado, is_delete, is_enabled, stock, id_color, id_producto, id_talla) VALUES (2008, '2025-10-29 15:47:54', 'Nuevo', 0, 1, 24, 9, 179, 10);
INSERT INTO `tb_calzado` (id, created_at, estado, is_delete, is_enabled, stock, id_color, id_producto, id_talla) VALUES (2009, '2025-10-29 15:47:54', 'Nuevo', 0, 1, 43, 15, 101, 4);
INSERT INTO `tb_calzado` (id, created_at, estado, is_delete, is_enabled, stock, id_color, id_producto, id_talla) VALUES (2010, '2025-10-29 15:47:54', 'Nuevo', 0, 1, 49, 7, 12, 1);
INSERT INTO `tb_calzado` (id, created_at, estado, is_delete, is_enabled, stock, id_color, id_producto, id_talla) VALUES (2011, '2025-10-29 15:47:54', 'Nuevo', 0, 1, 41, 2, 121, 11);
INSERT INTO `tb_calzado` (id, created_at, estado, is_delete, is_enabled, stock, id_color, id_producto, id_talla) VALUES (2012, '2025-10-29 15:47:54', 'Nuevo', 0, 1, 19, 11, 63, 5);
INSERT INTO `tb_calzado` (id, created_at, estado, is_delete, is_enabled, stock, id_color, id_producto, id_talla) VALUES (2013, '2025-10-29 15:47:54', 'Nuevo', 0, 1, 49, 13, 80, 10);
INSERT INTO `tb_calzado` (id, created_at, estado, is_delete, is_enabled, stock, id_color, id_producto, id_talla) VALUES (2014, '2025-10-29 15:47:54', 'Nuevo', 0, 1, 26, 10, 158, 2);
INSERT INTO `tb_calzado` (id, created_at, estado, is_delete, is_enabled, stock, id_color, id_producto, id_talla) VALUES (2015, '2025-10-29 15:47:54', 'Nuevo', 0, 1, 9, 15, 181, 1);
INSERT INTO `tb_calzado` (id, created_at, estado, is_delete, is_enabled, stock, id_color, id_producto, id_talla) VALUES (2016, '2025-10-29 15:47:54', 'Nuevo', 0, 1, 9, 6, 181, 10);
INSERT INTO `tb_calzado` (id, created_at, estado, is_delete, is_enabled, stock, id_color, id_producto, id_talla) VALUES (2017, '2025-10-29 15:47:54', 'Nuevo', 0, 1, 36, 4, 52, 10);
INSERT INTO `tb_calzado` (id, created_at, estado, is_delete, is_enabled, stock, id_color, id_producto, id_talla) VALUES (2018, '2025-10-29 15:47:54', 'Nuevo', 0, 1, 38, 1, 98, 9);
INSERT INTO `tb_calzado` (id, created_at, estado, is_delete, is_enabled, stock, id_color, id_producto, id_talla) VALUES (2019, '2025-10-29 15:47:54', 'Nuevo', 0, 1, 39, 8, 137, 3);
INSERT INTO `tb_calzado` (id, created_at, estado, is_delete, is_enabled, stock, id_color, id_producto, id_talla) VALUES (2020, '2025-10-29 15:47:54', 'Nuevo', 0, 1, 46, 4, 17, 6);
INSERT INTO `tb_calzado` (id, created_at, estado, is_delete, is_enabled, stock, id_color, id_producto, id_talla) VALUES (2021, '2025-10-29 15:47:54', 'Nuevo', 0, 1, 24, 3, 27, 1);
INSERT INTO `tb_calzado` (id, created_at, estado, is_delete, is_enabled, stock, id_color, id_producto, id_talla) VALUES (2022, '2025-10-29 15:47:54', 'Nuevo', 0, 1, 34, 15, 181, 12);
INSERT INTO `tb_calzado` (id, created_at, estado, is_delete, is_enabled, stock, id_color, id_producto, id_talla) VALUES (2023, '2025-10-29 15:47:54', 'Nuevo', 0, 1, 39, 8, 90, 8);
INSERT INTO `tb_calzado` (id, created_at, estado, is_delete, is_enabled, stock, id_color, id_producto, id_talla) VALUES (2024, '2025-10-29 15:47:54', 'Nuevo', 0, 1, 30, 8, 111, 12);
INSERT INTO `tb_calzado` (id, created_at, estado, is_delete, is_enabled, stock, id_color, id_producto, id_talla) VALUES (2025, '2025-10-29 15:47:54', 'Nuevo', 0, 1, 42, 7, 40, 1);
INSERT INTO `tb_calzado` (id, created_at, estado, is_delete, is_enabled, stock, id_color, id_producto, id_talla) VALUES (2026, '2025-10-29 15:47:54', 'Nuevo', 0, 1, 39, 12, 110, 6);
INSERT INTO `tb_calzado` (id, created_at, estado, is_delete, is_enabled, stock, id_color, id_producto, id_talla) VALUES (2027, '2025-10-29 15:47:54', 'Nuevo', 0, 1, 17, 2, 20, 8);
INSERT INTO `tb_calzado` (id, created_at, estado, is_delete, is_enabled, stock, id_color, id_producto, id_talla) VALUES (2028, '2025-10-29 15:47:54', 'Nuevo', 0, 1, 32, 15, 173, 11);
INSERT INTO `tb_calzado` (id, created_at, estado, is_delete, is_enabled, stock, id_color, id_producto, id_talla) VALUES (2029, '2025-10-29 15:47:54', 'Nuevo', 0, 1, 39, 3, 44, 2);
INSERT INTO `tb_calzado` (id, created_at, estado, is_delete, is_enabled, stock, id_color, id_producto, id_talla) VALUES (2030, '2025-10-29 15:47:54', 'Nuevo', 0, 1, 10, 7, 171, 6);
INSERT INTO `tb_calzado` (id, created_at, estado, is_delete, is_enabled, stock, id_color, id_producto, id_talla) VALUES (2031, '2025-10-29 15:47:54', 'Nuevo', 0, 1, 18, 4, 85, 11);
INSERT INTO `tb_calzado` (id, created_at, estado, is_delete, is_enabled, stock, id_color, id_producto, id_talla) VALUES (2032, '2025-10-29 15:47:54', 'Nuevo', 0, 1, 42, 5, 162, 6);
INSERT INTO `tb_calzado` (id, created_at, estado, is_delete, is_enabled, stock, id_color, id_producto, id_talla) VALUES (2033, '2025-10-29 15:47:54', 'Nuevo', 0, 1, 5, 12, 87, 4);
INSERT INTO `tb_calzado` (id, created_at, estado, is_delete, is_enabled, stock, id_color, id_producto, id_talla) VALUES (2034, '2025-10-29 15:47:54', 'Nuevo', 0, 1, 14, 3, 54, 4);
INSERT INTO `tb_calzado` (id, created_at, estado, is_delete, is_enabled, stock, id_color, id_producto, id_talla) VALUES (2035, '2025-10-29 15:47:54', 'Nuevo', 0, 1, 25, 5, 55, 7);
INSERT INTO `tb_calzado` (id, created_at, estado, is_delete, is_enabled, stock, id_color, id_producto, id_talla) VALUES (2036, '2025-10-29 15:47:54', 'Nuevo', 0, 1, 10, 15, 79, 4);
INSERT INTO `tb_calzado` (id, created_at, estado, is_delete, is_enabled, stock, id_color, id_producto, id_talla) VALUES (2037, '2025-10-29 15:47:54', 'Nuevo', 0, 1, 42, 9, 114, 5);
INSERT INTO `tb_calzado` (id, created_at, estado, is_delete, is_enabled, stock, id_color, id_producto, id_talla) VALUES (2038, '2025-10-29 15:47:54', 'Nuevo', 0, 1, 41, 3, 81, 10);
INSERT INTO `tb_calzado` (id, created_at, estado, is_delete, is_enabled, stock, id_color, id_producto, id_talla) VALUES (2039, '2025-10-29 15:47:54', 'Nuevo', 0, 1, 19, 6, 192, 12);
INSERT INTO `tb_calzado` (id, created_at, estado, is_delete, is_enabled, stock, id_color, id_producto, id_talla) VALUES (2040, '2025-10-29 15:47:54', 'Nuevo', 0, 1, 11, 9, 4, 4);
INSERT INTO `tb_calzado` (id, created_at, estado, is_delete, is_enabled, stock, id_color, id_producto, id_talla) VALUES (2041, '2025-10-29 15:47:54', 'Nuevo', 0, 1, 45, 10, 55, 10);
INSERT INTO `tb_calzado` (id, created_at, estado, is_delete, is_enabled, stock, id_color, id_producto, id_talla) VALUES (2042, '2025-10-29 15:47:54', 'Nuevo', 0, 1, 42, 15, 109, 12);
INSERT INTO `tb_calzado` (id, created_at, estado, is_delete, is_enabled, stock, id_color, id_producto, id_talla) VALUES (2043, '2025-10-29 15:47:54', 'Nuevo', 0, 1, 38, 4, 96, 11);
INSERT INTO `tb_calzado` (id, created_at, estado, is_delete, is_enabled, stock, id_color, id_producto, id_talla) VALUES (2044, '2025-10-29 15:47:54', 'Nuevo', 0, 1, 48, 11, 186, 11);
INSERT INTO `tb_calzado` (id, created_at, estado, is_delete, is_enabled, stock, id_color, id_producto, id_talla) VALUES (2045, '2025-10-29 15:47:54', 'Nuevo', 0, 1, 7, 12, 73, 11);
INSERT INTO `tb_calzado` (id, created_at, estado, is_delete, is_enabled, stock, id_color, id_producto, id_talla) VALUES (2046, '2025-10-29 15:47:54', 'Nuevo', 0, 1, 44, 14, 4, 10);
INSERT INTO `tb_calzado` (id, created_at, estado, is_delete, is_enabled, stock, id_color, id_producto, id_talla) VALUES (2047, '2025-10-29 15:47:54', 'Nuevo', 0, 1, 34, 5, 28, 12);
INSERT INTO `tb_calzado` (id, created_at, estado, is_delete, is_enabled, stock, id_color, id_producto, id_talla) VALUES (2048, '2025-10-29 15:47:54', 'Nuevo', 0, 1, 23, 7, 53, 9);
INSERT INTO `tb_calzado` (id, created_at, estado, is_delete, is_enabled, stock, id_color, id_producto, id_talla) VALUES (2049, '2025-10-29 15:47:54', 'Nuevo', 0, 1, 44, 10, 178, 7);
INSERT INTO `tb_calzado` (id, created_at, estado, is_delete, is_enabled, stock, id_color, id_producto, id_talla) VALUES (2050, '2025-10-29 15:47:54', 'Nuevo', 0, 1, 38, 9, 23, 11);
INSERT INTO `tb_calzado` (id, created_at, estado, is_delete, is_enabled, stock, id_color, id_producto, id_talla) VALUES (2051, '2025-10-29 15:47:54', 'Nuevo', 0, 1, 45, 1, 177, 12);
INSERT INTO `tb_calzado` (id, created_at, estado, is_delete, is_enabled, stock, id_color, id_producto, id_talla) VALUES (2052, '2025-10-29 15:47:54', 'Nuevo', 0, 1, 45, 12, 107, 5);
INSERT INTO `tb_calzado` (id, created_at, estado, is_delete, is_enabled, stock, id_color, id_producto, id_talla) VALUES (2053, '2025-10-29 15:47:54', 'Nuevo', 0, 1, 14, 7, 58, 2);
INSERT INTO `tb_calzado` (id, created_at, estado, is_delete, is_enabled, stock, id_color, id_producto, id_talla) VALUES (2054, '2025-10-29 15:47:54', 'Nuevo', 0, 1, 5, 8, 10, 8);
INSERT INTO `tb_calzado` (id, created_at, estado, is_delete, is_enabled, stock, id_color, id_producto, id_talla) VALUES (2055, '2025-10-29 15:47:54', 'Nuevo', 0, 1, 5, 12, 140, 1);
INSERT INTO `tb_calzado` (id, created_at, estado, is_delete, is_enabled, stock, id_color, id_producto, id_talla) VALUES (2056, '2025-10-29 15:47:54', 'Nuevo', 0, 1, 21, 13, 129, 8);
INSERT INTO `tb_calzado` (id, created_at, estado, is_delete, is_enabled, stock, id_color, id_producto, id_talla) VALUES (2057, '2025-10-29 15:47:54', 'Nuevo', 0, 1, 15, 13, 163, 12);
INSERT INTO `tb_calzado` (id, created_at, estado, is_delete, is_enabled, stock, id_color, id_producto, id_talla) VALUES (2058, '2025-10-29 15:47:54', 'Nuevo', 0, 1, 30, 1, 176, 4);
INSERT INTO `tb_calzado` (id, created_at, estado, is_delete, is_enabled, stock, id_color, id_producto, id_talla) VALUES (2059, '2025-10-29 15:47:54', 'Nuevo', 0, 1, 25, 1, 196, 4);
INSERT INTO `tb_calzado` (id, created_at, estado, is_delete, is_enabled, stock, id_color, id_producto, id_talla) VALUES (2060, '2025-10-29 15:47:54', 'Nuevo', 0, 1, 14, 12, 49, 8);
INSERT INTO `tb_calzado` (id, created_at, estado, is_delete, is_enabled, stock, id_color, id_producto, id_talla) VALUES (2061, '2025-10-29 15:47:54', 'Nuevo', 0, 1, 46, 7, 191, 3);
INSERT INTO `tb_calzado` (id, created_at, estado, is_delete, is_enabled, stock, id_color, id_producto, id_talla) VALUES (2062, '2025-10-29 15:47:54', 'Nuevo', 0, 1, 40, 13, 75, 3);
INSERT INTO `tb_calzado` (id, created_at, estado, is_delete, is_enabled, stock, id_color, id_producto, id_talla) VALUES (2063, '2025-10-29 15:47:54', 'Nuevo', 0, 1, 31, 14, 31, 6);
INSERT INTO `tb_calzado` (id, created_at, estado, is_delete, is_enabled, stock, id_color, id_producto, id_talla) VALUES (2064, '2025-10-29 15:47:54', 'Nuevo', 0, 1, 37, 14, 47, 11);
INSERT INTO `tb_calzado` (id, created_at, estado, is_delete, is_enabled, stock, id_color, id_producto, id_talla) VALUES (2065, '2025-10-29 15:47:54', 'Nuevo', 0, 1, 29, 13, 27, 4);
INSERT INTO `tb_calzado` (id, created_at, estado, is_delete, is_enabled, stock, id_color, id_producto, id_talla) VALUES (2066, '2025-10-29 15:47:54', 'Nuevo', 0, 1, 37, 6, 138, 2);
INSERT INTO `tb_calzado` (id, created_at, estado, is_delete, is_enabled, stock, id_color, id_producto, id_talla) VALUES (2067, '2025-10-29 15:47:54', 'Nuevo', 0, 1, 32, 12, 87, 10);
INSERT INTO `tb_calzado` (id, created_at, estado, is_delete, is_enabled, stock, id_color, id_producto, id_talla) VALUES (2068, '2025-10-29 15:47:54', 'Nuevo', 0, 1, 14, 5, 111, 2);
INSERT INTO `tb_calzado` (id, created_at, estado, is_delete, is_enabled, stock, id_color, id_producto, id_talla) VALUES (2069, '2025-10-29 15:47:54', 'Nuevo', 0, 1, 39, 15, 88, 2);
INSERT INTO `tb_calzado` (id, created_at, estado, is_delete, is_enabled, stock, id_color, id_producto, id_talla) VALUES (2070, '2025-10-29 15:47:54', 'Nuevo', 0, 1, 35, 4, 111, 11);
INSERT INTO `tb_calzado` (id, created_at, estado, is_delete, is_enabled, stock, id_color, id_producto, id_talla) VALUES (2071, '2025-10-29 15:47:54', 'Nuevo', 0, 1, 50, 2, 11, 12);
INSERT INTO `tb_calzado` (id, created_at, estado, is_delete, is_enabled, stock, id_color, id_producto, id_talla) VALUES (2072, '2025-10-29 15:47:54', 'Nuevo', 0, 1, 18, 13, 168, 10);
INSERT INTO `tb_calzado` (id, created_at, estado, is_delete, is_enabled, stock, id_color, id_producto, id_talla) VALUES (2073, '2025-10-29 15:47:54', 'Nuevo', 0, 1, 44, 7, 151, 6);
INSERT INTO `tb_calzado` (id, created_at, estado, is_delete, is_enabled, stock, id_color, id_producto, id_talla) VALUES (2074, '2025-10-29 15:47:54', 'Nuevo', 0, 1, 5, 2, 75, 8);
INSERT INTO `tb_calzado` (id, created_at, estado, is_delete, is_enabled, stock, id_color, id_producto, id_talla) VALUES (2075, '2025-10-29 15:47:54', 'Nuevo', 0, 1, 27, 14, 166, 2);
INSERT INTO `tb_calzado` (id, created_at, estado, is_delete, is_enabled, stock, id_color, id_producto, id_talla) VALUES (2076, '2025-10-29 15:47:54', 'Nuevo', 0, 1, 36, 2, 182, 11);
INSERT INTO `tb_calzado` (id, created_at, estado, is_delete, is_enabled, stock, id_color, id_producto, id_talla) VALUES (2077, '2025-10-29 15:47:54', 'Nuevo', 0, 1, 23, 4, 79, 5);
INSERT INTO `tb_calzado` (id, created_at, estado, is_delete, is_enabled, stock, id_color, id_producto, id_talla) VALUES (2078, '2025-10-29 15:47:54', 'Nuevo', 0, 1, 26, 13, 52, 10);
INSERT INTO `tb_calzado` (id, created_at, estado, is_delete, is_enabled, stock, id_color, id_producto, id_talla) VALUES (2079, '2025-10-29 15:47:54', 'Nuevo', 0, 1, 49, 2, 189, 10);
INSERT INTO `tb_calzado` (id, created_at, estado, is_delete, is_enabled, stock, id_color, id_producto, id_talla) VALUES (2080, '2025-10-29 15:47:54', 'Nuevo', 0, 1, 41, 12, 69, 9);
INSERT INTO `tb_calzado` (id, created_at, estado, is_delete, is_enabled, stock, id_color, id_producto, id_talla) VALUES (2081, '2025-10-29 15:47:54', 'Nuevo', 0, 1, 14, 7, 124, 12);
INSERT INTO `tb_calzado` (id, created_at, estado, is_delete, is_enabled, stock, id_color, id_producto, id_talla) VALUES (2082, '2025-10-29 15:47:54', 'Nuevo', 0, 1, 14, 6, 167, 1);
INSERT INTO `tb_calzado` (id, created_at, estado, is_delete, is_enabled, stock, id_color, id_producto, id_talla) VALUES (2083, '2025-10-29 15:47:54', 'Nuevo', 0, 1, 29, 11, 80, 5);
INSERT INTO `tb_calzado` (id, created_at, estado, is_delete, is_enabled, stock, id_color, id_producto, id_talla) VALUES (2084, '2025-10-29 15:47:54', 'Nuevo', 0, 1, 12, 15, 186, 6);
INSERT INTO `tb_calzado` (id, created_at, estado, is_delete, is_enabled, stock, id_color, id_producto, id_talla) VALUES (2085, '2025-10-29 15:47:54', 'Nuevo', 0, 1, 46, 15, 101, 4);
INSERT INTO `tb_calzado` (id, created_at, estado, is_delete, is_enabled, stock, id_color, id_producto, id_talla) VALUES (2086, '2025-10-29 15:47:54', 'Nuevo', 0, 1, 27, 5, 101, 5);
INSERT INTO `tb_calzado` (id, created_at, estado, is_delete, is_enabled, stock, id_color, id_producto, id_talla) VALUES (2087, '2025-10-29 15:47:54', 'Nuevo', 0, 1, 44, 12, 62, 11);
INSERT INTO `tb_calzado` (id, created_at, estado, is_delete, is_enabled, stock, id_color, id_producto, id_talla) VALUES (2088, '2025-10-29 15:47:54', 'Nuevo', 0, 1, 27, 11, 174, 7);
INSERT INTO `tb_calzado` (id, created_at, estado, is_delete, is_enabled, stock, id_color, id_producto, id_talla) VALUES (2089, '2025-10-29 15:47:54', 'Nuevo', 0, 1, 33, 7, 140, 5);
INSERT INTO `tb_calzado` (id, created_at, estado, is_delete, is_enabled, stock, id_color, id_producto, id_talla) VALUES (2090, '2025-10-29 15:47:54', 'Nuevo', 0, 1, 23, 2, 113, 5);
INSERT INTO `tb_calzado` (id, created_at, estado, is_delete, is_enabled, stock, id_color, id_producto, id_talla) VALUES (2091, '2025-10-29 15:47:54', 'Nuevo', 0, 1, 15, 4, 28, 5);
INSERT INTO `tb_calzado` (id, created_at, estado, is_delete, is_enabled, stock, id_color, id_producto, id_talla) VALUES (2092, '2025-10-29 15:47:54', 'Nuevo', 0, 1, 45, 8, 84, 1);
INSERT INTO `tb_calzado` (id, created_at, estado, is_delete, is_enabled, stock, id_color, id_producto, id_talla) VALUES (2093, '2025-10-29 15:47:54', 'Nuevo', 0, 1, 40, 12, 176, 2);
INSERT INTO `tb_calzado` (id, created_at, estado, is_delete, is_enabled, stock, id_color, id_producto, id_talla) VALUES (2094, '2025-10-29 15:47:54', 'Nuevo', 0, 1, 31, 9, 191, 1);
INSERT INTO `tb_calzado` (id, created_at, estado, is_delete, is_enabled, stock, id_color, id_producto, id_talla) VALUES (2095, '2025-10-29 15:47:54', 'Nuevo', 0, 1, 11, 13, 36, 2);
INSERT INTO `tb_calzado` (id, created_at, estado, is_delete, is_enabled, stock, id_color, id_producto, id_talla) VALUES (2096, '2025-10-29 15:47:54', 'Nuevo', 0, 1, 14, 5, 139, 2);
INSERT INTO `tb_calzado` (id, created_at, estado, is_delete, is_enabled, stock, id_color, id_producto, id_talla) VALUES (2097, '2025-10-29 15:47:54', 'Nuevo', 0, 1, 42, 14, 171, 8);
INSERT INTO `tb_calzado` (id, created_at, estado, is_delete, is_enabled, stock, id_color, id_producto, id_talla) VALUES (2098, '2025-10-29 15:47:54', 'Nuevo', 0, 1, 25, 3, 192, 12);
INSERT INTO `tb_calzado` (id, created_at, estado, is_delete, is_enabled, stock, id_color, id_producto, id_talla) VALUES (2099, '2025-10-29 15:47:54', 'Nuevo', 0, 1, 21, 12, 189, 7);
INSERT INTO `tb_calzado` (id, created_at, estado, is_delete, is_enabled, stock, id_color, id_producto, id_talla) VALUES (2100, '2025-10-29 15:47:54', 'Nuevo', 0, 1, 31, 11, 171, 2);
INSERT INTO `tb_calzado` (id, created_at, estado, is_delete, is_enabled, stock, id_color, id_producto, id_talla) VALUES (2101, '2025-10-29 15:47:54', 'Nuevo', 0, 1, 41, 12, 127, 4);
INSERT INTO `tb_calzado` (id, created_at, estado, is_delete, is_enabled, stock, id_color, id_producto, id_talla) VALUES (2102, '2025-10-29 15:47:54', 'Nuevo', 0, 1, 40, 13, 96, 7);
INSERT INTO `tb_calzado` (id, created_at, estado, is_delete, is_enabled, stock, id_color, id_producto, id_talla) VALUES (2103, '2025-10-29 15:47:54', 'Nuevo', 0, 1, 23, 11, 70, 2);
INSERT INTO `tb_calzado` (id, created_at, estado, is_delete, is_enabled, stock, id_color, id_producto, id_talla) VALUES (2104, '2025-10-29 15:47:54', 'Nuevo', 0, 1, 48, 12, 11, 12);
INSERT INTO `tb_calzado` (id, created_at, estado, is_delete, is_enabled, stock, id_color, id_producto, id_talla) VALUES (2105, '2025-10-29 15:47:54', 'Nuevo', 0, 1, 9, 15, 55, 6);
INSERT INTO `tb_calzado` (id, created_at, estado, is_delete, is_enabled, stock, id_color, id_producto, id_talla) VALUES (2106, '2025-10-29 15:47:54', 'Nuevo', 0, 1, 10, 5, 183, 6);
INSERT INTO `tb_calzado` (id, created_at, estado, is_delete, is_enabled, stock, id_color, id_producto, id_talla) VALUES (2107, '2025-10-29 15:47:54', 'Nuevo', 0, 1, 37, 12, 197, 12);
INSERT INTO `tb_calzado` (id, created_at, estado, is_delete, is_enabled, stock, id_color, id_producto, id_talla) VALUES (2108, '2025-10-29 15:47:54', 'Nuevo', 0, 1, 7, 8, 157, 12);
INSERT INTO `tb_calzado` (id, created_at, estado, is_delete, is_enabled, stock, id_color, id_producto, id_talla) VALUES (2109, '2025-10-29 15:47:54', 'Nuevo', 0, 1, 22, 5, 31, 6);
INSERT INTO `tb_calzado` (id, created_at, estado, is_delete, is_enabled, stock, id_color, id_producto, id_talla) VALUES (2110, '2025-10-29 15:47:54', 'Nuevo', 0, 1, 46, 15, 59, 5);
INSERT INTO `tb_calzado` (id, created_at, estado, is_delete, is_enabled, stock, id_color, id_producto, id_talla) VALUES (2111, '2025-10-29 15:47:54', 'Nuevo', 0, 1, 17, 9, 50, 12);
INSERT INTO `tb_calzado` (id, created_at, estado, is_delete, is_enabled, stock, id_color, id_producto, id_talla) VALUES (2112, '2025-10-29 15:47:54', 'Nuevo', 0, 1, 10, 1, 170, 3);
INSERT INTO `tb_calzado` (id, created_at, estado, is_delete, is_enabled, stock, id_color, id_producto, id_talla) VALUES (2113, '2025-10-29 15:47:54', 'Nuevo', 0, 1, 10, 7, 158, 9);
INSERT INTO `tb_calzado` (id, created_at, estado, is_delete, is_enabled, stock, id_color, id_producto, id_talla) VALUES (2114, '2025-10-29 15:47:54', 'Nuevo', 0, 1, 20, 7, 81, 11);
INSERT INTO `tb_calzado` (id, created_at, estado, is_delete, is_enabled, stock, id_color, id_producto, id_talla) VALUES (2115, '2025-10-29 15:47:54', 'Nuevo', 0, 1, 7, 2, 185, 1);
INSERT INTO `tb_calzado` (id, created_at, estado, is_delete, is_enabled, stock, id_color, id_producto, id_talla) VALUES (2116, '2025-10-29 15:47:54', 'Nuevo', 0, 1, 17, 13, 169, 10);
INSERT INTO `tb_calzado` (id, created_at, estado, is_delete, is_enabled, stock, id_color, id_producto, id_talla) VALUES (2117, '2025-10-29 15:47:54', 'Nuevo', 0, 1, 48, 2, 143, 5);
INSERT INTO `tb_calzado` (id, created_at, estado, is_delete, is_enabled, stock, id_color, id_producto, id_talla) VALUES (2118, '2025-10-29 15:47:54', 'Nuevo', 0, 1, 43, 1, 113, 1);
INSERT INTO `tb_calzado` (id, created_at, estado, is_delete, is_enabled, stock, id_color, id_producto, id_talla) VALUES (2119, '2025-10-29 15:47:54', 'Nuevo', 0, 1, 8, 1, 70, 7);
INSERT INTO `tb_calzado` (id, created_at, estado, is_delete, is_enabled, stock, id_color, id_producto, id_talla) VALUES (2120, '2025-10-29 15:47:54', 'Nuevo', 0, 1, 16, 13, 33, 5);
INSERT INTO `tb_calzado` (id, created_at, estado, is_delete, is_enabled, stock, id_color, id_producto, id_talla) VALUES (2121, '2025-10-29 15:47:54', 'Nuevo', 0, 1, 41, 12, 15, 1);
INSERT INTO `tb_calzado` (id, created_at, estado, is_delete, is_enabled, stock, id_color, id_producto, id_talla) VALUES (2122, '2025-10-29 15:47:54', 'Nuevo', 0, 1, 17, 10, 11, 3);
INSERT INTO `tb_calzado` (id, created_at, estado, is_delete, is_enabled, stock, id_color, id_producto, id_talla) VALUES (2123, '2025-10-29 15:47:54', 'Nuevo', 0, 1, 34, 9, 112, 12);
INSERT INTO `tb_calzado` (id, created_at, estado, is_delete, is_enabled, stock, id_color, id_producto, id_talla) VALUES (2124, '2025-10-29 15:47:54', 'Nuevo', 0, 1, 43, 11, 7, 2);
INSERT INTO `tb_calzado` (id, created_at, estado, is_delete, is_enabled, stock, id_color, id_producto, id_talla) VALUES (2125, '2025-10-29 15:47:54', 'Nuevo', 0, 1, 23, 2, 196, 2);
INSERT INTO `tb_calzado` (id, created_at, estado, is_delete, is_enabled, stock, id_color, id_producto, id_talla) VALUES (2126, '2025-10-29 15:47:54', 'Nuevo', 0, 1, 6, 6, 80, 7);
INSERT INTO `tb_calzado` (id, created_at, estado, is_delete, is_enabled, stock, id_color, id_producto, id_talla) VALUES (2127, '2025-10-29 15:47:54', 'Nuevo', 0, 1, 30, 15, 139, 9);
INSERT INTO `tb_calzado` (id, created_at, estado, is_delete, is_enabled, stock, id_color, id_producto, id_talla) VALUES (2128, '2025-10-29 15:47:54', 'Nuevo', 0, 1, 19, 6, 184, 8);
INSERT INTO `tb_calzado` (id, created_at, estado, is_delete, is_enabled, stock, id_color, id_producto, id_talla) VALUES (2129, '2025-10-29 15:47:54', 'Nuevo', 0, 1, 40, 12, 145, 2);
INSERT INTO `tb_calzado` (id, created_at, estado, is_delete, is_enabled, stock, id_color, id_producto, id_talla) VALUES (2130, '2025-10-29 15:47:54', 'Nuevo', 0, 1, 31, 4, 28, 4);
INSERT INTO `tb_calzado` (id, created_at, estado, is_delete, is_enabled, stock, id_color, id_producto, id_talla) VALUES (2131, '2025-10-29 15:47:54', 'Nuevo', 0, 1, 28, 13, 65, 6);
INSERT INTO `tb_calzado` (id, created_at, estado, is_delete, is_enabled, stock, id_color, id_producto, id_talla) VALUES (2132, '2025-10-29 15:47:54', 'Nuevo', 0, 1, 32, 4, 198, 3);
INSERT INTO `tb_calzado` (id, created_at, estado, is_delete, is_enabled, stock, id_color, id_producto, id_talla) VALUES (2133, '2025-10-29 15:47:54', 'Nuevo', 0, 1, 17, 1, 2, 9);
INSERT INTO `tb_calzado` (id, created_at, estado, is_delete, is_enabled, stock, id_color, id_producto, id_talla) VALUES (2134, '2025-10-29 15:47:54', 'Nuevo', 0, 1, 16, 9, 194, 1);
INSERT INTO `tb_calzado` (id, created_at, estado, is_delete, is_enabled, stock, id_color, id_producto, id_talla) VALUES (2135, '2025-10-29 15:47:54', 'Nuevo', 0, 1, 19, 9, 13, 11);
INSERT INTO `tb_calzado` (id, created_at, estado, is_delete, is_enabled, stock, id_color, id_producto, id_talla) VALUES (2136, '2025-10-29 15:47:54', 'Nuevo', 0, 1, 38, 10, 173, 4);
INSERT INTO `tb_calzado` (id, created_at, estado, is_delete, is_enabled, stock, id_color, id_producto, id_talla) VALUES (2137, '2025-10-29 15:47:54', 'Nuevo', 0, 1, 23, 5, 124, 9);
INSERT INTO `tb_calzado` (id, created_at, estado, is_delete, is_enabled, stock, id_color, id_producto, id_talla) VALUES (2138, '2025-10-29 15:47:54', 'Nuevo', 0, 1, 41, 4, 120, 1);
INSERT INTO `tb_calzado` (id, created_at, estado, is_delete, is_enabled, stock, id_color, id_producto, id_talla) VALUES (2139, '2025-10-29 15:47:54', 'Nuevo', 0, 1, 27, 5, 96, 2);
INSERT INTO `tb_calzado` (id, created_at, estado, is_delete, is_enabled, stock, id_color, id_producto, id_talla) VALUES (2140, '2025-10-29 15:47:54', 'Nuevo', 0, 1, 20, 2, 16, 5);
INSERT INTO `tb_calzado` (id, created_at, estado, is_delete, is_enabled, stock, id_color, id_producto, id_talla) VALUES (2141, '2025-10-29 15:47:54', 'Nuevo', 0, 1, 46, 13, 105, 10);
INSERT INTO `tb_calzado` (id, created_at, estado, is_delete, is_enabled, stock, id_color, id_producto, id_talla) VALUES (2142, '2025-10-29 15:47:54', 'Nuevo', 0, 1, 48, 10, 143, 4);
INSERT INTO `tb_calzado` (id, created_at, estado, is_delete, is_enabled, stock, id_color, id_producto, id_talla) VALUES (2143, '2025-10-29 15:47:54', 'Nuevo', 0, 1, 14, 2, 32, 11);
INSERT INTO `tb_calzado` (id, created_at, estado, is_delete, is_enabled, stock, id_color, id_producto, id_talla) VALUES (2144, '2025-10-29 15:47:54', 'Nuevo', 0, 1, 46, 5, 12, 8);
INSERT INTO `tb_calzado` (id, created_at, estado, is_delete, is_enabled, stock, id_color, id_producto, id_talla) VALUES (2145, '2025-10-29 15:47:54', 'Nuevo', 0, 1, 9, 13, 126, 3);
INSERT INTO `tb_calzado` (id, created_at, estado, is_delete, is_enabled, stock, id_color, id_producto, id_talla) VALUES (2146, '2025-10-29 15:47:54', 'Nuevo', 0, 1, 29, 6, 197, 3);
INSERT INTO `tb_calzado` (id, created_at, estado, is_delete, is_enabled, stock, id_color, id_producto, id_talla) VALUES (2147, '2025-10-29 15:47:54', 'Nuevo', 0, 1, 39, 11, 29, 10);
INSERT INTO `tb_calzado` (id, created_at, estado, is_delete, is_enabled, stock, id_color, id_producto, id_talla) VALUES (2148, '2025-10-29 15:47:54', 'Nuevo', 0, 1, 41, 14, 155, 7);
INSERT INTO `tb_calzado` (id, created_at, estado, is_delete, is_enabled, stock, id_color, id_producto, id_talla) VALUES (2149, '2025-10-29 15:47:54', 'Nuevo', 0, 1, 49, 12, 89, 3);
INSERT INTO `tb_calzado` (id, created_at, estado, is_delete, is_enabled, stock, id_color, id_producto, id_talla) VALUES (2150, '2025-10-29 15:47:54', 'Nuevo', 0, 1, 25, 11, 105, 4);
INSERT INTO `tb_calzado` (id, created_at, estado, is_delete, is_enabled, stock, id_color, id_producto, id_talla) VALUES (2151, '2025-10-29 15:47:54', 'Nuevo', 0, 1, 31, 9, 113, 7);
INSERT INTO `tb_calzado` (id, created_at, estado, is_delete, is_enabled, stock, id_color, id_producto, id_talla) VALUES (2152, '2025-10-29 15:47:54', 'Nuevo', 0, 1, 13, 1, 43, 6);
INSERT INTO `tb_calzado` (id, created_at, estado, is_delete, is_enabled, stock, id_color, id_producto, id_talla) VALUES (2153, '2025-10-29 15:47:54', 'Nuevo', 0, 1, 48, 2, 125, 1);
INSERT INTO `tb_calzado` (id, created_at, estado, is_delete, is_enabled, stock, id_color, id_producto, id_talla) VALUES (2154, '2025-10-29 15:47:54', 'Nuevo', 0, 1, 7, 4, 151, 1);
INSERT INTO `tb_calzado` (id, created_at, estado, is_delete, is_enabled, stock, id_color, id_producto, id_talla) VALUES (2155, '2025-10-29 15:47:54', 'Nuevo', 0, 1, 17, 13, 197, 7);
INSERT INTO `tb_calzado` (id, created_at, estado, is_delete, is_enabled, stock, id_color, id_producto, id_talla) VALUES (2156, '2025-10-29 15:47:54', 'Nuevo', 0, 1, 27, 7, 94, 7);
INSERT INTO `tb_calzado` (id, created_at, estado, is_delete, is_enabled, stock, id_color, id_producto, id_talla) VALUES (2157, '2025-10-29 15:47:54', 'Nuevo', 0, 1, 26, 9, 56, 10);
INSERT INTO `tb_calzado` (id, created_at, estado, is_delete, is_enabled, stock, id_color, id_producto, id_talla) VALUES (2158, '2025-10-29 15:47:54', 'Nuevo', 0, 1, 27, 9, 8, 10);
INSERT INTO `tb_calzado` (id, created_at, estado, is_delete, is_enabled, stock, id_color, id_producto, id_talla) VALUES (2159, '2025-10-29 15:47:54', 'Nuevo', 0, 1, 40, 4, 64, 6);
INSERT INTO `tb_calzado` (id, created_at, estado, is_delete, is_enabled, stock, id_color, id_producto, id_talla) VALUES (2160, '2025-10-29 15:47:54', 'Nuevo', 0, 1, 44, 7, 12, 6);
INSERT INTO `tb_calzado` (id, created_at, estado, is_delete, is_enabled, stock, id_color, id_producto, id_talla) VALUES (2161, '2025-10-29 15:47:54', 'Nuevo', 0, 1, 21, 14, 107, 2);
INSERT INTO `tb_calzado` (id, created_at, estado, is_delete, is_enabled, stock, id_color, id_producto, id_talla) VALUES (2162, '2025-10-29 15:47:54', 'Nuevo', 0, 1, 41, 12, 67, 3);
INSERT INTO `tb_calzado` (id, created_at, estado, is_delete, is_enabled, stock, id_color, id_producto, id_talla) VALUES (2163, '2025-10-29 15:47:54', 'Nuevo', 0, 1, 16, 12, 156, 4);
INSERT INTO `tb_calzado` (id, created_at, estado, is_delete, is_enabled, stock, id_color, id_producto, id_talla) VALUES (2164, '2025-10-29 15:47:54', 'Nuevo', 0, 1, 36, 12, 106, 5);
INSERT INTO `tb_calzado` (id, created_at, estado, is_delete, is_enabled, stock, id_color, id_producto, id_talla) VALUES (2165, '2025-10-29 15:47:54', 'Nuevo', 0, 1, 19, 2, 52, 1);
INSERT INTO `tb_calzado` (id, created_at, estado, is_delete, is_enabled, stock, id_color, id_producto, id_talla) VALUES (2166, '2025-10-29 15:47:54', 'Nuevo', 0, 1, 17, 9, 102, 2);
INSERT INTO `tb_calzado` (id, created_at, estado, is_delete, is_enabled, stock, id_color, id_producto, id_talla) VALUES (2167, '2025-10-29 15:47:54', 'Nuevo', 0, 1, 25, 1, 81, 9);
INSERT INTO `tb_calzado` (id, created_at, estado, is_delete, is_enabled, stock, id_color, id_producto, id_talla) VALUES (2168, '2025-10-29 15:47:54', 'Nuevo', 0, 1, 43, 10, 115, 12);
INSERT INTO `tb_calzado` (id, created_at, estado, is_delete, is_enabled, stock, id_color, id_producto, id_talla) VALUES (2169, '2025-10-29 15:47:54', 'Nuevo', 0, 1, 29, 15, 110, 4);
INSERT INTO `tb_calzado` (id, created_at, estado, is_delete, is_enabled, stock, id_color, id_producto, id_talla) VALUES (2170, '2025-10-29 15:47:54', 'Nuevo', 0, 1, 13, 15, 136, 6);
INSERT INTO `tb_calzado` (id, created_at, estado, is_delete, is_enabled, stock, id_color, id_producto, id_talla) VALUES (2171, '2025-10-29 15:47:54', 'Nuevo', 0, 1, 33, 1, 23, 2);
INSERT INTO `tb_calzado` (id, created_at, estado, is_delete, is_enabled, stock, id_color, id_producto, id_talla) VALUES (2172, '2025-10-29 15:47:54', 'Nuevo', 0, 1, 46, 9, 146, 1);
INSERT INTO `tb_calzado` (id, created_at, estado, is_delete, is_enabled, stock, id_color, id_producto, id_talla) VALUES (2173, '2025-10-29 15:47:54', 'Nuevo', 0, 1, 26, 7, 5, 6);
INSERT INTO `tb_calzado` (id, created_at, estado, is_delete, is_enabled, stock, id_color, id_producto, id_talla) VALUES (2174, '2025-10-29 15:47:54', 'Nuevo', 0, 1, 48, 14, 120, 5);
INSERT INTO `tb_calzado` (id, created_at, estado, is_delete, is_enabled, stock, id_color, id_producto, id_talla) VALUES (2175, '2025-10-29 15:47:54', 'Nuevo', 0, 1, 9, 2, 29, 5);
INSERT INTO `tb_calzado` (id, created_at, estado, is_delete, is_enabled, stock, id_color, id_producto, id_talla) VALUES (2176, '2025-10-29 15:47:54', 'Nuevo', 0, 1, 18, 13, 181, 9);
INSERT INTO `tb_calzado` (id, created_at, estado, is_delete, is_enabled, stock, id_color, id_producto, id_talla) VALUES (2177, '2025-10-29 15:47:54', 'Nuevo', 0, 1, 24, 7, 78, 9);
INSERT INTO `tb_calzado` (id, created_at, estado, is_delete, is_enabled, stock, id_color, id_producto, id_talla) VALUES (2178, '2025-10-29 15:47:54', 'Nuevo', 0, 1, 7, 6, 135, 2);
INSERT INTO `tb_calzado` (id, created_at, estado, is_delete, is_enabled, stock, id_color, id_producto, id_talla) VALUES (2179, '2025-10-29 15:47:54', 'Nuevo', 0, 1, 34, 14, 179, 2);
INSERT INTO `tb_calzado` (id, created_at, estado, is_delete, is_enabled, stock, id_color, id_producto, id_talla) VALUES (2180, '2025-10-29 15:47:54', 'Nuevo', 0, 1, 26, 8, 76, 10);
INSERT INTO `tb_calzado` (id, created_at, estado, is_delete, is_enabled, stock, id_color, id_producto, id_talla) VALUES (2181, '2025-10-29 15:47:54', 'Nuevo', 0, 1, 38, 6, 124, 8);
INSERT INTO `tb_calzado` (id, created_at, estado, is_delete, is_enabled, stock, id_color, id_producto, id_talla) VALUES (2182, '2025-10-29 15:47:54', 'Nuevo', 0, 1, 50, 13, 38, 9);
INSERT INTO `tb_calzado` (id, created_at, estado, is_delete, is_enabled, stock, id_color, id_producto, id_talla) VALUES (2183, '2025-10-29 15:47:54', 'Nuevo', 0, 1, 17, 5, 193, 6);
INSERT INTO `tb_calzado` (id, created_at, estado, is_delete, is_enabled, stock, id_color, id_producto, id_talla) VALUES (2184, '2025-10-29 15:47:54', 'Nuevo', 0, 1, 50, 9, 111, 7);
INSERT INTO `tb_calzado` (id, created_at, estado, is_delete, is_enabled, stock, id_color, id_producto, id_talla) VALUES (2185, '2025-10-29 15:47:54', 'Nuevo', 0, 1, 35, 11, 88, 3);
INSERT INTO `tb_calzado` (id, created_at, estado, is_delete, is_enabled, stock, id_color, id_producto, id_talla) VALUES (2186, '2025-10-29 15:47:54', 'Nuevo', 0, 1, 12, 9, 171, 10);
INSERT INTO `tb_calzado` (id, created_at, estado, is_delete, is_enabled, stock, id_color, id_producto, id_talla) VALUES (2187, '2025-10-29 15:47:54', 'Nuevo', 0, 1, 20, 10, 133, 2);
INSERT INTO `tb_calzado` (id, created_at, estado, is_delete, is_enabled, stock, id_color, id_producto, id_talla) VALUES (2188, '2025-10-29 15:47:54', 'Nuevo', 0, 1, 16, 11, 128, 7);
INSERT INTO `tb_calzado` (id, created_at, estado, is_delete, is_enabled, stock, id_color, id_producto, id_talla) VALUES (2189, '2025-10-29 15:47:54', 'Nuevo', 0, 1, 28, 8, 31, 6);
INSERT INTO `tb_calzado` (id, created_at, estado, is_delete, is_enabled, stock, id_color, id_producto, id_talla) VALUES (2190, '2025-10-29 15:47:54', 'Nuevo', 0, 1, 42, 11, 84, 9);
INSERT INTO `tb_calzado` (id, created_at, estado, is_delete, is_enabled, stock, id_color, id_producto, id_talla) VALUES (2191, '2025-10-29 15:47:54', 'Nuevo', 0, 1, 25, 1, 69, 10);
INSERT INTO `tb_calzado` (id, created_at, estado, is_delete, is_enabled, stock, id_color, id_producto, id_talla) VALUES (2192, '2025-10-29 15:47:54', 'Nuevo', 0, 1, 46, 14, 85, 11);
INSERT INTO `tb_calzado` (id, created_at, estado, is_delete, is_enabled, stock, id_color, id_producto, id_talla) VALUES (2193, '2025-10-29 15:47:54', 'Nuevo', 0, 1, 24, 14, 120, 9);
INSERT INTO `tb_calzado` (id, created_at, estado, is_delete, is_enabled, stock, id_color, id_producto, id_talla) VALUES (2194, '2025-10-29 15:47:54', 'Nuevo', 0, 1, 46, 12, 111, 2);
INSERT INTO `tb_calzado` (id, created_at, estado, is_delete, is_enabled, stock, id_color, id_producto, id_talla) VALUES (2195, '2025-10-29 15:47:54', 'Nuevo', 0, 1, 6, 8, 97, 2);
INSERT INTO `tb_calzado` (id, created_at, estado, is_delete, is_enabled, stock, id_color, id_producto, id_talla) VALUES (2196, '2025-10-29 15:47:54', 'Nuevo', 0, 1, 11, 2, 90, 1);
INSERT INTO `tb_calzado` (id, created_at, estado, is_delete, is_enabled, stock, id_color, id_producto, id_talla) VALUES (2197, '2025-10-29 15:47:54', 'Nuevo', 0, 1, 5, 12, 4, 3);
INSERT INTO `tb_calzado` (id, created_at, estado, is_delete, is_enabled, stock, id_color, id_producto, id_talla) VALUES (2198, '2025-10-29 15:47:54', 'Nuevo', 0, 1, 48, 15, 92, 4);
INSERT INTO `tb_calzado` (id, created_at, estado, is_delete, is_enabled, stock, id_color, id_producto, id_talla) VALUES (2199, '2025-10-29 15:47:54', 'Nuevo', 0, 1, 44, 12, 189, 10);
INSERT INTO `tb_calzado` (id, created_at, estado, is_delete, is_enabled, stock, id_color, id_producto, id_talla) VALUES (2200, '2025-10-29 15:47:54', 'Nuevo', 0, 1, 50, 1, 197, 11);
INSERT INTO `tb_calzado` (id, created_at, estado, is_delete, is_enabled, stock, id_color, id_producto, id_talla) VALUES (2201, '2025-10-29 15:47:54', 'Nuevo', 0, 1, 32, 14, 184, 7);
INSERT INTO `tb_calzado` (id, created_at, estado, is_delete, is_enabled, stock, id_color, id_producto, id_talla) VALUES (2202, '2025-10-29 15:47:54', 'Nuevo', 0, 1, 47, 5, 168, 4);
INSERT INTO `tb_calzado` (id, created_at, estado, is_delete, is_enabled, stock, id_color, id_producto, id_talla) VALUES (2203, '2025-10-29 15:47:54', 'Nuevo', 0, 1, 17, 1, 93, 1);
INSERT INTO `tb_calzado` (id, created_at, estado, is_delete, is_enabled, stock, id_color, id_producto, id_talla) VALUES (2204, '2025-10-29 15:47:54', 'Nuevo', 0, 1, 23, 15, 184, 4);
INSERT INTO `tb_calzado` (id, created_at, estado, is_delete, is_enabled, stock, id_color, id_producto, id_talla) VALUES (2205, '2025-10-29 15:47:54', 'Nuevo', 0, 1, 27, 5, 87, 4);
INSERT INTO `tb_calzado` (id, created_at, estado, is_delete, is_enabled, stock, id_color, id_producto, id_talla) VALUES (2206, '2025-10-29 15:47:54', 'Nuevo', 0, 1, 35, 1, 23, 8);
INSERT INTO `tb_calzado` (id, created_at, estado, is_delete, is_enabled, stock, id_color, id_producto, id_talla) VALUES (2207, '2025-10-29 15:47:54', 'Nuevo', 0, 1, 37, 10, 63, 9);
INSERT INTO `tb_calzado` (id, created_at, estado, is_delete, is_enabled, stock, id_color, id_producto, id_talla) VALUES (2208, '2025-10-29 15:47:54', 'Nuevo', 0, 1, 11, 9, 124, 1);
INSERT INTO `tb_calzado` (id, created_at, estado, is_delete, is_enabled, stock, id_color, id_producto, id_talla) VALUES (2209, '2025-10-29 15:47:54', 'Nuevo', 0, 1, 48, 5, 45, 1);
INSERT INTO `tb_calzado` (id, created_at, estado, is_delete, is_enabled, stock, id_color, id_producto, id_talla) VALUES (2210, '2025-10-29 15:47:54', 'Nuevo', 0, 1, 34, 4, 178, 11);
INSERT INTO `tb_calzado` (id, created_at, estado, is_delete, is_enabled, stock, id_color, id_producto, id_talla) VALUES (2211, '2025-10-29 15:47:54', 'Nuevo', 0, 1, 23, 6, 148, 5);
INSERT INTO `tb_calzado` (id, created_at, estado, is_delete, is_enabled, stock, id_color, id_producto, id_talla) VALUES (2212, '2025-10-29 15:47:54', 'Nuevo', 0, 1, 25, 10, 197, 7);
INSERT INTO `tb_calzado` (id, created_at, estado, is_delete, is_enabled, stock, id_color, id_producto, id_talla) VALUES (2213, '2025-10-29 15:47:54', 'Nuevo', 0, 1, 35, 7, 4, 6);
INSERT INTO `tb_calzado` (id, created_at, estado, is_delete, is_enabled, stock, id_color, id_producto, id_talla) VALUES (2214, '2025-10-29 15:47:54', 'Nuevo', 0, 1, 29, 2, 155, 5);
INSERT INTO `tb_calzado` (id, created_at, estado, is_delete, is_enabled, stock, id_color, id_producto, id_talla) VALUES (2215, '2025-10-29 15:47:54', 'Nuevo', 0, 1, 16, 4, 44, 5);
INSERT INTO `tb_calzado` (id, created_at, estado, is_delete, is_enabled, stock, id_color, id_producto, id_talla) VALUES (2216, '2025-10-29 15:47:54', 'Nuevo', 0, 1, 40, 8, 164, 10);
INSERT INTO `tb_calzado` (id, created_at, estado, is_delete, is_enabled, stock, id_color, id_producto, id_talla) VALUES (2217, '2025-10-29 15:47:54', 'Nuevo', 0, 1, 33, 5, 39, 10);
INSERT INTO `tb_calzado` (id, created_at, estado, is_delete, is_enabled, stock, id_color, id_producto, id_talla) VALUES (2218, '2025-10-29 15:47:54', 'Nuevo', 0, 1, 7, 11, 23, 5);
INSERT INTO `tb_calzado` (id, created_at, estado, is_delete, is_enabled, stock, id_color, id_producto, id_talla) VALUES (2219, '2025-10-29 15:47:54', 'Nuevo', 0, 1, 17, 5, 82, 1);
INSERT INTO `tb_calzado` (id, created_at, estado, is_delete, is_enabled, stock, id_color, id_producto, id_talla) VALUES (2220, '2025-10-29 15:47:54', 'Nuevo', 0, 1, 12, 4, 137, 7);
INSERT INTO `tb_calzado` (id, created_at, estado, is_delete, is_enabled, stock, id_color, id_producto, id_talla) VALUES (2221, '2025-10-29 15:47:54', 'Nuevo', 0, 1, 23, 13, 142, 9);
INSERT INTO `tb_calzado` (id, created_at, estado, is_delete, is_enabled, stock, id_color, id_producto, id_talla) VALUES (2222, '2025-10-29 15:47:54', 'Nuevo', 0, 1, 8, 1, 99, 5);
INSERT INTO `tb_calzado` (id, created_at, estado, is_delete, is_enabled, stock, id_color, id_producto, id_talla) VALUES (2223, '2025-10-29 15:47:54', 'Nuevo', 0, 1, 27, 6, 95, 8);
INSERT INTO `tb_calzado` (id, created_at, estado, is_delete, is_enabled, stock, id_color, id_producto, id_talla) VALUES (2224, '2025-10-29 15:47:54', 'Nuevo', 0, 1, 50, 15, 196, 9);
INSERT INTO `tb_calzado` (id, created_at, estado, is_delete, is_enabled, stock, id_color, id_producto, id_talla) VALUES (2225, '2025-10-29 15:47:54', 'Nuevo', 0, 1, 12, 6, 183, 10);
INSERT INTO `tb_calzado` (id, created_at, estado, is_delete, is_enabled, stock, id_color, id_producto, id_talla) VALUES (2226, '2025-10-29 15:47:54', 'Nuevo', 0, 1, 44, 7, 93, 12);
INSERT INTO `tb_calzado` (id, created_at, estado, is_delete, is_enabled, stock, id_color, id_producto, id_talla) VALUES (2227, '2025-10-29 15:47:54', 'Nuevo', 0, 1, 17, 1, 38, 10);
INSERT INTO `tb_calzado` (id, created_at, estado, is_delete, is_enabled, stock, id_color, id_producto, id_talla) VALUES (2228, '2025-10-29 15:47:54', 'Nuevo', 0, 1, 5, 7, 192, 9);
INSERT INTO `tb_calzado` (id, created_at, estado, is_delete, is_enabled, stock, id_color, id_producto, id_talla) VALUES (2229, '2025-10-29 15:47:54', 'Nuevo', 0, 1, 28, 9, 14, 12);
INSERT INTO `tb_calzado` (id, created_at, estado, is_delete, is_enabled, stock, id_color, id_producto, id_talla) VALUES (2230, '2025-10-29 15:47:54', 'Nuevo', 0, 1, 39, 7, 4, 7);
INSERT INTO `tb_calzado` (id, created_at, estado, is_delete, is_enabled, stock, id_color, id_producto, id_talla) VALUES (2231, '2025-10-29 15:47:54', 'Nuevo', 0, 1, 9, 15, 51, 7);
INSERT INTO `tb_calzado` (id, created_at, estado, is_delete, is_enabled, stock, id_color, id_producto, id_talla) VALUES (2232, '2025-10-29 15:47:54', 'Nuevo', 0, 1, 23, 15, 153, 6);
INSERT INTO `tb_calzado` (id, created_at, estado, is_delete, is_enabled, stock, id_color, id_producto, id_talla) VALUES (2233, '2025-10-29 15:47:54', 'Nuevo', 0, 1, 43, 6, 178, 4);
INSERT INTO `tb_calzado` (id, created_at, estado, is_delete, is_enabled, stock, id_color, id_producto, id_talla) VALUES (2234, '2025-10-29 15:47:54', 'Nuevo', 0, 1, 12, 9, 71, 11);
INSERT INTO `tb_calzado` (id, created_at, estado, is_delete, is_enabled, stock, id_color, id_producto, id_talla) VALUES (2235, '2025-10-29 15:47:54', 'Nuevo', 0, 1, 31, 11, 25, 6);
INSERT INTO `tb_calzado` (id, created_at, estado, is_delete, is_enabled, stock, id_color, id_producto, id_talla) VALUES (2236, '2025-10-29 15:47:54', 'Nuevo', 0, 1, 22, 15, 200, 8);
INSERT INTO `tb_calzado` (id, created_at, estado, is_delete, is_enabled, stock, id_color, id_producto, id_talla) VALUES (2237, '2025-10-29 15:47:54', 'Nuevo', 0, 1, 26, 2, 34, 2);
INSERT INTO `tb_calzado` (id, created_at, estado, is_delete, is_enabled, stock, id_color, id_producto, id_talla) VALUES (2238, '2025-10-29 15:47:54', 'Nuevo', 0, 1, 19, 14, 69, 6);
INSERT INTO `tb_calzado` (id, created_at, estado, is_delete, is_enabled, stock, id_color, id_producto, id_talla) VALUES (2239, '2025-10-29 15:47:54', 'Nuevo', 0, 1, 48, 3, 18, 12);
INSERT INTO `tb_calzado` (id, created_at, estado, is_delete, is_enabled, stock, id_color, id_producto, id_talla) VALUES (2240, '2025-10-29 15:47:54', 'Nuevo', 0, 1, 8, 11, 166, 8);
INSERT INTO `tb_calzado` (id, created_at, estado, is_delete, is_enabled, stock, id_color, id_producto, id_talla) VALUES (2241, '2025-10-29 15:47:54', 'Nuevo', 0, 1, 42, 3, 13, 11);
INSERT INTO `tb_calzado` (id, created_at, estado, is_delete, is_enabled, stock, id_color, id_producto, id_talla) VALUES (2242, '2025-10-29 15:47:54', 'Nuevo', 0, 1, 31, 1, 148, 2);
INSERT INTO `tb_calzado` (id, created_at, estado, is_delete, is_enabled, stock, id_color, id_producto, id_talla) VALUES (2243, '2025-10-29 15:47:54', 'Nuevo', 0, 1, 28, 13, 120, 4);
INSERT INTO `tb_calzado` (id, created_at, estado, is_delete, is_enabled, stock, id_color, id_producto, id_talla) VALUES (2244, '2025-10-29 15:47:54', 'Nuevo', 0, 1, 50, 2, 91, 10);
INSERT INTO `tb_calzado` (id, created_at, estado, is_delete, is_enabled, stock, id_color, id_producto, id_talla) VALUES (2245, '2025-10-29 15:47:54', 'Nuevo', 0, 1, 32, 11, 128, 10);
INSERT INTO `tb_calzado` (id, created_at, estado, is_delete, is_enabled, stock, id_color, id_producto, id_talla) VALUES (2246, '2025-10-29 15:47:54', 'Nuevo', 0, 1, 47, 10, 66, 2);
INSERT INTO `tb_calzado` (id, created_at, estado, is_delete, is_enabled, stock, id_color, id_producto, id_talla) VALUES (2247, '2025-10-29 15:47:54', 'Nuevo', 0, 1, 23, 15, 12, 2);
INSERT INTO `tb_calzado` (id, created_at, estado, is_delete, is_enabled, stock, id_color, id_producto, id_talla) VALUES (2248, '2025-10-29 15:47:54', 'Nuevo', 0, 1, 24, 15, 129, 6);
INSERT INTO `tb_calzado` (id, created_at, estado, is_delete, is_enabled, stock, id_color, id_producto, id_talla) VALUES (2249, '2025-10-29 15:47:54', 'Nuevo', 0, 1, 34, 7, 189, 11);
INSERT INTO `tb_calzado` (id, created_at, estado, is_delete, is_enabled, stock, id_color, id_producto, id_talla) VALUES (2250, '2025-10-29 15:47:54', 'Nuevo', 0, 1, 32, 4, 74, 12);
INSERT INTO `tb_calzado` (id, created_at, estado, is_delete, is_enabled, stock, id_color, id_producto, id_talla) VALUES (2251, '2025-10-29 15:47:54', 'Nuevo', 0, 1, 26, 9, 99, 4);
INSERT INTO `tb_calzado` (id, created_at, estado, is_delete, is_enabled, stock, id_color, id_producto, id_talla) VALUES (2252, '2025-10-29 15:47:54', 'Nuevo', 0, 1, 43, 1, 1, 11);
INSERT INTO `tb_calzado` (id, created_at, estado, is_delete, is_enabled, stock, id_color, id_producto, id_talla) VALUES (2253, '2025-10-29 15:47:54', 'Nuevo', 0, 1, 14, 2, 78, 9);
INSERT INTO `tb_calzado` (id, created_at, estado, is_delete, is_enabled, stock, id_color, id_producto, id_talla) VALUES (2254, '2025-10-29 15:47:54', 'Nuevo', 0, 1, 29, 9, 198, 12);
INSERT INTO `tb_calzado` (id, created_at, estado, is_delete, is_enabled, stock, id_color, id_producto, id_talla) VALUES (2255, '2025-10-29 15:47:54', 'Nuevo', 0, 1, 42, 5, 16, 7);
INSERT INTO `tb_calzado` (id, created_at, estado, is_delete, is_enabled, stock, id_color, id_producto, id_talla) VALUES (2256, '2025-10-29 15:47:54', 'Nuevo', 0, 1, 8, 11, 98, 6);
INSERT INTO `tb_calzado` (id, created_at, estado, is_delete, is_enabled, stock, id_color, id_producto, id_talla) VALUES (2257, '2025-10-29 15:47:54', 'Nuevo', 0, 1, 35, 14, 38, 11);
INSERT INTO `tb_calzado` (id, created_at, estado, is_delete, is_enabled, stock, id_color, id_producto, id_talla) VALUES (2258, '2025-10-29 15:47:54', 'Nuevo', 0, 1, 20, 12, 68, 8);
INSERT INTO `tb_calzado` (id, created_at, estado, is_delete, is_enabled, stock, id_color, id_producto, id_talla) VALUES (2259, '2025-10-29 15:47:54', 'Nuevo', 0, 1, 32, 9, 128, 5);
INSERT INTO `tb_calzado` (id, created_at, estado, is_delete, is_enabled, stock, id_color, id_producto, id_talla) VALUES (2260, '2025-10-29 15:47:54', 'Nuevo', 0, 1, 34, 5, 185, 12);
INSERT INTO `tb_calzado` (id, created_at, estado, is_delete, is_enabled, stock, id_color, id_producto, id_talla) VALUES (2261, '2025-10-29 15:47:54', 'Nuevo', 0, 1, 21, 14, 177, 1);
INSERT INTO `tb_calzado` (id, created_at, estado, is_delete, is_enabled, stock, id_color, id_producto, id_talla) VALUES (2262, '2025-10-29 15:47:54', 'Nuevo', 0, 1, 11, 5, 196, 7);
INSERT INTO `tb_calzado` (id, created_at, estado, is_delete, is_enabled, stock, id_color, id_producto, id_talla) VALUES (2263, '2025-10-29 15:47:54', 'Nuevo', 0, 1, 43, 1, 189, 9);
INSERT INTO `tb_calzado` (id, created_at, estado, is_delete, is_enabled, stock, id_color, id_producto, id_talla) VALUES (2264, '2025-10-29 15:47:54', 'Nuevo', 0, 1, 32, 10, 93, 9);
INSERT INTO `tb_calzado` (id, created_at, estado, is_delete, is_enabled, stock, id_color, id_producto, id_talla) VALUES (2265, '2025-10-29 15:47:54', 'Nuevo', 0, 1, 50, 2, 67, 3);
INSERT INTO `tb_calzado` (id, created_at, estado, is_delete, is_enabled, stock, id_color, id_producto, id_talla) VALUES (2266, '2025-10-29 15:47:54', 'Nuevo', 0, 1, 18, 9, 56, 5);
INSERT INTO `tb_calzado` (id, created_at, estado, is_delete, is_enabled, stock, id_color, id_producto, id_talla) VALUES (2267, '2025-10-29 15:47:54', 'Nuevo', 0, 1, 21, 11, 200, 2);
INSERT INTO `tb_calzado` (id, created_at, estado, is_delete, is_enabled, stock, id_color, id_producto, id_talla) VALUES (2268, '2025-10-29 15:47:54', 'Nuevo', 0, 1, 24, 3, 94, 4);
INSERT INTO `tb_calzado` (id, created_at, estado, is_delete, is_enabled, stock, id_color, id_producto, id_talla) VALUES (2269, '2025-10-29 15:47:54', 'Nuevo', 0, 1, 12, 9, 169, 8);
INSERT INTO `tb_calzado` (id, created_at, estado, is_delete, is_enabled, stock, id_color, id_producto, id_talla) VALUES (2270, '2025-10-29 15:47:54', 'Nuevo', 0, 1, 15, 11, 177, 6);
INSERT INTO `tb_calzado` (id, created_at, estado, is_delete, is_enabled, stock, id_color, id_producto, id_talla) VALUES (2271, '2025-10-29 15:47:54', 'Nuevo', 0, 1, 23, 10, 52, 11);
INSERT INTO `tb_calzado` (id, created_at, estado, is_delete, is_enabled, stock, id_color, id_producto, id_talla) VALUES (2272, '2025-10-29 15:47:54', 'Nuevo', 0, 1, 40, 14, 67, 11);
INSERT INTO `tb_calzado` (id, created_at, estado, is_delete, is_enabled, stock, id_color, id_producto, id_talla) VALUES (2273, '2025-10-29 15:47:54', 'Nuevo', 0, 1, 30, 12, 174, 7);
INSERT INTO `tb_calzado` (id, created_at, estado, is_delete, is_enabled, stock, id_color, id_producto, id_talla) VALUES (2274, '2025-10-29 15:47:54', 'Nuevo', 0, 1, 38, 8, 189, 7);
INSERT INTO `tb_calzado` (id, created_at, estado, is_delete, is_enabled, stock, id_color, id_producto, id_talla) VALUES (2275, '2025-10-29 15:47:54', 'Nuevo', 0, 1, 6, 1, 115, 11);
INSERT INTO `tb_calzado` (id, created_at, estado, is_delete, is_enabled, stock, id_color, id_producto, id_talla) VALUES (2276, '2025-10-29 15:47:54', 'Nuevo', 0, 1, 49, 8, 85, 7);
INSERT INTO `tb_calzado` (id, created_at, estado, is_delete, is_enabled, stock, id_color, id_producto, id_talla) VALUES (2277, '2025-10-29 15:47:54', 'Nuevo', 0, 1, 25, 15, 68, 12);
INSERT INTO `tb_calzado` (id, created_at, estado, is_delete, is_enabled, stock, id_color, id_producto, id_talla) VALUES (2278, '2025-10-29 15:47:54', 'Nuevo', 0, 1, 25, 15, 33, 10);
INSERT INTO `tb_calzado` (id, created_at, estado, is_delete, is_enabled, stock, id_color, id_producto, id_talla) VALUES (2279, '2025-10-29 15:47:54', 'Nuevo', 0, 1, 41, 13, 3, 5);
INSERT INTO `tb_calzado` (id, created_at, estado, is_delete, is_enabled, stock, id_color, id_producto, id_talla) VALUES (2280, '2025-10-29 15:47:54', 'Nuevo', 0, 1, 11, 1, 142, 2);
INSERT INTO `tb_calzado` (id, created_at, estado, is_delete, is_enabled, stock, id_color, id_producto, id_talla) VALUES (2281, '2025-10-29 15:47:54', 'Nuevo', 0, 1, 20, 13, 127, 10);
INSERT INTO `tb_calzado` (id, created_at, estado, is_delete, is_enabled, stock, id_color, id_producto, id_talla) VALUES (2282, '2025-10-29 15:47:54', 'Nuevo', 0, 1, 17, 8, 160, 11);
INSERT INTO `tb_calzado` (id, created_at, estado, is_delete, is_enabled, stock, id_color, id_producto, id_talla) VALUES (2283, '2025-10-29 15:47:54', 'Nuevo', 0, 1, 44, 11, 149, 3);
INSERT INTO `tb_calzado` (id, created_at, estado, is_delete, is_enabled, stock, id_color, id_producto, id_talla) VALUES (2284, '2025-10-29 15:47:54', 'Nuevo', 0, 1, 32, 14, 182, 3);
INSERT INTO `tb_calzado` (id, created_at, estado, is_delete, is_enabled, stock, id_color, id_producto, id_talla) VALUES (2285, '2025-10-29 15:47:54', 'Nuevo', 0, 1, 22, 12, 137, 8);
INSERT INTO `tb_calzado` (id, created_at, estado, is_delete, is_enabled, stock, id_color, id_producto, id_talla) VALUES (2286, '2025-10-29 15:47:54', 'Nuevo', 0, 1, 45, 13, 60, 2);
INSERT INTO `tb_calzado` (id, created_at, estado, is_delete, is_enabled, stock, id_color, id_producto, id_talla) VALUES (2287, '2025-10-29 15:47:54', 'Nuevo', 0, 1, 45, 12, 178, 6);
INSERT INTO `tb_calzado` (id, created_at, estado, is_delete, is_enabled, stock, id_color, id_producto, id_talla) VALUES (2288, '2025-10-29 15:47:54', 'Nuevo', 0, 1, 29, 12, 92, 2);
INSERT INTO `tb_calzado` (id, created_at, estado, is_delete, is_enabled, stock, id_color, id_producto, id_talla) VALUES (2289, '2025-10-29 15:47:54', 'Nuevo', 0, 1, 5, 7, 43, 1);
INSERT INTO `tb_calzado` (id, created_at, estado, is_delete, is_enabled, stock, id_color, id_producto, id_talla) VALUES (2290, '2025-10-29 15:47:54', 'Nuevo', 0, 1, 14, 4, 165, 10);
INSERT INTO `tb_calzado` (id, created_at, estado, is_delete, is_enabled, stock, id_color, id_producto, id_talla) VALUES (2291, '2025-10-29 15:47:54', 'Nuevo', 0, 1, 28, 11, 152, 1);
INSERT INTO `tb_calzado` (id, created_at, estado, is_delete, is_enabled, stock, id_color, id_producto, id_talla) VALUES (2292, '2025-10-29 15:47:54', 'Nuevo', 0, 1, 6, 11, 53, 10);
INSERT INTO `tb_calzado` (id, created_at, estado, is_delete, is_enabled, stock, id_color, id_producto, id_talla) VALUES (2293, '2025-10-29 15:47:54', 'Nuevo', 0, 1, 14, 8, 168, 7);
INSERT INTO `tb_calzado` (id, created_at, estado, is_delete, is_enabled, stock, id_color, id_producto, id_talla) VALUES (2294, '2025-10-29 15:47:54', 'Nuevo', 0, 1, 42, 13, 137, 6);
INSERT INTO `tb_calzado` (id, created_at, estado, is_delete, is_enabled, stock, id_color, id_producto, id_talla) VALUES (2295, '2025-10-29 15:47:54', 'Nuevo', 0, 1, 11, 7, 132, 4);
INSERT INTO `tb_calzado` (id, created_at, estado, is_delete, is_enabled, stock, id_color, id_producto, id_talla) VALUES (2296, '2025-10-29 15:47:54', 'Nuevo', 0, 1, 39, 10, 69, 4);
INSERT INTO `tb_calzado` (id, created_at, estado, is_delete, is_enabled, stock, id_color, id_producto, id_talla) VALUES (2297, '2025-10-29 15:47:54', 'Nuevo', 0, 1, 28, 2, 197, 11);
INSERT INTO `tb_calzado` (id, created_at, estado, is_delete, is_enabled, stock, id_color, id_producto, id_talla) VALUES (2298, '2025-10-29 15:47:54', 'Nuevo', 0, 1, 31, 2, 40, 11);
INSERT INTO `tb_calzado` (id, created_at, estado, is_delete, is_enabled, stock, id_color, id_producto, id_talla) VALUES (2299, '2025-10-29 15:47:54', 'Nuevo', 0, 1, 45, 12, 151, 12);
INSERT INTO `tb_calzado` (id, created_at, estado, is_delete, is_enabled, stock, id_color, id_producto, id_talla) VALUES (2300, '2025-10-29 15:47:54', 'Nuevo', 0, 1, 43, 3, 162, 4);
INSERT INTO `tb_calzado` (id, created_at, estado, is_delete, is_enabled, stock, id_color, id_producto, id_talla) VALUES (2301, '2025-10-29 15:47:54', 'Nuevo', 0, 1, 10, 11, 75, 10);
INSERT INTO `tb_calzado` (id, created_at, estado, is_delete, is_enabled, stock, id_color, id_producto, id_talla) VALUES (2302, '2025-10-29 15:47:54', 'Nuevo', 0, 1, 27, 1, 73, 3);
INSERT INTO `tb_calzado` (id, created_at, estado, is_delete, is_enabled, stock, id_color, id_producto, id_talla) VALUES (2303, '2025-10-29 15:47:54', 'Nuevo', 0, 1, 32, 5, 5, 11);
INSERT INTO `tb_calzado` (id, created_at, estado, is_delete, is_enabled, stock, id_color, id_producto, id_talla) VALUES (2304, '2025-10-29 15:47:54', 'Nuevo', 0, 1, 28, 10, 171, 1);
INSERT INTO `tb_calzado` (id, created_at, estado, is_delete, is_enabled, stock, id_color, id_producto, id_talla) VALUES (2305, '2025-10-29 15:47:54', 'Nuevo', 0, 1, 26, 15, 154, 5);
INSERT INTO `tb_calzado` (id, created_at, estado, is_delete, is_enabled, stock, id_color, id_producto, id_talla) VALUES (2306, '2025-10-29 15:47:54', 'Nuevo', 0, 1, 7, 11, 41, 2);
INSERT INTO `tb_calzado` (id, created_at, estado, is_delete, is_enabled, stock, id_color, id_producto, id_talla) VALUES (2307, '2025-10-29 15:47:54', 'Nuevo', 0, 1, 49, 12, 93, 7);
INSERT INTO `tb_calzado` (id, created_at, estado, is_delete, is_enabled, stock, id_color, id_producto, id_talla) VALUES (2308, '2025-10-29 15:47:54', 'Nuevo', 0, 1, 25, 14, 174, 7);
INSERT INTO `tb_calzado` (id, created_at, estado, is_delete, is_enabled, stock, id_color, id_producto, id_talla) VALUES (2309, '2025-10-29 15:47:54', 'Nuevo', 0, 1, 7, 2, 75, 1);
INSERT INTO `tb_calzado` (id, created_at, estado, is_delete, is_enabled, stock, id_color, id_producto, id_talla) VALUES (2310, '2025-10-29 15:47:54', 'Nuevo', 0, 1, 8, 10, 117, 7);
INSERT INTO `tb_calzado` (id, created_at, estado, is_delete, is_enabled, stock, id_color, id_producto, id_talla) VALUES (2311, '2025-10-29 15:47:54', 'Nuevo', 0, 1, 8, 5, 141, 2);
INSERT INTO `tb_calzado` (id, created_at, estado, is_delete, is_enabled, stock, id_color, id_producto, id_talla) VALUES (2312, '2025-10-29 15:47:54', 'Nuevo', 0, 1, 40, 8, 116, 4);
INSERT INTO `tb_calzado` (id, created_at, estado, is_delete, is_enabled, stock, id_color, id_producto, id_talla) VALUES (2313, '2025-10-29 15:47:54', 'Nuevo', 0, 1, 25, 12, 198, 7);
INSERT INTO `tb_calzado` (id, created_at, estado, is_delete, is_enabled, stock, id_color, id_producto, id_talla) VALUES (2314, '2025-10-29 15:47:54', 'Nuevo', 0, 1, 41, 4, 98, 8);
INSERT INTO `tb_calzado` (id, created_at, estado, is_delete, is_enabled, stock, id_color, id_producto, id_talla) VALUES (2315, '2025-10-29 15:47:54', 'Nuevo', 0, 1, 22, 11, 56, 9);
INSERT INTO `tb_calzado` (id, created_at, estado, is_delete, is_enabled, stock, id_color, id_producto, id_talla) VALUES (2316, '2025-10-29 15:47:54', 'Nuevo', 0, 1, 27, 13, 144, 4);
INSERT INTO `tb_calzado` (id, created_at, estado, is_delete, is_enabled, stock, id_color, id_producto, id_talla) VALUES (2317, '2025-10-29 15:47:54', 'Nuevo', 0, 1, 47, 5, 23, 5);
INSERT INTO `tb_calzado` (id, created_at, estado, is_delete, is_enabled, stock, id_color, id_producto, id_talla) VALUES (2318, '2025-10-29 15:47:54', 'Nuevo', 0, 1, 31, 5, 157, 11);
INSERT INTO `tb_calzado` (id, created_at, estado, is_delete, is_enabled, stock, id_color, id_producto, id_talla) VALUES (2319, '2025-10-29 15:47:54', 'Nuevo', 0, 1, 26, 3, 157, 5);
INSERT INTO `tb_calzado` (id, created_at, estado, is_delete, is_enabled, stock, id_color, id_producto, id_talla) VALUES (2320, '2025-10-29 15:47:54', 'Nuevo', 0, 1, 46, 7, 138, 2);
INSERT INTO `tb_calzado` (id, created_at, estado, is_delete, is_enabled, stock, id_color, id_producto, id_talla) VALUES (2321, '2025-10-29 15:47:54', 'Nuevo', 0, 1, 36, 12, 66, 11);
INSERT INTO `tb_calzado` (id, created_at, estado, is_delete, is_enabled, stock, id_color, id_producto, id_talla) VALUES (2322, '2025-10-29 15:47:54', 'Nuevo', 0, 1, 46, 13, 195, 8);
INSERT INTO `tb_calzado` (id, created_at, estado, is_delete, is_enabled, stock, id_color, id_producto, id_talla) VALUES (2323, '2025-10-29 15:47:54', 'Nuevo', 0, 1, 25, 2, 74, 9);
INSERT INTO `tb_calzado` (id, created_at, estado, is_delete, is_enabled, stock, id_color, id_producto, id_talla) VALUES (2324, '2025-10-29 15:47:54', 'Nuevo', 0, 1, 48, 14, 97, 12);
INSERT INTO `tb_calzado` (id, created_at, estado, is_delete, is_enabled, stock, id_color, id_producto, id_talla) VALUES (2325, '2025-10-29 15:47:54', 'Nuevo', 0, 1, 49, 6, 172, 12);
INSERT INTO `tb_calzado` (id, created_at, estado, is_delete, is_enabled, stock, id_color, id_producto, id_talla) VALUES (2326, '2025-10-29 15:47:54', 'Nuevo', 0, 1, 42, 5, 75, 8);
INSERT INTO `tb_calzado` (id, created_at, estado, is_delete, is_enabled, stock, id_color, id_producto, id_talla) VALUES (2327, '2025-10-29 15:47:54', 'Nuevo', 0, 1, 28, 13, 70, 6);
INSERT INTO `tb_calzado` (id, created_at, estado, is_delete, is_enabled, stock, id_color, id_producto, id_talla) VALUES (2328, '2025-10-29 15:47:54', 'Nuevo', 0, 1, 33, 8, 43, 6);
INSERT INTO `tb_calzado` (id, created_at, estado, is_delete, is_enabled, stock, id_color, id_producto, id_talla) VALUES (2329, '2025-10-29 15:47:54', 'Nuevo', 0, 1, 29, 2, 70, 3);
INSERT INTO `tb_calzado` (id, created_at, estado, is_delete, is_enabled, stock, id_color, id_producto, id_talla) VALUES (2330, '2025-10-29 15:47:54', 'Nuevo', 0, 1, 37, 13, 5, 11);
INSERT INTO `tb_calzado` (id, created_at, estado, is_delete, is_enabled, stock, id_color, id_producto, id_talla) VALUES (2331, '2025-10-29 15:47:54', 'Nuevo', 0, 1, 16, 5, 7, 3);
INSERT INTO `tb_calzado` (id, created_at, estado, is_delete, is_enabled, stock, id_color, id_producto, id_talla) VALUES (2332, '2025-10-29 15:47:54', 'Nuevo', 0, 1, 12, 13, 78, 1);
INSERT INTO `tb_calzado` (id, created_at, estado, is_delete, is_enabled, stock, id_color, id_producto, id_talla) VALUES (2333, '2025-10-29 15:47:54', 'Nuevo', 0, 1, 33, 10, 107, 1);
INSERT INTO `tb_calzado` (id, created_at, estado, is_delete, is_enabled, stock, id_color, id_producto, id_talla) VALUES (2334, '2025-10-29 15:47:54', 'Nuevo', 0, 1, 42, 3, 14, 7);
INSERT INTO `tb_calzado` (id, created_at, estado, is_delete, is_enabled, stock, id_color, id_producto, id_talla) VALUES (2335, '2025-10-29 15:47:54', 'Nuevo', 0, 1, 39, 3, 56, 9);
INSERT INTO `tb_calzado` (id, created_at, estado, is_delete, is_enabled, stock, id_color, id_producto, id_talla) VALUES (2336, '2025-10-29 15:47:54', 'Nuevo', 0, 1, 32, 11, 21, 6);
INSERT INTO `tb_calzado` (id, created_at, estado, is_delete, is_enabled, stock, id_color, id_producto, id_talla) VALUES (2337, '2025-10-29 15:47:54', 'Nuevo', 0, 1, 38, 13, 66, 7);
INSERT INTO `tb_calzado` (id, created_at, estado, is_delete, is_enabled, stock, id_color, id_producto, id_talla) VALUES (2338, '2025-10-29 15:47:54', 'Nuevo', 0, 1, 35, 10, 183, 8);
INSERT INTO `tb_calzado` (id, created_at, estado, is_delete, is_enabled, stock, id_color, id_producto, id_talla) VALUES (2339, '2025-10-29 15:47:54', 'Nuevo', 0, 1, 11, 4, 90, 2);
INSERT INTO `tb_calzado` (id, created_at, estado, is_delete, is_enabled, stock, id_color, id_producto, id_talla) VALUES (2340, '2025-10-29 15:47:54', 'Nuevo', 0, 1, 11, 2, 27, 11);
INSERT INTO `tb_calzado` (id, created_at, estado, is_delete, is_enabled, stock, id_color, id_producto, id_talla) VALUES (2341, '2025-10-29 15:47:54', 'Nuevo', 0, 1, 34, 1, 135, 7);
INSERT INTO `tb_calzado` (id, created_at, estado, is_delete, is_enabled, stock, id_color, id_producto, id_talla) VALUES (2342, '2025-10-29 15:47:54', 'Nuevo', 0, 1, 9, 13, 151, 3);
INSERT INTO `tb_calzado` (id, created_at, estado, is_delete, is_enabled, stock, id_color, id_producto, id_talla) VALUES (2343, '2025-10-29 15:47:54', 'Nuevo', 0, 1, 17, 15, 115, 4);
INSERT INTO `tb_calzado` (id, created_at, estado, is_delete, is_enabled, stock, id_color, id_producto, id_talla) VALUES (2344, '2025-10-29 15:47:54', 'Nuevo', 0, 1, 42, 15, 117, 5);
INSERT INTO `tb_calzado` (id, created_at, estado, is_delete, is_enabled, stock, id_color, id_producto, id_talla) VALUES (2345, '2025-10-29 15:47:54', 'Nuevo', 0, 1, 11, 4, 122, 1);
INSERT INTO `tb_calzado` (id, created_at, estado, is_delete, is_enabled, stock, id_color, id_producto, id_talla) VALUES (2346, '2025-10-29 15:47:54', 'Nuevo', 0, 1, 40, 5, 10, 4);
INSERT INTO `tb_calzado` (id, created_at, estado, is_delete, is_enabled, stock, id_color, id_producto, id_talla) VALUES (2347, '2025-10-29 15:47:54', 'Nuevo', 0, 1, 38, 8, 77, 9);
INSERT INTO `tb_calzado` (id, created_at, estado, is_delete, is_enabled, stock, id_color, id_producto, id_talla) VALUES (2348, '2025-10-29 15:47:54', 'Nuevo', 0, 1, 35, 6, 200, 8);
INSERT INTO `tb_calzado` (id, created_at, estado, is_delete, is_enabled, stock, id_color, id_producto, id_talla) VALUES (2349, '2025-10-29 15:47:54', 'Nuevo', 0, 1, 21, 2, 27, 12);
INSERT INTO `tb_calzado` (id, created_at, estado, is_delete, is_enabled, stock, id_color, id_producto, id_talla) VALUES (2350, '2025-10-29 15:47:54', 'Nuevo', 0, 1, 36, 8, 56, 1);
INSERT INTO `tb_calzado` (id, created_at, estado, is_delete, is_enabled, stock, id_color, id_producto, id_talla) VALUES (2351, '2025-10-29 15:47:54', 'Nuevo', 0, 1, 47, 14, 62, 10);
INSERT INTO `tb_calzado` (id, created_at, estado, is_delete, is_enabled, stock, id_color, id_producto, id_talla) VALUES (2352, '2025-10-29 15:47:54', 'Nuevo', 0, 1, 5, 1, 108, 9);
INSERT INTO `tb_calzado` (id, created_at, estado, is_delete, is_enabled, stock, id_color, id_producto, id_talla) VALUES (2353, '2025-10-29 15:47:54', 'Nuevo', 0, 1, 35, 4, 191, 12);
INSERT INTO `tb_calzado` (id, created_at, estado, is_delete, is_enabled, stock, id_color, id_producto, id_talla) VALUES (2354, '2025-10-29 15:47:54', 'Nuevo', 0, 1, 31, 1, 18, 5);
INSERT INTO `tb_calzado` (id, created_at, estado, is_delete, is_enabled, stock, id_color, id_producto, id_talla) VALUES (2355, '2025-10-29 15:47:54', 'Nuevo', 0, 1, 32, 8, 199, 8);
INSERT INTO `tb_calzado` (id, created_at, estado, is_delete, is_enabled, stock, id_color, id_producto, id_talla) VALUES (2356, '2025-10-29 15:47:54', 'Nuevo', 0, 1, 30, 7, 114, 9);
INSERT INTO `tb_calzado` (id, created_at, estado, is_delete, is_enabled, stock, id_color, id_producto, id_talla) VALUES (2357, '2025-10-29 15:47:54', 'Nuevo', 0, 1, 24, 15, 121, 9);
INSERT INTO `tb_calzado` (id, created_at, estado, is_delete, is_enabled, stock, id_color, id_producto, id_talla) VALUES (2358, '2025-10-29 15:47:54', 'Nuevo', 0, 1, 32, 6, 81, 12);
INSERT INTO `tb_calzado` (id, created_at, estado, is_delete, is_enabled, stock, id_color, id_producto, id_talla) VALUES (2359, '2025-10-29 15:47:54', 'Nuevo', 0, 1, 32, 6, 171, 12);
INSERT INTO `tb_calzado` (id, created_at, estado, is_delete, is_enabled, stock, id_color, id_producto, id_talla) VALUES (2360, '2025-10-29 15:47:54', 'Nuevo', 0, 1, 20, 7, 154, 1);
INSERT INTO `tb_calzado` (id, created_at, estado, is_delete, is_enabled, stock, id_color, id_producto, id_talla) VALUES (2361, '2025-10-29 15:47:54', 'Nuevo', 0, 1, 33, 13, 155, 7);
INSERT INTO `tb_calzado` (id, created_at, estado, is_delete, is_enabled, stock, id_color, id_producto, id_talla) VALUES (2362, '2025-10-29 15:47:54', 'Nuevo', 0, 1, 28, 13, 105, 4);
INSERT INTO `tb_calzado` (id, created_at, estado, is_delete, is_enabled, stock, id_color, id_producto, id_talla) VALUES (2363, '2025-10-29 15:47:54', 'Nuevo', 0, 1, 43, 1, 101, 1);
INSERT INTO `tb_calzado` (id, created_at, estado, is_delete, is_enabled, stock, id_color, id_producto, id_talla) VALUES (2364, '2025-10-29 15:47:54', 'Nuevo', 0, 1, 32, 3, 40, 10);
INSERT INTO `tb_calzado` (id, created_at, estado, is_delete, is_enabled, stock, id_color, id_producto, id_talla) VALUES (2365, '2025-10-29 15:47:54', 'Nuevo', 0, 1, 13, 5, 109, 11);
INSERT INTO `tb_calzado` (id, created_at, estado, is_delete, is_enabled, stock, id_color, id_producto, id_talla) VALUES (2366, '2025-10-29 15:47:54', 'Nuevo', 0, 1, 19, 6, 20, 5);
INSERT INTO `tb_calzado` (id, created_at, estado, is_delete, is_enabled, stock, id_color, id_producto, id_talla) VALUES (2367, '2025-10-29 15:47:54', 'Nuevo', 0, 1, 26, 10, 183, 1);
INSERT INTO `tb_calzado` (id, created_at, estado, is_delete, is_enabled, stock, id_color, id_producto, id_talla) VALUES (2368, '2025-10-29 15:47:54', 'Nuevo', 0, 1, 49, 5, 101, 9);
INSERT INTO `tb_calzado` (id, created_at, estado, is_delete, is_enabled, stock, id_color, id_producto, id_talla) VALUES (2369, '2025-10-29 15:47:54', 'Nuevo', 0, 1, 20, 14, 55, 8);
INSERT INTO `tb_calzado` (id, created_at, estado, is_delete, is_enabled, stock, id_color, id_producto, id_talla) VALUES (2370, '2025-10-29 15:47:54', 'Nuevo', 0, 1, 38, 12, 115, 12);
INSERT INTO `tb_calzado` (id, created_at, estado, is_delete, is_enabled, stock, id_color, id_producto, id_talla) VALUES (2371, '2025-10-29 15:47:54', 'Nuevo', 0, 1, 36, 11, 128, 5);
INSERT INTO `tb_calzado` (id, created_at, estado, is_delete, is_enabled, stock, id_color, id_producto, id_talla) VALUES (2372, '2025-10-29 15:47:54', 'Nuevo', 0, 1, 18, 1, 118, 4);
INSERT INTO `tb_calzado` (id, created_at, estado, is_delete, is_enabled, stock, id_color, id_producto, id_talla) VALUES (2373, '2025-10-29 15:47:54', 'Nuevo', 0, 1, 36, 4, 181, 3);
INSERT INTO `tb_calzado` (id, created_at, estado, is_delete, is_enabled, stock, id_color, id_producto, id_talla) VALUES (2374, '2025-10-29 15:47:54', 'Nuevo', 0, 1, 21, 11, 75, 3);
INSERT INTO `tb_calzado` (id, created_at, estado, is_delete, is_enabled, stock, id_color, id_producto, id_talla) VALUES (2375, '2025-10-29 15:47:54', 'Nuevo', 0, 1, 34, 2, 151, 8);
INSERT INTO `tb_calzado` (id, created_at, estado, is_delete, is_enabled, stock, id_color, id_producto, id_talla) VALUES (2376, '2025-10-29 15:47:54', 'Nuevo', 0, 1, 26, 2, 185, 9);
INSERT INTO `tb_calzado` (id, created_at, estado, is_delete, is_enabled, stock, id_color, id_producto, id_talla) VALUES (2377, '2025-10-29 15:47:54', 'Nuevo', 0, 1, 10, 3, 134, 7);
INSERT INTO `tb_calzado` (id, created_at, estado, is_delete, is_enabled, stock, id_color, id_producto, id_talla) VALUES (2378, '2025-10-29 15:47:54', 'Nuevo', 0, 1, 7, 10, 172, 9);
INSERT INTO `tb_calzado` (id, created_at, estado, is_delete, is_enabled, stock, id_color, id_producto, id_talla) VALUES (2379, '2025-10-29 15:47:54', 'Nuevo', 0, 1, 22, 3, 91, 10);
INSERT INTO `tb_calzado` (id, created_at, estado, is_delete, is_enabled, stock, id_color, id_producto, id_talla) VALUES (2380, '2025-10-29 15:47:54', 'Nuevo', 0, 1, 44, 1, 56, 8);
INSERT INTO `tb_calzado` (id, created_at, estado, is_delete, is_enabled, stock, id_color, id_producto, id_talla) VALUES (2381, '2025-10-29 15:47:54', 'Nuevo', 0, 1, 50, 2, 45, 11);
INSERT INTO `tb_calzado` (id, created_at, estado, is_delete, is_enabled, stock, id_color, id_producto, id_talla) VALUES (2382, '2025-10-29 15:47:54', 'Nuevo', 0, 1, 45, 10, 25, 4);
INSERT INTO `tb_calzado` (id, created_at, estado, is_delete, is_enabled, stock, id_color, id_producto, id_talla) VALUES (2383, '2025-10-29 15:47:54', 'Nuevo', 0, 1, 8, 8, 68, 7);
INSERT INTO `tb_calzado` (id, created_at, estado, is_delete, is_enabled, stock, id_color, id_producto, id_talla) VALUES (2384, '2025-10-29 15:47:54', 'Nuevo', 0, 1, 13, 3, 108, 2);
INSERT INTO `tb_calzado` (id, created_at, estado, is_delete, is_enabled, stock, id_color, id_producto, id_talla) VALUES (2385, '2025-10-29 15:47:54', 'Nuevo', 0, 1, 49, 6, 153, 5);
INSERT INTO `tb_calzado` (id, created_at, estado, is_delete, is_enabled, stock, id_color, id_producto, id_talla) VALUES (2386, '2025-10-29 15:47:54', 'Nuevo', 0, 1, 40, 7, 7, 11);
INSERT INTO `tb_calzado` (id, created_at, estado, is_delete, is_enabled, stock, id_color, id_producto, id_talla) VALUES (2387, '2025-10-29 15:47:54', 'Nuevo', 0, 1, 37, 4, 12, 10);
INSERT INTO `tb_calzado` (id, created_at, estado, is_delete, is_enabled, stock, id_color, id_producto, id_talla) VALUES (2388, '2025-10-29 15:47:54', 'Nuevo', 0, 1, 39, 11, 36, 1);
INSERT INTO `tb_calzado` (id, created_at, estado, is_delete, is_enabled, stock, id_color, id_producto, id_talla) VALUES (2389, '2025-10-29 15:47:54', 'Nuevo', 0, 1, 36, 14, 67, 10);
INSERT INTO `tb_calzado` (id, created_at, estado, is_delete, is_enabled, stock, id_color, id_producto, id_talla) VALUES (2390, '2025-10-29 15:47:54', 'Nuevo', 0, 1, 47, 1, 19, 2);
INSERT INTO `tb_calzado` (id, created_at, estado, is_delete, is_enabled, stock, id_color, id_producto, id_talla) VALUES (2391, '2025-10-29 15:47:54', 'Nuevo', 0, 1, 46, 1, 68, 7);
INSERT INTO `tb_calzado` (id, created_at, estado, is_delete, is_enabled, stock, id_color, id_producto, id_talla) VALUES (2392, '2025-10-29 15:47:54', 'Nuevo', 0, 1, 23, 5, 5, 12);
INSERT INTO `tb_calzado` (id, created_at, estado, is_delete, is_enabled, stock, id_color, id_producto, id_talla) VALUES (2393, '2025-10-29 15:47:54', 'Nuevo', 0, 1, 34, 3, 89, 2);
INSERT INTO `tb_calzado` (id, created_at, estado, is_delete, is_enabled, stock, id_color, id_producto, id_talla) VALUES (2394, '2025-10-29 15:47:54', 'Nuevo', 0, 1, 8, 9, 180, 8);
INSERT INTO `tb_calzado` (id, created_at, estado, is_delete, is_enabled, stock, id_color, id_producto, id_talla) VALUES (2395, '2025-10-29 15:47:54', 'Nuevo', 0, 1, 22, 13, 159, 11);
INSERT INTO `tb_calzado` (id, created_at, estado, is_delete, is_enabled, stock, id_color, id_producto, id_talla) VALUES (2396, '2025-10-29 15:47:54', 'Nuevo', 0, 1, 9, 10, 87, 10);
INSERT INTO `tb_calzado` (id, created_at, estado, is_delete, is_enabled, stock, id_color, id_producto, id_talla) VALUES (2397, '2025-10-29 15:47:54', 'Nuevo', 0, 1, 8, 6, 56, 12);
INSERT INTO `tb_calzado` (id, created_at, estado, is_delete, is_enabled, stock, id_color, id_producto, id_talla) VALUES (2398, '2025-10-29 15:47:54', 'Nuevo', 0, 1, 28, 2, 87, 7);
INSERT INTO `tb_calzado` (id, created_at, estado, is_delete, is_enabled, stock, id_color, id_producto, id_talla) VALUES (2399, '2025-10-29 15:47:54', 'Nuevo', 0, 1, 21, 4, 32, 3);
INSERT INTO `tb_calzado` (id, created_at, estado, is_delete, is_enabled, stock, id_color, id_producto, id_talla) VALUES (2400, '2025-10-29 15:47:54', 'Nuevo', 0, 1, 31, 4, 158, 10);
INSERT INTO `tb_calzado` (id, created_at, estado, is_delete, is_enabled, stock, id_color, id_producto, id_talla) VALUES (2401, '2025-10-29 15:47:54', 'Nuevo', 0, 1, 47, 12, 142, 9);
INSERT INTO `tb_calzado` (id, created_at, estado, is_delete, is_enabled, stock, id_color, id_producto, id_talla) VALUES (2402, '2025-10-29 15:47:54', 'Nuevo', 0, 1, 36, 15, 26, 2);
INSERT INTO `tb_calzado` (id, created_at, estado, is_delete, is_enabled, stock, id_color, id_producto, id_talla) VALUES (2403, '2025-10-29 15:47:54', 'Nuevo', 0, 1, 37, 4, 112, 4);
INSERT INTO `tb_calzado` (id, created_at, estado, is_delete, is_enabled, stock, id_color, id_producto, id_talla) VALUES (2404, '2025-10-29 15:47:54', 'Nuevo', 0, 1, 17, 8, 35, 2);
INSERT INTO `tb_calzado` (id, created_at, estado, is_delete, is_enabled, stock, id_color, id_producto, id_talla) VALUES (2405, '2025-10-29 15:47:54', 'Nuevo', 0, 1, 49, 5, 20, 4);
INSERT INTO `tb_calzado` (id, created_at, estado, is_delete, is_enabled, stock, id_color, id_producto, id_talla) VALUES (2406, '2025-10-29 15:47:54', 'Nuevo', 0, 1, 34, 7, 144, 9);
INSERT INTO `tb_calzado` (id, created_at, estado, is_delete, is_enabled, stock, id_color, id_producto, id_talla) VALUES (2407, '2025-10-29 15:47:54', 'Nuevo', 0, 1, 43, 12, 52, 2);
INSERT INTO `tb_calzado` (id, created_at, estado, is_delete, is_enabled, stock, id_color, id_producto, id_talla) VALUES (2408, '2025-10-29 15:47:54', 'Nuevo', 0, 1, 27, 6, 71, 12);
INSERT INTO `tb_calzado` (id, created_at, estado, is_delete, is_enabled, stock, id_color, id_producto, id_talla) VALUES (2409, '2025-10-29 15:47:54', 'Nuevo', 0, 1, 7, 5, 31, 3);
INSERT INTO `tb_calzado` (id, created_at, estado, is_delete, is_enabled, stock, id_color, id_producto, id_talla) VALUES (2410, '2025-10-29 15:47:54', 'Nuevo', 0, 1, 37, 9, 48, 8);
INSERT INTO `tb_calzado` (id, created_at, estado, is_delete, is_enabled, stock, id_color, id_producto, id_talla) VALUES (2411, '2025-10-29 15:47:54', 'Nuevo', 0, 1, 30, 5, 62, 5);
INSERT INTO `tb_calzado` (id, created_at, estado, is_delete, is_enabled, stock, id_color, id_producto, id_talla) VALUES (2412, '2025-10-29 15:47:54', 'Nuevo', 0, 1, 19, 8, 195, 11);
INSERT INTO `tb_calzado` (id, created_at, estado, is_delete, is_enabled, stock, id_color, id_producto, id_talla) VALUES (2413, '2025-10-29 15:47:54', 'Nuevo', 0, 1, 11, 2, 16, 5);
INSERT INTO `tb_calzado` (id, created_at, estado, is_delete, is_enabled, stock, id_color, id_producto, id_talla) VALUES (2414, '2025-10-29 15:47:54', 'Nuevo', 0, 1, 49, 15, 36, 4);
INSERT INTO `tb_calzado` (id, created_at, estado, is_delete, is_enabled, stock, id_color, id_producto, id_talla) VALUES (2415, '2025-10-29 15:47:54', 'Nuevo', 0, 1, 22, 14, 40, 8);
INSERT INTO `tb_calzado` (id, created_at, estado, is_delete, is_enabled, stock, id_color, id_producto, id_talla) VALUES (2416, '2025-10-29 15:47:54', 'Nuevo', 0, 1, 11, 13, 179, 1);
INSERT INTO `tb_calzado` (id, created_at, estado, is_delete, is_enabled, stock, id_color, id_producto, id_talla) VALUES (2417, '2025-10-29 15:47:54', 'Nuevo', 0, 1, 13, 2, 9, 9);
INSERT INTO `tb_calzado` (id, created_at, estado, is_delete, is_enabled, stock, id_color, id_producto, id_talla) VALUES (2418, '2025-10-29 15:47:54', 'Nuevo', 0, 1, 9, 9, 40, 8);
INSERT INTO `tb_calzado` (id, created_at, estado, is_delete, is_enabled, stock, id_color, id_producto, id_talla) VALUES (2419, '2025-10-29 15:47:54', 'Nuevo', 0, 1, 16, 2, 137, 5);
INSERT INTO `tb_calzado` (id, created_at, estado, is_delete, is_enabled, stock, id_color, id_producto, id_talla) VALUES (2420, '2025-10-29 15:47:54', 'Nuevo', 0, 1, 22, 5, 63, 4);
INSERT INTO `tb_calzado` (id, created_at, estado, is_delete, is_enabled, stock, id_color, id_producto, id_talla) VALUES (2421, '2025-10-29 15:47:54', 'Nuevo', 0, 1, 48, 5, 79, 2);
INSERT INTO `tb_calzado` (id, created_at, estado, is_delete, is_enabled, stock, id_color, id_producto, id_talla) VALUES (2422, '2025-10-29 15:47:54', 'Nuevo', 0, 1, 28, 6, 107, 3);
INSERT INTO `tb_calzado` (id, created_at, estado, is_delete, is_enabled, stock, id_color, id_producto, id_talla) VALUES (2423, '2025-10-29 15:47:54', 'Nuevo', 0, 1, 36, 11, 22, 11);
INSERT INTO `tb_calzado` (id, created_at, estado, is_delete, is_enabled, stock, id_color, id_producto, id_talla) VALUES (2424, '2025-10-29 15:47:54', 'Nuevo', 0, 1, 42, 15, 188, 12);
INSERT INTO `tb_calzado` (id, created_at, estado, is_delete, is_enabled, stock, id_color, id_producto, id_talla) VALUES (2425, '2025-10-29 15:47:54', 'Nuevo', 0, 1, 14, 8, 147, 9);
INSERT INTO `tb_calzado` (id, created_at, estado, is_delete, is_enabled, stock, id_color, id_producto, id_talla) VALUES (2426, '2025-10-29 15:47:54', 'Nuevo', 0, 1, 18, 4, 55, 5);
INSERT INTO `tb_calzado` (id, created_at, estado, is_delete, is_enabled, stock, id_color, id_producto, id_talla) VALUES (2427, '2025-10-29 15:47:54', 'Nuevo', 0, 1, 20, 1, 179, 5);
INSERT INTO `tb_calzado` (id, created_at, estado, is_delete, is_enabled, stock, id_color, id_producto, id_talla) VALUES (2428, '2025-10-29 15:47:54', 'Nuevo', 0, 1, 35, 4, 48, 11);
INSERT INTO `tb_calzado` (id, created_at, estado, is_delete, is_enabled, stock, id_color, id_producto, id_talla) VALUES (2429, '2025-10-29 15:47:54', 'Nuevo', 0, 1, 50, 4, 166, 8);
INSERT INTO `tb_calzado` (id, created_at, estado, is_delete, is_enabled, stock, id_color, id_producto, id_talla) VALUES (2430, '2025-10-29 15:47:54', 'Nuevo', 0, 1, 5, 11, 119, 11);
INSERT INTO `tb_calzado` (id, created_at, estado, is_delete, is_enabled, stock, id_color, id_producto, id_talla) VALUES (2431, '2025-10-29 15:47:54', 'Nuevo', 0, 1, 15, 5, 123, 8);
INSERT INTO `tb_calzado` (id, created_at, estado, is_delete, is_enabled, stock, id_color, id_producto, id_talla) VALUES (2432, '2025-10-29 15:47:54', 'Nuevo', 0, 1, 44, 3, 157, 9);
INSERT INTO `tb_calzado` (id, created_at, estado, is_delete, is_enabled, stock, id_color, id_producto, id_talla) VALUES (2433, '2025-10-29 15:47:54', 'Nuevo', 0, 1, 37, 4, 53, 4);
INSERT INTO `tb_calzado` (id, created_at, estado, is_delete, is_enabled, stock, id_color, id_producto, id_talla) VALUES (2434, '2025-10-29 15:47:54', 'Nuevo', 0, 1, 45, 13, 183, 6);
INSERT INTO `tb_calzado` (id, created_at, estado, is_delete, is_enabled, stock, id_color, id_producto, id_talla) VALUES (2435, '2025-10-29 15:47:54', 'Nuevo', 0, 1, 33, 15, 46, 5);
INSERT INTO `tb_calzado` (id, created_at, estado, is_delete, is_enabled, stock, id_color, id_producto, id_talla) VALUES (2436, '2025-10-29 15:47:54', 'Nuevo', 0, 1, 16, 11, 98, 8);
INSERT INTO `tb_calzado` (id, created_at, estado, is_delete, is_enabled, stock, id_color, id_producto, id_talla) VALUES (2437, '2025-10-29 15:47:54', 'Nuevo', 0, 1, 41, 3, 73, 12);
INSERT INTO `tb_calzado` (id, created_at, estado, is_delete, is_enabled, stock, id_color, id_producto, id_talla) VALUES (2438, '2025-10-29 15:47:54', 'Nuevo', 0, 1, 25, 15, 14, 5);
INSERT INTO `tb_calzado` (id, created_at, estado, is_delete, is_enabled, stock, id_color, id_producto, id_talla) VALUES (2439, '2025-10-29 15:47:54', 'Nuevo', 0, 1, 10, 5, 66, 6);
INSERT INTO `tb_calzado` (id, created_at, estado, is_delete, is_enabled, stock, id_color, id_producto, id_talla) VALUES (2440, '2025-10-29 15:47:54', 'Nuevo', 0, 1, 32, 13, 166, 11);
INSERT INTO `tb_calzado` (id, created_at, estado, is_delete, is_enabled, stock, id_color, id_producto, id_talla) VALUES (2441, '2025-10-29 15:47:54', 'Nuevo', 0, 1, 21, 15, 87, 7);
INSERT INTO `tb_calzado` (id, created_at, estado, is_delete, is_enabled, stock, id_color, id_producto, id_talla) VALUES (2442, '2025-10-29 15:47:54', 'Nuevo', 0, 1, 25, 13, 115, 10);
INSERT INTO `tb_calzado` (id, created_at, estado, is_delete, is_enabled, stock, id_color, id_producto, id_talla) VALUES (2443, '2025-10-29 15:47:54', 'Nuevo', 0, 1, 34, 8, 186, 3);
INSERT INTO `tb_calzado` (id, created_at, estado, is_delete, is_enabled, stock, id_color, id_producto, id_talla) VALUES (2444, '2025-10-29 15:47:54', 'Nuevo', 0, 1, 45, 1, 175, 9);
INSERT INTO `tb_calzado` (id, created_at, estado, is_delete, is_enabled, stock, id_color, id_producto, id_talla) VALUES (2445, '2025-10-29 15:47:54', 'Nuevo', 0, 1, 14, 2, 120, 8);
INSERT INTO `tb_calzado` (id, created_at, estado, is_delete, is_enabled, stock, id_color, id_producto, id_talla) VALUES (2446, '2025-10-29 15:47:54', 'Nuevo', 0, 1, 35, 12, 88, 11);
INSERT INTO `tb_calzado` (id, created_at, estado, is_delete, is_enabled, stock, id_color, id_producto, id_talla) VALUES (2447, '2025-10-29 15:47:54', 'Nuevo', 0, 1, 18, 1, 151, 10);
INSERT INTO `tb_calzado` (id, created_at, estado, is_delete, is_enabled, stock, id_color, id_producto, id_talla) VALUES (2448, '2025-10-29 15:47:54', 'Nuevo', 0, 1, 32, 11, 7, 11);
INSERT INTO `tb_calzado` (id, created_at, estado, is_delete, is_enabled, stock, id_color, id_producto, id_talla) VALUES (2449, '2025-10-29 15:47:54', 'Nuevo', 0, 1, 40, 4, 157, 8);
INSERT INTO `tb_calzado` (id, created_at, estado, is_delete, is_enabled, stock, id_color, id_producto, id_talla) VALUES (2450, '2025-10-29 15:47:54', 'Nuevo', 0, 1, 31, 6, 3, 4);
INSERT INTO `tb_calzado` (id, created_at, estado, is_delete, is_enabled, stock, id_color, id_producto, id_talla) VALUES (2451, '2025-10-29 15:47:54', 'Nuevo', 0, 1, 11, 5, 195, 8);
INSERT INTO `tb_calzado` (id, created_at, estado, is_delete, is_enabled, stock, id_color, id_producto, id_talla) VALUES (2452, '2025-10-29 15:47:54', 'Nuevo', 0, 1, 5, 4, 123, 12);
INSERT INTO `tb_calzado` (id, created_at, estado, is_delete, is_enabled, stock, id_color, id_producto, id_talla) VALUES (2453, '2025-10-29 15:47:54', 'Nuevo', 0, 1, 21, 2, 116, 1);
INSERT INTO `tb_calzado` (id, created_at, estado, is_delete, is_enabled, stock, id_color, id_producto, id_talla) VALUES (2454, '2025-10-29 15:47:54', 'Nuevo', 0, 1, 32, 9, 113, 11);
INSERT INTO `tb_calzado` (id, created_at, estado, is_delete, is_enabled, stock, id_color, id_producto, id_talla) VALUES (2455, '2025-10-29 15:47:54', 'Nuevo', 0, 1, 41, 1, 123, 6);
INSERT INTO `tb_calzado` (id, created_at, estado, is_delete, is_enabled, stock, id_color, id_producto, id_talla) VALUES (2456, '2025-10-29 15:47:54', 'Nuevo', 0, 1, 10, 10, 131, 9);
INSERT INTO `tb_calzado` (id, created_at, estado, is_delete, is_enabled, stock, id_color, id_producto, id_talla) VALUES (2457, '2025-10-29 15:47:54', 'Nuevo', 0, 1, 46, 7, 14, 10);
INSERT INTO `tb_calzado` (id, created_at, estado, is_delete, is_enabled, stock, id_color, id_producto, id_talla) VALUES (2458, '2025-10-29 15:47:54', 'Nuevo', 0, 1, 22, 4, 81, 7);
INSERT INTO `tb_calzado` (id, created_at, estado, is_delete, is_enabled, stock, id_color, id_producto, id_talla) VALUES (2459, '2025-10-29 15:47:54', 'Nuevo', 0, 1, 32, 13, 144, 12);
INSERT INTO `tb_calzado` (id, created_at, estado, is_delete, is_enabled, stock, id_color, id_producto, id_talla) VALUES (2460, '2025-10-29 15:47:54', 'Nuevo', 0, 1, 41, 4, 155, 5);
INSERT INTO `tb_calzado` (id, created_at, estado, is_delete, is_enabled, stock, id_color, id_producto, id_talla) VALUES (2461, '2025-10-29 15:47:54', 'Nuevo', 0, 1, 22, 5, 1, 5);
INSERT INTO `tb_calzado` (id, created_at, estado, is_delete, is_enabled, stock, id_color, id_producto, id_talla) VALUES (2462, '2025-10-29 15:47:54', 'Nuevo', 0, 1, 36, 1, 168, 10);
INSERT INTO `tb_calzado` (id, created_at, estado, is_delete, is_enabled, stock, id_color, id_producto, id_talla) VALUES (2463, '2025-10-29 15:47:54', 'Nuevo', 0, 1, 44, 7, 17, 2);
INSERT INTO `tb_calzado` (id, created_at, estado, is_delete, is_enabled, stock, id_color, id_producto, id_talla) VALUES (2464, '2025-10-29 15:47:54', 'Nuevo', 0, 1, 29, 6, 19, 3);
INSERT INTO `tb_calzado` (id, created_at, estado, is_delete, is_enabled, stock, id_color, id_producto, id_talla) VALUES (2465, '2025-10-29 15:47:54', 'Nuevo', 0, 1, 6, 6, 35, 12);
INSERT INTO `tb_calzado` (id, created_at, estado, is_delete, is_enabled, stock, id_color, id_producto, id_talla) VALUES (2466, '2025-10-29 15:47:54', 'Nuevo', 0, 1, 34, 4, 103, 3);
INSERT INTO `tb_calzado` (id, created_at, estado, is_delete, is_enabled, stock, id_color, id_producto, id_talla) VALUES (2467, '2025-10-29 15:47:54', 'Nuevo', 0, 1, 38, 9, 180, 9);
INSERT INTO `tb_calzado` (id, created_at, estado, is_delete, is_enabled, stock, id_color, id_producto, id_talla) VALUES (2468, '2025-10-29 15:47:54', 'Nuevo', 0, 1, 10, 2, 138, 8);
INSERT INTO `tb_calzado` (id, created_at, estado, is_delete, is_enabled, stock, id_color, id_producto, id_talla) VALUES (2469, '2025-10-29 15:47:54', 'Nuevo', 0, 1, 22, 1, 34, 9);
INSERT INTO `tb_calzado` (id, created_at, estado, is_delete, is_enabled, stock, id_color, id_producto, id_talla) VALUES (2470, '2025-10-29 15:47:54', 'Nuevo', 0, 1, 15, 10, 48, 4);
INSERT INTO `tb_calzado` (id, created_at, estado, is_delete, is_enabled, stock, id_color, id_producto, id_talla) VALUES (2471, '2025-10-29 15:47:54', 'Nuevo', 0, 1, 34, 1, 145, 7);
INSERT INTO `tb_calzado` (id, created_at, estado, is_delete, is_enabled, stock, id_color, id_producto, id_talla) VALUES (2472, '2025-10-29 15:47:54', 'Nuevo', 0, 1, 18, 3, 171, 4);
INSERT INTO `tb_calzado` (id, created_at, estado, is_delete, is_enabled, stock, id_color, id_producto, id_talla) VALUES (2473, '2025-10-29 15:47:54', 'Nuevo', 0, 1, 41, 9, 115, 4);
INSERT INTO `tb_calzado` (id, created_at, estado, is_delete, is_enabled, stock, id_color, id_producto, id_talla) VALUES (2474, '2025-10-29 15:47:54', 'Nuevo', 0, 1, 30, 6, 134, 5);
INSERT INTO `tb_calzado` (id, created_at, estado, is_delete, is_enabled, stock, id_color, id_producto, id_talla) VALUES (2475, '2025-10-29 15:47:54', 'Nuevo', 0, 1, 45, 3, 3, 2);
INSERT INTO `tb_calzado` (id, created_at, estado, is_delete, is_enabled, stock, id_color, id_producto, id_talla) VALUES (2476, '2025-10-29 15:47:54', 'Nuevo', 0, 1, 38, 3, 75, 3);
INSERT INTO `tb_calzado` (id, created_at, estado, is_delete, is_enabled, stock, id_color, id_producto, id_talla) VALUES (2477, '2025-10-29 15:47:54', 'Nuevo', 0, 1, 46, 3, 2, 10);
INSERT INTO `tb_calzado` (id, created_at, estado, is_delete, is_enabled, stock, id_color, id_producto, id_talla) VALUES (2478, '2025-10-29 15:47:54', 'Nuevo', 0, 1, 43, 9, 99, 9);
INSERT INTO `tb_calzado` (id, created_at, estado, is_delete, is_enabled, stock, id_color, id_producto, id_talla) VALUES (2479, '2025-10-29 15:47:54', 'Nuevo', 0, 1, 35, 10, 45, 11);
INSERT INTO `tb_calzado` (id, created_at, estado, is_delete, is_enabled, stock, id_color, id_producto, id_talla) VALUES (2480, '2025-10-29 15:47:54', 'Nuevo', 0, 1, 47, 7, 153, 3);
INSERT INTO `tb_calzado` (id, created_at, estado, is_delete, is_enabled, stock, id_color, id_producto, id_talla) VALUES (2481, '2025-10-29 15:47:54', 'Nuevo', 0, 1, 39, 12, 81, 3);
INSERT INTO `tb_calzado` (id, created_at, estado, is_delete, is_enabled, stock, id_color, id_producto, id_talla) VALUES (2482, '2025-10-29 15:47:54', 'Nuevo', 0, 1, 38, 4, 141, 8);
INSERT INTO `tb_calzado` (id, created_at, estado, is_delete, is_enabled, stock, id_color, id_producto, id_talla) VALUES (2483, '2025-10-29 15:47:54', 'Nuevo', 0, 1, 28, 6, 14, 5);
INSERT INTO `tb_calzado` (id, created_at, estado, is_delete, is_enabled, stock, id_color, id_producto, id_talla) VALUES (2484, '2025-10-29 15:47:54', 'Nuevo', 0, 1, 23, 7, 191, 10);
INSERT INTO `tb_calzado` (id, created_at, estado, is_delete, is_enabled, stock, id_color, id_producto, id_talla) VALUES (2485, '2025-10-29 15:47:54', 'Nuevo', 0, 1, 5, 15, 163, 7);
INSERT INTO `tb_calzado` (id, created_at, estado, is_delete, is_enabled, stock, id_color, id_producto, id_talla) VALUES (2486, '2025-10-29 15:47:54', 'Nuevo', 0, 1, 36, 14, 111, 8);
INSERT INTO `tb_calzado` (id, created_at, estado, is_delete, is_enabled, stock, id_color, id_producto, id_talla) VALUES (2487, '2025-10-29 15:47:54', 'Nuevo', 0, 1, 48, 13, 95, 4);
INSERT INTO `tb_calzado` (id, created_at, estado, is_delete, is_enabled, stock, id_color, id_producto, id_talla) VALUES (2488, '2025-10-29 15:47:54', 'Nuevo', 0, 1, 48, 10, 120, 11);
INSERT INTO `tb_calzado` (id, created_at, estado, is_delete, is_enabled, stock, id_color, id_producto, id_talla) VALUES (2489, '2025-10-29 15:47:54', 'Nuevo', 0, 1, 26, 4, 24, 4);
INSERT INTO `tb_calzado` (id, created_at, estado, is_delete, is_enabled, stock, id_color, id_producto, id_talla) VALUES (2490, '2025-10-29 15:47:54', 'Nuevo', 0, 1, 37, 7, 136, 11);
INSERT INTO `tb_calzado` (id, created_at, estado, is_delete, is_enabled, stock, id_color, id_producto, id_talla) VALUES (2491, '2025-10-29 15:47:54', 'Nuevo', 0, 1, 35, 7, 160, 8);
INSERT INTO `tb_calzado` (id, created_at, estado, is_delete, is_enabled, stock, id_color, id_producto, id_talla) VALUES (2492, '2025-10-29 15:47:54', 'Nuevo', 0, 1, 41, 15, 174, 1);
INSERT INTO `tb_calzado` (id, created_at, estado, is_delete, is_enabled, stock, id_color, id_producto, id_talla) VALUES (2493, '2025-10-29 15:47:54', 'Nuevo', 0, 1, 10, 15, 1, 8);
INSERT INTO `tb_calzado` (id, created_at, estado, is_delete, is_enabled, stock, id_color, id_producto, id_talla) VALUES (2494, '2025-10-29 15:47:54', 'Nuevo', 0, 1, 40, 9, 158, 12);
INSERT INTO `tb_calzado` (id, created_at, estado, is_delete, is_enabled, stock, id_color, id_producto, id_talla) VALUES (2495, '2025-10-29 15:47:54', 'Nuevo', 0, 1, 35, 10, 168, 10);
INSERT INTO `tb_calzado` (id, created_at, estado, is_delete, is_enabled, stock, id_color, id_producto, id_talla) VALUES (2496, '2025-10-29 15:47:54', 'Nuevo', 0, 1, 36, 2, 83, 6);
INSERT INTO `tb_calzado` (id, created_at, estado, is_delete, is_enabled, stock, id_color, id_producto, id_talla) VALUES (2497, '2025-10-29 15:47:54', 'Nuevo', 0, 1, 47, 3, 194, 1);
INSERT INTO `tb_calzado` (id, created_at, estado, is_delete, is_enabled, stock, id_color, id_producto, id_talla) VALUES (2498, '2025-10-29 15:47:54', 'Nuevo', 0, 1, 24, 3, 42, 2);
INSERT INTO `tb_calzado` (id, created_at, estado, is_delete, is_enabled, stock, id_color, id_producto, id_talla) VALUES (2499, '2025-10-29 15:47:54', 'Nuevo', 0, 1, 9, 2, 118, 6);
INSERT INTO `tb_calzado` (id, created_at, estado, is_delete, is_enabled, stock, id_color, id_producto, id_talla) VALUES (2500, '2025-10-29 15:47:54', 'Nuevo', 0, 1, 32, 4, 62, 11);

-- ### VENTAS (BOLETAS Y TRANSACCIONES) ###

INSERT INTO `tb_boleta` (id, created_at, direccion, estado, igv, nombre_cliente, numero_documento, observaciones, subtotal, tipo_tarjeta, total, total_descuento, id_tienda, id_trabajador, id_usuario) VALUES (1, '2025-10-29 15:47:54', 'Jr. Ejército 1792, Wanchaq', 'Pagado', 424.79, 'Cliente 22', '22377981', 'Un clásico reinventado.', 2359.94, 'Mastercard', 2784.73, 67.79, 5, 22, 22);
INSERT INTO `tb_transaccion` (id_boleta, id_producto, descuento, precio_unitario, total, unidades) VALUES (1, 161, 10.09, 272.90, 808.61, 3);
INSERT INTO `tb_transaccion` (id_boleta, id_producto, descuento, precio_unitario, total, unidades) VALUES (1, 4, 40.81, 324.32, 607.83, 2);
INSERT INTO `tb_transaccion` (id_boleta, id_producto, descuento, precio_unitario, total, unidades) VALUES (1, 113, 5.46, 351.31, 697.16, 2);
INSERT INTO `tb_transaccion` (id_boleta, id_producto, descuento, precio_unitario, total, unidades) VALUES (1, 88, 11.43, 682.56, 671.13, 1);
INSERT INTO `tb_boleta` (id, created_at, direccion, estado, igv, nombre_cliente, numero_documento, observaciones, subtotal, tipo_tarjeta, total, total_descuento, id_tienda, id_trabajador, id_usuario) VALUES (2, '2025-10-29 15:47:54', 'Jr. Primavera 429, Víctor Larco Herrera', 'Entregado', 518.50, 'Cliente 10', '87320146', 'Tecnología de punta para deporte.', 2880.57, 'Diners', 3399.07, 218.70, 4, 2, 10);
INSERT INTO `tb_transaccion` (id_boleta, id_producto, descuento, precio_unitario, total, unidades) VALUES (2, 24, 82.18, 633.03, 1183.88, 2);
INSERT INTO `tb_transaccion` (id_boleta, id_producto, descuento, precio_unitario, total, unidades) VALUES (2, 191, 102.52, 760.16, 1417.80, 2);
INSERT INTO `tb_transaccion` (id_boleta, id_producto, descuento, precio_unitario, total, unidades) VALUES (2, 168, 9.30, 191.01, 372.72, 2);
INSERT INTO `tb_transaccion` (id_boleta, id_producto, descuento, precio_unitario, total, unidades) VALUES (2, 117, 24.70, 449.37, 424.67, 1);
INSERT INTO `tb_boleta` (id, created_at, direccion, estado, igv, nombre_cliente, numero_documento, observaciones, subtotal, tipo_tarjeta, total, total_descuento, id_tienda, id_trabajador, id_usuario) VALUES (3, '2025-10-29 15:47:54', 'Av. Salaverry 956, Wanchaq', 'Enviado', 691.33, 'Cliente 26', '22186166', 'Ideal para corredores urbanos.', 3840.73, 'Visa', 4532.06, 108.94, 4, 42, 26);
INSERT INTO `tb_transaccion` (id_boleta, id_producto, descuento, precio_unitario, total, unidades) VALUES (3, 192, 11.20, 190.74, 370.28, 2);
INSERT INTO `tb_transaccion` (id_boleta, id_producto, descuento, precio_unitario, total, unidades) VALUES (3, 16, 56.88, 790.18, 2313.66, 3);
INSERT INTO `tb_transaccion` (id_boleta, id_producto, descuento, precio_unitario, total, unidades) VALUES (3, 83, 10.87, 367.16, 356.29, 1);
INSERT INTO `tb_transaccion` (id_boleta, id_producto, descuento, precio_unitario, total, unidades) VALUES (3, 115, 29.99, 760.91, 1491.83, 2);
INSERT INTO `tb_boleta` (id, created_at, direccion, estado, igv, nombre_cliente, numero_documento, observaciones, subtotal, tipo_tarjeta, total, total_descuento, id_tienda, id_trabajador, id_usuario) VALUES (4, '2025-10-29 15:47:54', 'Paseo Pardo 1170, Víctor Larco Herrera', 'Enviado', 292.91, 'Cliente 42', '60852849', 'Perfecto para el día a día.', 1627.26, 'AMEX', 1920.17, 27.85, 4, 41, 42);
INSERT INTO `tb_transaccion` (id_boleta, id_producto, descuento, precio_unitario, total, unidades) VALUES (4, 71, 2.11, 258.58, 773.63, 3);
INSERT INTO `tb_transaccion` (id_boleta, id_producto, descuento, precio_unitario, total, unidades) VALUES (4, 54, 9.72, 115.37, 221.02, 2);
INSERT INTO `tb_transaccion` (id_boleta, id_producto, descuento, precio_unitario, total, unidades) VALUES (4, 163, 2.77, 219.50, 655.73, 3);
INSERT INTO `tb_transaccion` (id_boleta, id_producto, descuento, precio_unitario, total, unidades) VALUES (4, 39, 13.25, 141.52, 269.79, 2);
INSERT INTO `tb_boleta` (id, created_at, direccion, estado, igv, nombre_cliente, numero_documento, observaciones, subtotal, tipo_tarjeta, total, total_descuento, id_tienda, id_trabajador, id_usuario) VALUES (5, '2025-10-29 15:47:54', 'Jr. De la Cultura 1196, Trujillo', 'Enviado', 403.94, 'Cliente 3', '81384128', 'Máxima comodidad y estilo.', 2244.08, 'AMEX', 2648.02, 106.39, 3, 15, 3);
INSERT INTO `tb_transaccion` (id_boleta, id_producto, descuento, precio_unitario, total, unidades) VALUES (5, 181, 43.38, 536.12, 1564.98, 3);
INSERT INTO `tb_transaccion` (id_boleta, id_producto, descuento, precio_unitario, total, unidades) VALUES (5, 129, 9.22, 393.71, 778.20, 2);
INSERT INTO `tb_transaccion` (id_boleta, id_producto, descuento, precio_unitario, total, unidades) VALUES (5, 50, 53.79, 358.63, 304.84, 1);
INSERT INTO `tb_boleta` (id, created_at, direccion, estado, igv, nombre_cliente, numero_documento, observaciones, subtotal, tipo_tarjeta, total, total_descuento, id_tienda, id_trabajador, id_usuario) VALUES (6, '2025-10-29 15:47:54', 'Paseo De la Cultura 158, Miraflores', 'Pagado', 69.36, 'Cliente 27', '90173457', 'Un clásico reinventado.', 385.34, 'AMEX', 454.70, 34.88, 4, 16, 27);
INSERT INTO `tb_transaccion` (id_boleta, id_producto, descuento, precio_unitario, total, unidades) VALUES (6, 71, 21.89, 258.58, 236.69, 1);
INSERT INTO `tb_transaccion` (id_boleta, id_producto, descuento, precio_unitario, total, unidades) VALUES (6, 75, 12.99, 115.50, 218.01, 2);
INSERT INTO `tb_boleta` (id, created_at, direccion, estado, igv, nombre_cliente, numero_documento, observaciones, subtotal, tipo_tarjeta, total, total_descuento, id_tienda, id_trabajador, id_usuario) VALUES (7, '2025-10-29 15:47:54', 'Jr. Benavides 188, Cusco Cercado', 'Pagado', 42.50, 'Cliente 21', '89756936', 'Ideal para corredores urbanos.', 236.08, 'Mastercard', 278.58, 9.18, 2, 26, 21);
INSERT INTO `tb_transaccion` (id_boleta, id_producto, descuento, precio_unitario, total, unidades) VALUES (7, 110, 9.18, 143.88, 278.58, 2);
INSERT INTO `tb_boleta` (id, created_at, direccion, estado, igv, nombre_cliente, numero_documento, observaciones, subtotal, tipo_tarjeta, total, total_descuento, id_tienda, id_trabajador, id_usuario) VALUES (8, '2025-10-29 15:47:54', 'Calle El Sol 1710, Trujillo', 'Entregado', 47.38, 'Cliente 39', '67129738', 'Un clásico reinventado.', 263.23, 'AMEX', 310.61, 0.11, 5, 39, 39);
INSERT INTO `tb_transaccion` (id_boleta, id_producto, descuento, precio_unitario, total, unidades) VALUES (8, 140, 0.11, 310.72, 310.61, 1);
INSERT INTO `tb_boleta` (id, created_at, direccion, estado, igv, nombre_cliente, numero_documento, observaciones, subtotal, tipo_tarjeta, total, total_descuento, id_tienda, id_trabajador, id_usuario) VALUES (9, '2025-10-29 15:47:54', 'Calle Arequipa 1192, Wanchaq', 'Enviado', 423.73, 'Cliente 36', '93324956', 'Tecnología de punta para deporte.', 2354.04, 'Mastercard', 2777.77, 5.13, 2, 43, 36);
INSERT INTO `tb_transaccion` (id_boleta, id_producto, descuento, precio_unitario, total, unidades) VALUES (9, 13, 5.05, 731.77, 2190.26, 3);
INSERT INTO `tb_transaccion` (id_boleta, id_producto, descuento, precio_unitario, total, unidades) VALUES (9, 133, 0.08, 587.59, 587.51, 1);
INSERT INTO `tb_boleta` (id, created_at, direccion, estado, igv, nombre_cliente, numero_documento, observaciones, subtotal, tipo_tarjeta, total, total_descuento, id_tienda, id_trabajador, id_usuario) VALUES (10, '2025-10-29 15:47:54', 'Calle El Sol 261, Cayma', 'Pagado', 502.15, 'Cliente 40', '21447657', 'Un clásico reinventado.', 2789.73, 'Mastercard', 3291.88, 60.20, 3, 52, 40);
INSERT INTO `tb_transaccion` (id_boleta, id_producto, descuento, precio_unitario, total, unidades) VALUES (10, 104, 42.11, 688.16, 2022.37, 3);
INSERT INTO `tb_transaccion` (id_boleta, id_producto, descuento, precio_unitario, total, unidades) VALUES (10, 108, 5.96, 385.76, 379.80, 1);
INSERT INTO `tb_transaccion` (id_boleta, id_producto, descuento, precio_unitario, total, unidades) VALUES (10, 93, 12.13, 450.92, 889.71, 2);
INSERT INTO `tb_boleta` (id, created_at, direccion, estado, igv, nombre_cliente, numero_documento, observaciones, subtotal, tipo_tarjeta, total, total_descuento, id_tienda, id_trabajador, id_usuario) VALUES (11, '2025-10-29 15:47:54', 'Av. Grau 394, Wanchaq', 'Pagado', 506.28, 'Cliente 24', '28367036', 'Perfecto para el día a día.', 2812.69, 'Diners', 3318.97, 105.75, 3, 10, 24);
INSERT INTO `tb_transaccion` (id_boleta, id_producto, descuento, precio_unitario, total, unidades) VALUES (11, 58, 11.17, 365.52, 354.35, 1);
INSERT INTO `tb_transaccion` (id_boleta, id_producto, descuento, precio_unitario, total, unidades) VALUES (11, 90, 15.70, 190.09, 364.48, 2);
INSERT INTO `tb_transaccion` (id_boleta, id_producto, descuento, precio_unitario, total, unidades) VALUES (11, 27, 17.09, 742.70, 2211.01, 3);
INSERT INTO `tb_transaccion` (id_boleta, id_producto, descuento, precio_unitario, total, unidades) VALUES (11, 93, 61.79, 450.92, 389.13, 1);
INSERT INTO `tb_boleta` (id, created_at, direccion, estado, igv, nombre_cliente, numero_documento, observaciones, subtotal, tipo_tarjeta, total, total_descuento, id_tienda, id_trabajador, id_usuario) VALUES (12, '2025-10-29 15:47:54', 'Calle Larco 119, Cusco Cercado', 'Entregado', 216.23, 'Cliente 34', '23745083', 'Ideal para corredores urbanos.', 1201.29, 'Visa', 1417.52, 74.96, 5, 4, 34);
INSERT INTO `tb_transaccion` (id_boleta, id_producto, descuento, precio_unitario, total, unidades) VALUES (12, 67, 1.50, 124.04, 122.54, 1);
INSERT INTO `tb_transaccion` (id_boleta, id_producto, descuento, precio_unitario, total, unidades) VALUES (12, 62, 73.46, 684.22, 1294.98, 2);
INSERT INTO `tb_boleta` (id, created_at, direccion, estado, igv, nombre_cliente, numero_documento, observaciones, subtotal, tipo_tarjeta, total, total_descuento, id_tienda, id_trabajador, id_usuario) VALUES (13, '2025-10-29 15:47:54', 'Paseo Larco 493, Trujillo', 'Pagado', 552.96, 'Cliente 33', '74994142', 'Perfecto para el día a día.', 3072.02, 'AMEX', 3624.98, 163.81, 1, 9, 33);
INSERT INTO `tb_transaccion` (id_boleta, id_producto, descuento, precio_unitario, total, unidades) VALUES (13, 8, 5.86, 123.47, 364.55, 3);
INSERT INTO `tb_transaccion` (id_boleta, id_producto, descuento, precio_unitario, total, unidades) VALUES (13, 65, 30.17, 501.08, 971.99, 2);
INSERT INTO `tb_transaccion` (id_boleta, id_producto, descuento, precio_unitario, total, unidades) VALUES (13, 157, 96.59, 697.57, 1298.55, 2);
INSERT INTO `tb_transaccion` (id_boleta, id_producto, descuento, precio_unitario, total, unidades) VALUES (13, 2, 31.19, 340.36, 989.89, 3);
INSERT INTO `tb_boleta` (id, created_at, direccion, estado, igv, nombre_cliente, numero_documento, observaciones, subtotal, tipo_tarjeta, total, total_descuento, id_tienda, id_trabajador, id_usuario) VALUES (14, '2025-10-29 15:47:54', 'Paseo Primavera 955, Trujillo', 'Pagado', 456.47, 'Cliente 30', '33699776', 'Tecnología de punta para deporte.', 2535.97, 'AMEX', 2992.44, 112.38, 1, 13, 30);
INSERT INTO `tb_transaccion` (id_boleta, id_producto, descuento, precio_unitario, total, unidades) VALUES (14, 136, 1.13, 467.16, 466.03, 1);
INSERT INTO `tb_transaccion` (id_boleta, id_producto, descuento, precio_unitario, total, unidades) VALUES (14, 104, 96.66, 688.16, 1967.82, 3);
INSERT INTO `tb_transaccion` (id_boleta, id_producto, descuento, precio_unitario, total, unidades) VALUES (14, 39, 2.03, 141.52, 281.01, 2);
INSERT INTO `tb_transaccion` (id_boleta, id_producto, descuento, precio_unitario, total, unidades) VALUES (14, 76, 12.56, 145.07, 277.58, 2);
INSERT INTO `tb_boleta` (id, created_at, direccion, estado, igv, nombre_cliente, numero_documento, observaciones, subtotal, tipo_tarjeta, total, total_descuento, id_tienda, id_trabajador, id_usuario) VALUES (15, '2025-10-29 15:47:54', 'Av. Salaverry 153, Trujillo', 'Enviado', 591.73, 'Cliente 9', '53621854', 'Un clásico reinventado.', 3287.41, 'AMEX', 3879.14, 113.63, 2, 24, 9);
INSERT INTO `tb_transaccion` (id_boleta, id_producto, descuento, precio_unitario, total, unidades) VALUES (15, 95, 53.14, 573.91, 1668.59, 3);
INSERT INTO `tb_transaccion` (id_boleta, id_producto, descuento, precio_unitario, total, unidades) VALUES (15, 61, 58.92, 419.80, 780.68, 2);
INSERT INTO `tb_transaccion` (id_boleta, id_producto, descuento, precio_unitario, total, unidades) VALUES (15, 143, 1.57, 715.72, 1429.87, 2);
INSERT INTO `tb_boleta` (id, created_at, direccion, estado, igv, nombre_cliente, numero_documento, observaciones, subtotal, tipo_tarjeta, total, total_descuento, id_tienda, id_trabajador, id_usuario) VALUES (16, '2025-10-29 15:47:54', 'Av. Javier Prado 1813, Trujillo', 'Pagado', 280.49, 'Cliente 52', '85018042', 'Tecnología de punta para deporte.', 1558.25, 'Diners', 1838.74, 142.99, 1, 14, 52);
INSERT INTO `tb_transaccion` (id_boleta, id_producto, descuento, precio_unitario, total, unidades) VALUES (16, 56, 78.07, 624.59, 546.52, 1);
INSERT INTO `tb_transaccion` (id_boleta, id_producto, descuento, precio_unitario, total, unidades) VALUES (16, 112, 64.92, 452.38, 1292.22, 3);
INSERT INTO `tb_boleta` (id, created_at, direccion, estado, igv, nombre_cliente, numero_documento, observaciones, subtotal, tipo_tarjeta, total, total_descuento, id_tienda, id_trabajador, id_usuario) VALUES (17, '2025-10-29 15:47:54', 'Av. El Sol 138, Cusco Cercado', 'Enviado', 193.63, 'Cliente 26', '36742570', 'Perfecto para el día a día.', 1075.72, 'Visa', 1269.35, 114.88, 1, 44, 26);
INSERT INTO `tb_transaccion` (id_boleta, id_producto, descuento, precio_unitario, total, unidades) VALUES (17, 177, 21.39, 221.30, 642.51, 3);
INSERT INTO `tb_transaccion` (id_boleta, id_producto, descuento, precio_unitario, total, unidades) VALUES (17, 132, 93.49, 720.33, 626.84, 1);
INSERT INTO `tb_boleta` (id, created_at, direccion, estado, igv, nombre_cliente, numero_documento, observaciones, subtotal, tipo_tarjeta, total, total_descuento, id_tienda, id_trabajador, id_usuario) VALUES (18, '2025-10-29 15:47:54', 'Paseo Primavera 1933, Cayma', 'Entregado', 298.88, 'Cliente 48', '80937808', 'Máxima comodidad y estilo.', 1660.43, 'Diners', 1959.31, 53.43, 5, 35, 48);
INSERT INTO `tb_transaccion` (id_boleta, id_producto, descuento, precio_unitario, total, unidades) VALUES (18, 62, 4.51, 684.22, 679.71, 1);
INSERT INTO `tb_transaccion` (id_boleta, id_producto, descuento, precio_unitario, total, unidades) VALUES (18, 5, 48.92, 664.26, 1279.60, 2);
INSERT INTO `tb_boleta` (id, created_at, direccion, estado, igv, nombre_cliente, numero_documento, observaciones, subtotal, tipo_tarjeta, total, total_descuento, id_tienda, id_trabajador, id_usuario) VALUES (19, '2025-10-29 15:47:54', 'Av. Arequipa 1424, Víctor Larco Herrera', 'Entregado', 251.92, 'Cliente 43', '15236055', 'Un clásico reinventado.', 1399.58, 'AMEX', 1651.50, 44.00, 5, 26, 43);
INSERT INTO `tb_transaccion` (id_boleta, id_producto, descuento, precio_unitario, total, unidades) VALUES (19, 63, 21.29, 365.82, 344.53, 1);
INSERT INTO `tb_transaccion` (id_boleta, id_producto, descuento, precio_unitario, total, unidades) VALUES (19, 185, 22.71, 664.84, 1306.97, 2);
INSERT INTO `tb_boleta` (id, created_at, direccion, estado, igv, nombre_cliente, numero_documento, observaciones, subtotal, tipo_tarjeta, total, total_descuento, id_tienda, id_trabajador, id_usuario) VALUES (20, '2025-10-29 15:47:54', 'Calle Angamos 327, Cayma', 'Enviado', 568.81, 'Cliente 33', '98501018', 'Tecnología de punta para deporte.', 3160.03, 'Mastercard', 3728.84, 135.80, 4, 51, 33);
INSERT INTO `tb_transaccion` (id_boleta, id_producto, descuento, precio_unitario, total, unidades) VALUES (20, 167, 22.19, 529.04, 506.85, 1);
INSERT INTO `tb_transaccion` (id_boleta, id_producto, descuento, precio_unitario, total, unidades) VALUES (20, 12, 42.04, 760.57, 2239.67, 3);
INSERT INTO `tb_transaccion` (id_boleta, id_producto, descuento, precio_unitario, total, unidades) VALUES (20, 181, 6.02, 536.12, 530.10, 1);
INSERT INTO `tb_transaccion` (id_boleta, id_producto, descuento, precio_unitario, total, unidades) VALUES (20, 197, 65.55, 517.77, 452.22, 1);
INSERT INTO `tb_boleta` (id, created_at, direccion, estado, igv, nombre_cliente, numero_documento, observaciones, subtotal, tipo_tarjeta, total, total_descuento, id_tienda, id_trabajador, id_usuario) VALUES (21, '2025-10-29 15:47:54', 'Calle Primavera 834, Wanchaq', 'Entregado', 438.92, 'Cliente 47', '16010161', 'Máxima comodidad y estilo.', 2438.43, 'Visa', 2877.35, 137.52, 4, 10, 47);
INSERT INTO `tb_transaccion` (id_boleta, id_producto, descuento, precio_unitario, total, unidades) VALUES (21, 135, 79.59, 664.17, 584.58, 1);
INSERT INTO `tb_transaccion` (id_boleta, id_producto, descuento, precio_unitario, total, unidades) VALUES (21, 79, 19.62, 253.69, 487.76, 2);
INSERT INTO `tb_transaccion` (id_boleta, id_producto, descuento, precio_unitario, total, unidades) VALUES (21, 192, 18.05, 190.74, 554.17, 3);
INSERT INTO `tb_transaccion` (id_boleta, id_producto, descuento, precio_unitario, total, unidades) VALUES (21, 173, 20.26, 423.70, 1250.84, 3);
INSERT INTO `tb_boleta` (id, created_at, direccion, estado, igv, nombre_cliente, numero_documento, observaciones, subtotal, tipo_tarjeta, total, total_descuento, id_tienda, id_trabajador, id_usuario) VALUES (22, '2025-10-29 15:47:54', 'Jr. El Sol 607, Cayma', 'Enviado', 139.90, 'Cliente 15', '41579092', 'Ideal para corredores urbanos.', 777.24, 'Visa', 917.14, 103.99, 3, 52, 15);
INSERT INTO `tb_transaccion` (id_boleta, id_producto, descuento, precio_unitario, total, unidades) VALUES (22, 151, 53.55, 503.36, 449.81, 1);
INSERT INTO `tb_transaccion` (id_boleta, id_producto, descuento, precio_unitario, total, unidades) VALUES (22, 197, 50.44, 517.77, 467.33, 1);
INSERT INTO `tb_boleta` (id, created_at, direccion, estado, igv, nombre_cliente, numero_documento, observaciones, subtotal, tipo_tarjeta, total, total_descuento, id_tienda, id_trabajador, id_usuario) VALUES (23, '2025-10-29 15:47:54', 'Jr. Primavera 538, Miraflores', 'Entregado', 508.97, 'Cliente 29', '35802148', 'Perfecto para el día a día.', 2827.60, 'Visa', 3336.57, 84.30, 5, 45, 29);
INSERT INTO `tb_transaccion` (id_boleta, id_producto, descuento, precio_unitario, total, unidades) VALUES (23, 184, 13.38, 427.01, 840.64, 2);
INSERT INTO `tb_transaccion` (id_boleta, id_producto, descuento, precio_unitario, total, unidades) VALUES (23, 69, 8.12, 197.45, 386.78, 2);
INSERT INTO `tb_transaccion` (id_boleta, id_producto, descuento, precio_unitario, total, unidades) VALUES (23, 176, 23.67, 293.51, 563.35, 2);
INSERT INTO `tb_transaccion` (id_boleta, id_producto, descuento, precio_unitario, total, unidades) VALUES (23, 53, 39.13, 528.31, 1545.80, 3);
INSERT INTO `tb_boleta` (id, created_at, direccion, estado, igv, nombre_cliente, numero_documento, observaciones, subtotal, tipo_tarjeta, total, total_descuento, id_tienda, id_trabajador, id_usuario) VALUES (24, '2025-10-29 15:47:54', 'Paseo Arequipa 974, Cayma', 'Pagado', 260.88, 'Cliente 8', '59480980', 'Ideal para corredores urbanos.', 1449.35, 'Visa', 1710.23, 41.47, 2, 27, 8);
INSERT INTO `tb_transaccion` (id_boleta, id_producto, descuento, precio_unitario, total, unidades) VALUES (24, 196, 41.47, 583.90, 1710.23, 3);
INSERT INTO `tb_boleta` (id, created_at, direccion, estado, igv, nombre_cliente, numero_documento, observaciones, subtotal, tipo_tarjeta, total, total_descuento, id_tienda, id_trabajador, id_usuario) VALUES (25, '2025-10-29 15:47:54', 'Av. De la Cultura 1990, Wanchaq', 'Pagado', 183.81, 'Cliente 18', '62374848', 'Perfecto para el día a día.', 1021.19, 'Mastercard', 1205.00, 142.40, 5, 44, 18);
INSERT INTO `tb_transaccion` (id_boleta, id_producto, descuento, precio_unitario, total, unidades) VALUES (25, 88, 98.41, 682.56, 584.15, 1);
INSERT INTO `tb_transaccion` (id_boleta, id_producto, descuento, precio_unitario, total, unidades) VALUES (25, 185, 43.99, 664.84, 620.85, 1);
INSERT INTO `tb_boleta` (id, created_at, direccion, estado, igv, nombre_cliente, numero_documento, observaciones, subtotal, tipo_tarjeta, total, total_descuento, id_tienda, id_trabajador, id_usuario) VALUES (26, '2025-10-29 15:47:54', 'Jr. Javier Prado 240, Víctor Larco Herrera', 'Pagado', 205.48, 'Cliente 50', '74085398', 'Un clásico reinventado.', 1141.58, 'AMEX', 1347.06, 41.89, 5, 17, 50);
INSERT INTO `tb_transaccion` (id_boleta, id_producto, descuento, precio_unitario, total, unidades) VALUES (26, 72, 13.16, 350.36, 687.56, 2);
INSERT INTO `tb_transaccion` (id_boleta, id_producto, descuento, precio_unitario, total, unidades) VALUES (26, 170, 28.73, 229.41, 659.50, 3);
INSERT INTO `tb_boleta` (id, created_at, direccion, estado, igv, nombre_cliente, numero_documento, observaciones, subtotal, tipo_tarjeta, total, total_descuento, id_tienda, id_trabajador, id_usuario) VALUES (27, '2025-10-29 15:47:54', 'Av. Ejército 806, Cayma', 'Enviado', 259.94, 'Cliente 50', '36292608', 'Ideal para corredores urbanos.', 1444.09, 'Visa', 1704.03, 89.26, 2, 21, 50);
INSERT INTO `tb_transaccion` (id_boleta, id_producto, descuento, precio_unitario, total, unidades) VALUES (27, 155, 45.01, 433.75, 822.49, 2);
INSERT INTO `tb_transaccion` (id_boleta, id_producto, descuento, precio_unitario, total, unidades) VALUES (27, 116, 16.13, 146.97, 130.84, 1);
INSERT INTO `tb_transaccion` (id_boleta, id_producto, descuento, precio_unitario, total, unidades) VALUES (27, 174, 17.07, 183.57, 533.64, 3);
INSERT INTO `tb_transaccion` (id_boleta, id_producto, descuento, precio_unitario, total, unidades) VALUES (27, 6, 11.05, 228.11, 217.06, 1);
INSERT INTO `tb_boleta` (id, created_at, direccion, estado, igv, nombre_cliente, numero_documento, observaciones, subtotal, tipo_tarjeta, total, total_descuento, id_tienda, id_trabajador, id_usuario) VALUES (28, '2025-10-29 15:47:54', 'Jr. Ejército 1462, Cusco Cercado', 'Enviado', 66.52, 'Cliente 51', '29698799', 'Perfecto para el día a día.', 369.54, 'AMEX', 436.06, 17.06, 2, 43, 51);
INSERT INTO `tb_transaccion` (id_boleta, id_producto, descuento, precio_unitario, total, unidades) VALUES (28, 128, 17.06, 151.04, 436.06, 3);
INSERT INTO `tb_boleta` (id, created_at, direccion, estado, igv, nombre_cliente, numero_documento, observaciones, subtotal, tipo_tarjeta, total, total_descuento, id_tienda, id_trabajador, id_usuario) VALUES (29, '2025-10-29 15:47:54', 'Av. Primavera 1579, Miraflores', 'Enviado', 519.83, 'Cliente 34', '77662761', 'Un clásico reinventado.', 2887.96, 'Mastercard', 3407.79, 91.76, 2, 9, 34);
INSERT INTO `tb_transaccion` (id_boleta, id_producto, descuento, precio_unitario, total, unidades) VALUES (29, 166, 39.41, 655.29, 1271.17, 2);
INSERT INTO `tb_transaccion` (id_boleta, id_producto, descuento, precio_unitario, total, unidades) VALUES (29, 26, 5.55, 211.07, 627.66, 3);
INSERT INTO `tb_transaccion` (id_boleta, id_producto, descuento, precio_unitario, total, unidades) VALUES (29, 140, 30.81, 310.72, 590.63, 2);
INSERT INTO `tb_transaccion` (id_boleta, id_producto, descuento, precio_unitario, total, unidades) VALUES (29, 136, 15.99, 467.16, 918.33, 2);
INSERT INTO `tb_boleta` (id, created_at, direccion, estado, igv, nombre_cliente, numero_documento, observaciones, subtotal, tipo_tarjeta, total, total_descuento, id_tienda, id_trabajador, id_usuario) VALUES (30, '2025-10-29 15:47:54', 'Calle Salaverry 555, Cayma', 'Enviado', 359.09, 'Cliente 44', '37085848', 'Máxima comodidad y estilo.', 1994.92, 'Visa', 2354.01, 75.77, 4, 4, 44);
INSERT INTO `tb_transaccion` (id_boleta, id_producto, descuento, precio_unitario, total, unidades) VALUES (30, 108, 34.92, 385.76, 1122.36, 3);
INSERT INTO `tb_transaccion` (id_boleta, id_producto, descuento, precio_unitario, total, unidades) VALUES (30, 93, 29.59, 450.92, 421.33, 1);
INSERT INTO `tb_transaccion` (id_boleta, id_producto, descuento, precio_unitario, total, unidades) VALUES (30, 164, 11.26, 410.79, 810.32, 2);
INSERT INTO `tb_boleta` (id, created_at, direccion, estado, igv, nombre_cliente, numero_documento, observaciones, subtotal, tipo_tarjeta, total, total_descuento, id_tienda, id_trabajador, id_usuario) VALUES (31, '2025-10-29 15:47:54', 'Av. Primavera 1530, Víctor Larco Herrera', 'Entregado', 457.15, 'Cliente 11', '68386794', 'Un clásico reinventado.', 2539.71, 'AMEX', 2996.86, 141.37, 5, 40, 11);
INSERT INTO `tb_transaccion` (id_boleta, id_producto, descuento, precio_unitario, total, unidades) VALUES (31, 169, 60.03, 491.48, 922.93, 2);
INSERT INTO `tb_transaccion` (id_boleta, id_producto, descuento, precio_unitario, total, unidades) VALUES (31, 155, 23.20, 433.75, 1278.05, 3);
INSERT INTO `tb_transaccion` (id_boleta, id_producto, descuento, precio_unitario, total, unidades) VALUES (31, 184, 58.14, 427.01, 795.88, 2);
INSERT INTO `tb_boleta` (id, created_at, direccion, estado, igv, nombre_cliente, numero_documento, observaciones, subtotal, tipo_tarjeta, total, total_descuento, id_tienda, id_trabajador, id_usuario) VALUES (32, '2025-10-29 15:47:54', 'Av. Larco 1122, Wanchaq', 'Pagado', 78.71, 'Cliente 38', '99213373', 'Perfecto para el día a día.', 437.31, 'Visa', 516.02, 44.40, 2, 52, 38);
INSERT INTO `tb_transaccion` (id_boleta, id_producto, descuento, precio_unitario, total, unidades) VALUES (32, 175, 14.26, 172.67, 331.08, 2);
INSERT INTO `tb_transaccion` (id_boleta, id_producto, descuento, precio_unitario, total, unidades) VALUES (32, 120, 30.14, 215.08, 184.94, 1);
INSERT INTO `tb_boleta` (id, created_at, direccion, estado, igv, nombre_cliente, numero_documento, observaciones, subtotal, tipo_tarjeta, total, total_descuento, id_tienda, id_trabajador, id_usuario) VALUES (33, '2025-10-29 15:47:54', 'Calle Pardo 691, Wanchaq', 'Entregado', 872.20, 'Cliente 48', '47487197', 'Un clásico reinventado.', 4845.58, 'Visa', 5717.78, 245.92, 3, 15, 48);
INSERT INTO `tb_transaccion` (id_boleta, id_producto, descuento, precio_unitario, total, unidades) VALUES (33, 185, 38.03, 664.84, 626.81, 1);
INSERT INTO `tb_transaccion` (id_boleta, id_producto, descuento, precio_unitario, total, unidades) VALUES (33, 28, 89.14, 641.68, 1194.22, 2);
INSERT INTO `tb_transaccion` (id_boleta, id_producto, descuento, precio_unitario, total, unidades) VALUES (33, 102, 68.37, 582.39, 1678.80, 3);
INSERT INTO `tb_transaccion` (id_boleta, id_producto, descuento, precio_unitario, total, unidades) VALUES (33, 78, 50.38, 756.11, 2217.95, 3);
INSERT INTO `tb_boleta` (id, created_at, direccion, estado, igv, nombre_cliente, numero_documento, observaciones, subtotal, tipo_tarjeta, total, total_descuento, id_tienda, id_trabajador, id_usuario) VALUES (34, '2025-10-29 15:47:54', 'Av. Grau 1466, Cayma', 'Pagado', 363.22, 'Cliente 7', '89472719', 'Tecnología de punta para deporte.', 2017.89, 'Visa', 2381.11, 88.41, 1, 25, 7);
INSERT INTO `tb_transaccion` (id_boleta, id_producto, descuento, precio_unitario, total, unidades) VALUES (34, 57, 29.85, 347.34, 664.83, 2);
INSERT INTO `tb_transaccion` (id_boleta, id_producto, descuento, precio_unitario, total, unidades) VALUES (34, 189, 17.23, 173.14, 329.05, 2);
INSERT INTO `tb_transaccion` (id_boleta, id_producto, descuento, precio_unitario, total, unidades) VALUES (34, 107, 41.33, 714.28, 1387.23, 2);
INSERT INTO `tb_boleta` (id, created_at, direccion, estado, igv, nombre_cliente, numero_documento, observaciones, subtotal, tipo_tarjeta, total, total_descuento, id_tienda, id_trabajador, id_usuario) VALUES (35, '2025-10-29 15:47:54', 'Av. Ejército 480, Trujillo', 'Enviado', 414.87, 'Cliente 19', '38913177', 'Perfecto para el día a día.', 2304.85, 'Visa', 2719.72, 168.23, 4, 24, 19);
INSERT INTO `tb_transaccion` (id_boleta, id_producto, descuento, precio_unitario, total, unidades) VALUES (35, 57, 7.11, 347.34, 687.57, 2);
INSERT INTO `tb_transaccion` (id_boleta, id_producto, descuento, precio_unitario, total, unidades) VALUES (35, 82, 73.69, 684.27, 610.58, 1);
INSERT INTO `tb_transaccion` (id_boleta, id_producto, descuento, precio_unitario, total, unidades) VALUES (35, 7, 87.43, 754.50, 1421.57, 2);
INSERT INTO `tb_boleta` (id, created_at, direccion, estado, igv, nombre_cliente, numero_documento, observaciones, subtotal, tipo_tarjeta, total, total_descuento, id_tienda, id_trabajador, id_usuario) VALUES (36, '2025-10-29 15:47:54', 'Calle Pardo 161, Yanahuara', 'Enviado', 211.59, 'Cliente 31', '52447042', 'Ideal para corredores urbanos.', 1175.53, 'Diners', 1387.12, 64.78, 2, 23, 31);
INSERT INTO `tb_transaccion` (id_boleta, id_producto, descuento, precio_unitario, total, unidades) VALUES (36, 122, 64.78, 725.95, 1387.12, 2);
INSERT INTO `tb_boleta` (id, created_at, direccion, estado, igv, nombre_cliente, numero_documento, observaciones, subtotal, tipo_tarjeta, total, total_descuento, id_tienda, id_trabajador, id_usuario) VALUES (37, '2025-10-29 15:47:54', 'Paseo Angamos 502, Cusco Cercado', 'Pagado', 584.39, 'Cliente 52', '81144149', 'Un clásico reinventado.', 3246.64, 'Mastercard', 3831.03, 85.57, 5, 25, 52);
INSERT INTO `tb_transaccion` (id_boleta, id_producto, descuento, precio_unitario, total, unidades) VALUES (37, 13, 20.47, 731.77, 711.30, 1);
INSERT INTO `tb_transaccion` (id_boleta, id_producto, descuento, precio_unitario, total, unidades) VALUES (37, 59, 46.58, 528.76, 1539.70, 3);
INSERT INTO `tb_transaccion` (id_boleta, id_producto, descuento, precio_unitario, total, unidades) VALUES (37, 87, 9.07, 540.27, 1071.47, 2);
INSERT INTO `tb_transaccion` (id_boleta, id_producto, descuento, precio_unitario, total, unidades) VALUES (37, 175, 9.45, 172.67, 508.56, 3);
INSERT INTO `tb_boleta` (id, created_at, direccion, estado, igv, nombre_cliente, numero_documento, observaciones, subtotal, tipo_tarjeta, total, total_descuento, id_tienda, id_trabajador, id_usuario) VALUES (38, '2025-10-29 15:47:54', 'Paseo Benavides 652, Miraflores', 'Enviado', 670.56, 'Cliente 40', '39282154', 'Tecnología de punta para deporte.', 3725.32, 'Diners', 4395.88, 84.41, 4, 8, 40);
INSERT INTO `tb_transaccion` (id_boleta, id_producto, descuento, precio_unitario, total, unidades) VALUES (38, 98, 0.14, 377.78, 1133.20, 3);
INSERT INTO `tb_transaccion` (id_boleta, id_producto, descuento, precio_unitario, total, unidades) VALUES (38, 55, 26.55, 240.20, 213.65, 1);
INSERT INTO `tb_transaccion` (id_boleta, id_producto, descuento, precio_unitario, total, unidades) VALUES (38, 115, 41.08, 760.91, 1480.74, 2);
INSERT INTO `tb_transaccion` (id_boleta, id_producto, descuento, precio_unitario, total, unidades) VALUES (38, 53, 16.64, 528.31, 1568.29, 3);
INSERT INTO `tb_boleta` (id, created_at, direccion, estado, igv, nombre_cliente, numero_documento, observaciones, subtotal, tipo_tarjeta, total, total_descuento, id_tienda, id_trabajador, id_usuario) VALUES (39, '2025-10-29 15:47:54', 'Calle El Sol 764, Yanahuara', 'Enviado', 153.77, 'Cliente 48', '45190593', 'Ideal para corredores urbanos.', 854.26, 'Visa', 1008.03, 91.43, 1, 13, 48);
INSERT INTO `tb_transaccion` (id_boleta, id_producto, descuento, precio_unitario, total, unidades) VALUES (39, 127, 0.81, 226.27, 451.73, 2);
INSERT INTO `tb_transaccion` (id_boleta, id_producto, descuento, precio_unitario, total, unidades) VALUES (39, 14, 90.62, 646.92, 556.30, 1);
INSERT INTO `tb_boleta` (id, created_at, direccion, estado, igv, nombre_cliente, numero_documento, observaciones, subtotal, tipo_tarjeta, total, total_descuento, id_tienda, id_trabajador, id_usuario) VALUES (40, '2025-10-29 15:47:54', 'Jr. Benavides 386, Cayma', 'Pagado', 569.80, 'Cliente 6', '26263645', 'Perfecto para el día a día.', 3165.56, 'Mastercard', 3735.36, 155.08, 1, 4, 6);
INSERT INTO `tb_transaccion` (id_boleta, id_producto, descuento, precio_unitario, total, unidades) VALUES (40, 23, 20.83, 203.06, 385.29, 2);
INSERT INTO `tb_transaccion` (id_boleta, id_producto, descuento, precio_unitario, total, unidades) VALUES (40, 48, 2.39, 196.08, 389.77, 2);
INSERT INTO `tb_transaccion` (id_boleta, id_producto, descuento, precio_unitario, total, unidades) VALUES (40, 181, 55.12, 536.12, 1553.24, 3);
INSERT INTO `tb_transaccion` (id_boleta, id_producto, descuento, precio_unitario, total, unidades) VALUES (40, 15, 76.74, 741.90, 1407.06, 2);
INSERT INTO `tb_boleta` (id, created_at, direccion, estado, igv, nombre_cliente, numero_documento, observaciones, subtotal, tipo_tarjeta, total, total_descuento, id_tienda, id_trabajador, id_usuario) VALUES (41, '2025-10-29 15:47:54', 'Calle Pardo 781, Wanchaq', 'Entregado', 409.73, 'Cliente 51', '35480881', 'Un clásico reinventado.', 2276.31, 'Diners', 2686.04, 132.06, 1, 15, 51);
INSERT INTO `tb_transaccion` (id_boleta, id_producto, descuento, precio_unitario, total, unidades) VALUES (41, 29, 32.35, 454.68, 877.01, 2);
INSERT INTO `tb_transaccion` (id_boleta, id_producto, descuento, precio_unitario, total, unidades) VALUES (41, 34, 65.93, 785.88, 1505.83, 2);
INSERT INTO `tb_transaccion` (id_boleta, id_producto, descuento, precio_unitario, total, unidades) VALUES (41, 52, 9.06, 163.84, 154.78, 1);
INSERT INTO `tb_transaccion` (id_boleta, id_producto, descuento, precio_unitario, total, unidades) VALUES (41, 189, 24.72, 173.14, 148.42, 1);
INSERT INTO `tb_boleta` (id, created_at, direccion, estado, igv, nombre_cliente, numero_documento, observaciones, subtotal, tipo_tarjeta, total, total_descuento, id_tienda, id_trabajador, id_usuario) VALUES (42, '2025-10-29 15:47:54', 'Paseo Javier Prado 1217, Cayma', 'Entregado', 240.16, 'Cliente 21', '22261583', 'Perfecto para el día a día.', 1334.24, 'Diners', 1574.40, 121.93, 2, 26, 21);
INSERT INTO `tb_transaccion` (id_boleta, id_producto, descuento, precio_unitario, total, unidades) VALUES (42, 186, 14.52, 147.67, 133.15, 1);
INSERT INTO `tb_transaccion` (id_boleta, id_producto, descuento, precio_unitario, total, unidades) VALUES (42, 178, 63.64, 480.35, 897.06, 2);
INSERT INTO `tb_transaccion` (id_boleta, id_producto, descuento, precio_unitario, total, unidades) VALUES (42, 84, 43.77, 293.98, 544.19, 2);
INSERT INTO `tb_boleta` (id, created_at, direccion, estado, igv, nombre_cliente, numero_documento, observaciones, subtotal, tipo_tarjeta, total, total_descuento, id_tienda, id_trabajador, id_usuario) VALUES (43, '2025-10-29 15:47:54', 'Paseo Ejército 1819, Wanchaq', 'Pagado', 215.18, 'Cliente 15', '73615546', 'Un clásico reinventado.', 1195.46, 'Visa', 1410.64, 3.05, 5, 8, 15);
INSERT INTO `tb_transaccion` (id_boleta, id_producto, descuento, precio_unitario, total, unidades) VALUES (43, 138, 3.05, 471.23, 1410.64, 3);
INSERT INTO `tb_boleta` (id, created_at, direccion, estado, igv, nombre_cliente, numero_documento, observaciones, subtotal, tipo_tarjeta, total, total_descuento, id_tienda, id_trabajador, id_usuario) VALUES (44, '2025-10-29 15:47:54', 'Calle Primavera 1086, Cayma', 'Entregado', 140.38, 'Cliente 5', '30709487', 'Tecnología de punta para deporte.', 779.87, 'Diners', 920.25, 54.65, 5, 42, 5);
INSERT INTO `tb_transaccion` (id_boleta, id_producto, descuento, precio_unitario, total, unidades) VALUES (44, 43, 14.75, 388.38, 373.63, 1);
INSERT INTO `tb_transaccion` (id_boleta, id_producto, descuento, precio_unitario, total, unidades) VALUES (44, 175, 22.50, 172.67, 322.84, 2);
INSERT INTO `tb_transaccion` (id_boleta, id_producto, descuento, precio_unitario, total, unidades) VALUES (44, 49, 17.40, 120.59, 223.78, 2);
INSERT INTO `tb_boleta` (id, created_at, direccion, estado, igv, nombre_cliente, numero_documento, observaciones, subtotal, tipo_tarjeta, total, total_descuento, id_tienda, id_trabajador, id_usuario) VALUES (45, '2025-10-29 15:47:54', 'Calle Primavera 1674, Cayma', 'Entregado', 794.08, 'Cliente 41', '39572806', 'Ideal para corredores urbanos.', 4411.53, 'AMEX', 5205.61, 151.04, 5, 15, 41);
INSERT INTO `tb_transaccion` (id_boleta, id_producto, descuento, precio_unitario, total, unidades) VALUES (45, 62, 28.59, 684.22, 2024.07, 3);
INSERT INTO `tb_transaccion` (id_boleta, id_producto, descuento, precio_unitario, total, unidades) VALUES (45, 27, 77.30, 742.70, 2150.80, 3);
INSERT INTO `tb_transaccion` (id_boleta, id_producto, descuento, precio_unitario, total, unidades) VALUES (45, 50, 45.15, 358.63, 1030.74, 3);
INSERT INTO `tb_boleta` (id, created_at, direccion, estado, igv, nombre_cliente, numero_documento, observaciones, subtotal, tipo_tarjeta, total, total_descuento, id_tienda, id_trabajador, id_usuario) VALUES (46, '2025-10-29 15:47:54', 'Av. Salaverry 521, Cusco Cercado', 'Enviado', 186.50, 'Cliente 13', '11318144', 'Ideal para corredores urbanos.', 1036.10, 'Mastercard', 1222.60, 65.69, 3, 8, 13);
INSERT INTO `tb_transaccion` (id_boleta, id_producto, descuento, precio_unitario, total, unidades) VALUES (46, 189, 9.71, 173.14, 163.43, 1);
INSERT INTO `tb_transaccion` (id_boleta, id_producto, descuento, precio_unitario, total, unidades) VALUES (46, 111, 2.92, 123.49, 120.57, 1);
INSERT INTO `tb_transaccion` (id_boleta, id_producto, descuento, precio_unitario, total, unidades) VALUES (46, 80, 25.98, 183.02, 523.08, 3);
INSERT INTO `tb_transaccion` (id_boleta, id_producto, descuento, precio_unitario, total, unidades) VALUES (46, 177, 27.08, 221.30, 415.52, 2);
INSERT INTO `tb_boleta` (id, created_at, direccion, estado, igv, nombre_cliente, numero_documento, observaciones, subtotal, tipo_tarjeta, total, total_descuento, id_tienda, id_trabajador, id_usuario) VALUES (47, '2025-10-29 15:47:54', 'Paseo Grau 1241, Miraflores', 'Entregado', 222.88, 'Cliente 38', '83795016', 'Máxima comodidad y estilo.', 1238.19, 'Diners', 1461.07, 179.29, 5, 16, 38);
INSERT INTO `tb_transaccion` (id_boleta, id_producto, descuento, precio_unitario, total, unidades) VALUES (47, 199, 69.56, 473.64, 404.08, 1);
INSERT INTO `tb_transaccion` (id_boleta, id_producto, descuento, precio_unitario, total, unidades) VALUES (47, 94, 11.29, 159.52, 467.27, 3);
INSERT INTO `tb_transaccion` (id_boleta, id_producto, descuento, precio_unitario, total, unidades) VALUES (47, 104, 98.44, 688.16, 589.72, 1);
INSERT INTO `tb_boleta` (id, created_at, direccion, estado, igv, nombre_cliente, numero_documento, observaciones, subtotal, tipo_tarjeta, total, total_descuento, id_tienda, id_trabajador, id_usuario) VALUES (48, '2025-10-29 15:47:54', 'Av. El Sol 1361, Cusco Cercado', 'Entregado', 194.44, 'Cliente 4', '56884555', 'Máxima comodidad y estilo.', 1080.22, 'Visa', 1274.66, 32.88, 4, 3, 4);
INSERT INTO `tb_transaccion` (id_boleta, id_producto, descuento, precio_unitario, total, unidades) VALUES (48, 156, 13.26, 402.78, 389.52, 1);
INSERT INTO `tb_transaccion` (id_boleta, id_producto, descuento, precio_unitario, total, unidades) VALUES (48, 112, 19.62, 452.38, 885.14, 2);
INSERT INTO `tb_boleta` (id, created_at, direccion, estado, igv, nombre_cliente, numero_documento, observaciones, subtotal, tipo_tarjeta, total, total_descuento, id_tienda, id_trabajador, id_usuario) VALUES (49, '2025-10-29 15:47:54', 'Calle El Sol 1656, Cayma', 'Enviado', 134.51, 'Cliente 2', '96903820', 'Tecnología de punta para deporte.', 747.30, 'Visa', 881.81, 16.93, 1, 8, 2);
INSERT INTO `tb_transaccion` (id_boleta, id_producto, descuento, precio_unitario, total, unidades) VALUES (49, 117, 16.93, 449.37, 881.81, 2);
INSERT INTO `tb_boleta` (id, created_at, direccion, estado, igv, nombre_cliente, numero_documento, observaciones, subtotal, tipo_tarjeta, total, total_descuento, id_tienda, id_trabajador, id_usuario) VALUES (50, '2025-10-29 15:47:54', 'Calle Angamos 419, Miraflores', 'Entregado', 354.11, 'Cliente 26', '12790066', 'Ideal para corredores urbanos.', 1967.28, 'Mastercard', 2321.39, 66.65, 4, 2, 26);
INSERT INTO `tb_transaccion` (id_boleta, id_producto, descuento, precio_unitario, total, unidades) VALUES (50, 76, 12.04, 145.07, 423.17, 3);
INSERT INTO `tb_transaccion` (id_boleta, id_producto, descuento, precio_unitario, total, unidades) VALUES (50, 55, 26.36, 240.20, 694.24, 3);
INSERT INTO `tb_transaccion` (id_boleta, id_producto, descuento, precio_unitario, total, unidades) VALUES (50, 22, 16.86, 263.21, 772.77, 3);
INSERT INTO `tb_transaccion` (id_boleta, id_producto, descuento, precio_unitario, total, unidades) VALUES (50, 177, 11.39, 221.30, 431.21, 2);
INSERT INTO `tb_boleta` (id, created_at, direccion, estado, igv, nombre_cliente, numero_documento, observaciones, subtotal, tipo_tarjeta, total, total_descuento, id_tienda, id_trabajador, id_usuario) VALUES (51, '2025-10-29 15:47:54', 'Paseo Primavera 1665, Yanahuara', 'Pagado', 103.20, 'Cliente 18', '59947683', 'Máxima comodidad y estilo.', 573.33, 'Visa', 676.53, 10.65, 2, 18, 18);
INSERT INTO `tb_transaccion` (id_boleta, id_producto, descuento, precio_unitario, total, unidades) VALUES (51, 154, 10.65, 343.59, 676.53, 2);
INSERT INTO `tb_boleta` (id, created_at, direccion, estado, igv, nombre_cliente, numero_documento, observaciones, subtotal, tipo_tarjeta, total, total_descuento, id_tienda, id_trabajador, id_usuario) VALUES (52, '2025-10-29 15:47:54', 'Jr. Ejército 1799, Trujillo', 'Enviado', 222.79, 'Cliente 5', '56960506', 'Perfecto para el día a día.', 1237.74, 'Mastercard', 1460.53, 60.61, 4, 35, 5);
INSERT INTO `tb_transaccion` (id_boleta, id_producto, descuento, precio_unitario, total, unidades) VALUES (52, 12, 60.61, 760.57, 1460.53, 2);
INSERT INTO `tb_boleta` (id, created_at, direccion, estado, igv, nombre_cliente, numero_documento, observaciones, subtotal, tipo_tarjeta, total, total_descuento, id_tienda, id_trabajador, id_usuario) VALUES (53, '2025-10-29 15:47:54', 'Paseo Salaverry 1919, Wanchaq', 'Entregado', 474.53, 'Cliente 43', '86588468', 'Máxima comodidad y estilo.', 2636.31, 'Visa', 3110.84, 68.07, 2, 24, 43);
INSERT INTO `tb_transaccion` (id_boleta, id_producto, descuento, precio_unitario, total, unidades) VALUES (53, 197, 25.92, 517.77, 1527.39, 3);
INSERT INTO `tb_transaccion` (id_boleta, id_producto, descuento, precio_unitario, total, unidades) VALUES (53, 66, 16.36, 588.65, 572.29, 1);
INSERT INTO `tb_transaccion` (id_boleta, id_producto, descuento, precio_unitario, total, unidades) VALUES (53, 26, 7.42, 211.07, 625.79, 3);
INSERT INTO `tb_transaccion` (id_boleta, id_producto, descuento, precio_unitario, total, unidades) VALUES (53, 193, 18.37, 134.58, 385.37, 3);
INSERT INTO `tb_boleta` (id, created_at, direccion, estado, igv, nombre_cliente, numero_documento, observaciones, subtotal, tipo_tarjeta, total, total_descuento, id_tienda, id_trabajador, id_usuario) VALUES (54, '2025-10-29 15:47:54', 'Jr. Arequipa 498, Wanchaq', 'Entregado', 661.98, 'Cliente 38', '59435479', 'Perfecto para el día a día.', 3677.65, 'AMEX', 4339.63, 141.81, 5, 35, 38);
INSERT INTO `tb_transaccion` (id_boleta, id_producto, descuento, precio_unitario, total, unidades) VALUES (54, 181, 15.24, 536.12, 1593.12, 3);
INSERT INTO `tb_transaccion` (id_boleta, id_producto, descuento, precio_unitario, total, unidades) VALUES (54, 191, 80.14, 760.16, 1440.18, 2);
INSERT INTO `tb_transaccion` (id_boleta, id_producto, descuento, precio_unitario, total, unidades) VALUES (54, 93, 46.43, 450.92, 1306.33, 3);
INSERT INTO `tb_boleta` (id, created_at, direccion, estado, igv, nombre_cliente, numero_documento, observaciones, subtotal, tipo_tarjeta, total, total_descuento, id_tienda, id_trabajador, id_usuario) VALUES (55, '2025-10-29 15:47:54', 'Paseo El Sol 209, Miraflores', 'Entregado', 50.15, 'Cliente 48', '84429150', 'Un clásico reinventado.', 278.60, 'AMEX', 328.75, 24.69, 4, 24, 48);
INSERT INTO `tb_transaccion` (id_boleta, id_producto, descuento, precio_unitario, total, unidades) VALUES (55, 31, 24.69, 353.44, 328.75, 1);
INSERT INTO `tb_boleta` (id, created_at, direccion, estado, igv, nombre_cliente, numero_documento, observaciones, subtotal, tipo_tarjeta, total, total_descuento, id_tienda, id_trabajador, id_usuario) VALUES (56, '2025-10-29 15:47:54', 'Paseo Salaverry 1889, Yanahuara', 'Entregado', 571.23, 'Cliente 20', '40163709', 'Máxima comodidad y estilo.', 3173.52, 'Diners', 3744.75, 90.91, 2, 41, 20);
INSERT INTO `tb_transaccion` (id_boleta, id_producto, descuento, precio_unitario, total, unidades) VALUES (56, 137, 1.69, 228.52, 683.87, 3);
INSERT INTO `tb_transaccion` (id_boleta, id_producto, descuento, precio_unitario, total, unidades) VALUES (56, 87, 2.08, 540.27, 1078.46, 2);
INSERT INTO `tb_transaccion` (id_boleta, id_producto, descuento, precio_unitario, total, unidades) VALUES (56, 199, 65.59, 473.64, 1355.33, 3);
INSERT INTO `tb_transaccion` (id_boleta, id_producto, descuento, precio_unitario, total, unidades) VALUES (56, 4, 21.55, 324.32, 627.09, 2);
INSERT INTO `tb_boleta` (id, created_at, direccion, estado, igv, nombre_cliente, numero_documento, observaciones, subtotal, tipo_tarjeta, total, total_descuento, id_tienda, id_trabajador, id_usuario) VALUES (57, '2025-10-29 15:47:54', 'Calle Salaverry 1139, Yanahuara', 'Pagado', 742.89, 'Cliente 29', '19635529', 'Tecnología de punta para deporte.', 4127.15, 'Diners', 4870.04, 171.79, 3, 23, 29);
INSERT INTO `tb_transaccion` (id_boleta, id_producto, descuento, precio_unitario, total, unidades) VALUES (57, 136, 69.05, 467.16, 1332.43, 3);
INSERT INTO `tb_transaccion` (id_boleta, id_producto, descuento, precio_unitario, total, unidades) VALUES (57, 86, 11.41, 493.12, 1467.95, 3);
INSERT INTO `tb_transaccion` (id_boleta, id_producto, descuento, precio_unitario, total, unidades) VALUES (57, 132, 91.33, 720.33, 2069.66, 3);
INSERT INTO `tb_boleta` (id, created_at, direccion, estado, igv, nombre_cliente, numero_documento, observaciones, subtotal, tipo_tarjeta, total, total_descuento, id_tienda, id_trabajador, id_usuario) VALUES (58, '2025-10-29 15:47:54', 'Jr. De la Cultura 272, Cusco Cercado', 'Enviado', 353.77, 'Cliente 33', '65002382', 'Un clásico reinventado.', 1965.41, 'Visa', 2319.18, 89.11, 2, 18, 33);
INSERT INTO `tb_transaccion` (id_boleta, id_producto, descuento, precio_unitario, total, unidades) VALUES (58, 69, 18.59, 197.45, 178.86, 1);
INSERT INTO `tb_transaccion` (id_boleta, id_producto, descuento, precio_unitario, total, unidades) VALUES (58, 85, 10.46, 240.63, 470.80, 2);
INSERT INTO `tb_transaccion` (id_boleta, id_producto, descuento, precio_unitario, total, unidades) VALUES (58, 163, 24.70, 219.50, 194.80, 1);
INSERT INTO `tb_transaccion` (id_boleta, id_producto, descuento, precio_unitario, total, unidades) VALUES (58, 151, 35.36, 503.36, 1474.72, 3);
INSERT INTO `tb_boleta` (id, created_at, direccion, estado, igv, nombre_cliente, numero_documento, observaciones, subtotal, tipo_tarjeta, total, total_descuento, id_tienda, id_trabajador, id_usuario) VALUES (59, '2025-10-29 15:47:54', 'Calle Ejército 1463, Víctor Larco Herrera', 'Enviado', 78.71, 'Cliente 37', '11064156', 'Perfecto para el día a día.', 437.25, 'Mastercard', 515.96, 3.46, 2, 47, 37);
INSERT INTO `tb_transaccion` (id_boleta, id_producto, descuento, precio_unitario, total, unidades) VALUES (59, 189, 3.46, 173.14, 515.96, 3);
INSERT INTO `tb_boleta` (id, created_at, direccion, estado, igv, nombre_cliente, numero_documento, observaciones, subtotal, tipo_tarjeta, total, total_descuento, id_tienda, id_trabajador, id_usuario) VALUES (60, '2025-10-29 15:47:54', 'Av. Pardo 1703, Cusco Cercado', 'Pagado', 404.75, 'Cliente 12', '80306727', 'Ideal para corredores urbanos.', 2248.59, 'Diners', 2653.34, 93.21, 1, 47, 12);
INSERT INTO `tb_transaccion` (id_boleta, id_producto, descuento, precio_unitario, total, unidades) VALUES (60, 160, 60.72, 697.00, 1333.28, 2);
INSERT INTO `tb_transaccion` (id_boleta, id_producto, descuento, precio_unitario, total, unidades) VALUES (60, 76, 2.06, 145.07, 433.15, 3);
INSERT INTO `tb_transaccion` (id_boleta, id_producto, descuento, precio_unitario, total, unidades) VALUES (60, 123, 5.51, 134.94, 399.31, 3);
INSERT INTO `tb_transaccion` (id_boleta, id_producto, descuento, precio_unitario, total, unidades) VALUES (60, 172, 24.92, 256.26, 487.60, 2);
INSERT INTO `tb_boleta` (id, created_at, direccion, estado, igv, nombre_cliente, numero_documento, observaciones, subtotal, tipo_tarjeta, total, total_descuento, id_tienda, id_trabajador, id_usuario) VALUES (61, '2025-10-29 15:47:54', 'Paseo Javier Prado 1245, Cayma', 'Entregado', 177.35, 'Cliente 42', '15077942', 'Máxima comodidad y estilo.', 985.28, 'Diners', 1162.63, 89.37, 1, 42, 42);
INSERT INTO `tb_transaccion` (id_boleta, id_producto, descuento, precio_unitario, total, unidades) VALUES (61, 19, 49.32, 753.74, 704.42, 1);
INSERT INTO `tb_transaccion` (id_boleta, id_producto, descuento, precio_unitario, total, unidades) VALUES (61, 99, 40.05, 498.26, 458.21, 1);
INSERT INTO `tb_boleta` (id, created_at, direccion, estado, igv, nombre_cliente, numero_documento, observaciones, subtotal, tipo_tarjeta, total, total_descuento, id_tienda, id_trabajador, id_usuario) VALUES (62, '2025-10-29 15:47:54', 'Calle Javier Prado 576, Cusco Cercado', 'Entregado', 467.23, 'Cliente 29', '88078569', 'Perfecto para el día a día.', 2595.70, 'Diners', 3062.93, 47.14, 4, 41, 29);
INSERT INTO `tb_transaccion` (id_boleta, id_producto, descuento, precio_unitario, total, unidades) VALUES (62, 15, 11.07, 741.90, 730.83, 1);
INSERT INTO `tb_transaccion` (id_boleta, id_producto, descuento, precio_unitario, total, unidades) VALUES (62, 5, 4.69, 664.26, 1988.09, 3);
INSERT INTO `tb_transaccion` (id_boleta, id_producto, descuento, precio_unitario, total, unidades) VALUES (62, 188, 31.38, 375.39, 344.01, 1);
INSERT INTO `tb_boleta` (id, created_at, direccion, estado, igv, nombre_cliente, numero_documento, observaciones, subtotal, tipo_tarjeta, total, total_descuento, id_tienda, id_trabajador, id_usuario) VALUES (63, '2025-10-29 15:47:54', 'Calle Salaverry 1732, Cusco Cercado', 'Enviado', 479.21, 'Cliente 40', '67740056', 'Perfecto para el día a día.', 2662.31, 'Visa', 3141.52, 108.36, 3, 41, 40);
INSERT INTO `tb_transaccion` (id_boleta, id_producto, descuento, precio_unitario, total, unidades) VALUES (63, 67, 13.34, 124.04, 110.70, 1);
INSERT INTO `tb_transaccion` (id_boleta, id_producto, descuento, precio_unitario, total, unidades) VALUES (63, 96, 5.48, 651.80, 1949.92, 3);
INSERT INTO `tb_transaccion` (id_boleta, id_producto, descuento, precio_unitario, total, unidades) VALUES (63, 141, 62.15, 482.21, 420.06, 1);
INSERT INTO `tb_transaccion` (id_boleta, id_producto, descuento, precio_unitario, total, unidades) VALUES (63, 170, 27.39, 229.41, 660.84, 3);
INSERT INTO `tb_boleta` (id, created_at, direccion, estado, igv, nombre_cliente, numero_documento, observaciones, subtotal, tipo_tarjeta, total, total_descuento, id_tienda, id_trabajador, id_usuario) VALUES (64, '2025-10-29 15:47:54', 'Calle El Sol 974, Cusco Cercado', 'Enviado', 199.16, 'Cliente 20', '81430462', 'Máxima comodidad y estilo.', 1106.46, 'Mastercard', 1305.62, 63.62, 2, 2, 20);
INSERT INTO `tb_transaccion` (id_boleta, id_producto, descuento, precio_unitario, total, unidades) VALUES (64, 123, 8.41, 134.94, 396.41, 3);
INSERT INTO `tb_transaccion` (id_boleta, id_producto, descuento, precio_unitario, total, unidades) VALUES (64, 141, 55.21, 482.21, 909.21, 2);
INSERT INTO `tb_boleta` (id, created_at, direccion, estado, igv, nombre_cliente, numero_documento, observaciones, subtotal, tipo_tarjeta, total, total_descuento, id_tienda, id_trabajador, id_usuario) VALUES (65, '2025-10-29 15:47:54', 'Jr. De la Cultura 760, Wanchaq', 'Entregado', 318.88, 'Cliente 43', '94113986', 'Un clásico reinventado.', 1771.58, 'Diners', 2090.46, 95.38, 1, 30, 43);
INSERT INTO `tb_transaccion` (id_boleta, id_producto, descuento, precio_unitario, total, unidades) VALUES (65, 33, 34.84, 606.03, 1177.22, 2);
INSERT INTO `tb_transaccion` (id_boleta, id_producto, descuento, precio_unitario, total, unidades) VALUES (65, 20, 60.54, 486.89, 913.24, 2);
INSERT INTO `tb_boleta` (id, created_at, direccion, estado, igv, nombre_cliente, numero_documento, observaciones, subtotal, tipo_tarjeta, total, total_descuento, id_tienda, id_trabajador, id_usuario) VALUES (66, '2025-10-29 15:47:54', 'Av. Larco 455, Cayma', 'Entregado', 254.85, 'Cliente 49', '12088042', 'Ideal para corredores urbanos.', 1415.84, 'Mastercard', 1670.69, 137.04, 2, 9, 49);
INSERT INTO `tb_transaccion` (id_boleta, id_producto, descuento, precio_unitario, total, unidades) VALUES (66, 108, 56.82, 385.76, 714.70, 2);
INSERT INTO `tb_transaccion` (id_boleta, id_producto, descuento, precio_unitario, total, unidades) VALUES (66, 176, 41.28, 293.51, 252.23, 1);
INSERT INTO `tb_transaccion` (id_boleta, id_producto, descuento, precio_unitario, total, unidades) VALUES (66, 27, 38.94, 742.70, 703.76, 1);
INSERT INTO `tb_boleta` (id, created_at, direccion, estado, igv, nombre_cliente, numero_documento, observaciones, subtotal, tipo_tarjeta, total, total_descuento, id_tienda, id_trabajador, id_usuario) VALUES (67, '2025-10-29 15:47:54', 'Calle Angamos 1370, Cusco Cercado', 'Entregado', 269.98, 'Cliente 34', '51966226', 'Ideal para corredores urbanos.', 1499.88, 'Mastercard', 1769.86, 110.07, 4, 24, 34);
INSERT INTO `tb_transaccion` (id_boleta, id_producto, descuento, precio_unitario, total, unidades) VALUES (67, 146, 39.51, 612.32, 1185.13, 2);
INSERT INTO `tb_transaccion` (id_boleta, id_producto, descuento, precio_unitario, total, unidades) VALUES (67, 166, 70.56, 655.29, 584.73, 1);
INSERT INTO `tb_boleta` (id, created_at, direccion, estado, igv, nombre_cliente, numero_documento, observaciones, subtotal, tipo_tarjeta, total, total_descuento, id_tienda, id_trabajador, id_usuario) VALUES (68, '2025-10-29 15:47:54', 'Calle El Sol 1299, Víctor Larco Herrera', 'Enviado', 488.75, 'Cliente 26', '43107711', 'Tecnología de punta para deporte.', 2715.31, 'Visa', 3204.06, 83.71, 2, 8, 26);
INSERT INTO `tb_transaccion` (id_boleta, id_producto, descuento, precio_unitario, total, unidades) VALUES (68, 2, 33.35, 340.36, 647.37, 2);
INSERT INTO `tb_transaccion` (id_boleta, id_producto, descuento, precio_unitario, total, unidades) VALUES (68, 112, 41.93, 452.38, 862.83, 2);
INSERT INTO `tb_transaccion` (id_boleta, id_producto, descuento, precio_unitario, total, unidades) VALUES (68, 41, 8.43, 567.43, 1693.86, 3);
INSERT INTO `tb_boleta` (id, created_at, direccion, estado, igv, nombre_cliente, numero_documento, observaciones, subtotal, tipo_tarjeta, total, total_descuento, id_tienda, id_trabajador, id_usuario) VALUES (69, '2025-10-29 15:47:54', 'Paseo Benavides 1710, Yanahuara', 'Enviado', 501.72, 'Cliente 25', '83410559', 'Tecnología de punta para deporte.', 2787.36, 'Visa', 3289.08, 23.54, 1, 31, 25);
INSERT INTO `tb_transaccion` (id_boleta, id_producto, descuento, precio_unitario, total, unidades) VALUES (69, 186, 15.75, 147.67, 131.92, 1);
INSERT INTO `tb_transaccion` (id_boleta, id_producto, descuento, precio_unitario, total, unidades) VALUES (69, 181, 1.71, 536.12, 1070.53, 2);
INSERT INTO `tb_transaccion` (id_boleta, id_producto, descuento, precio_unitario, total, unidades) VALUES (69, 157, 6.08, 697.57, 2086.63, 3);
INSERT INTO `tb_boleta` (id, created_at, direccion, estado, igv, nombre_cliente, numero_documento, observaciones, subtotal, tipo_tarjeta, total, total_descuento, id_tienda, id_trabajador, id_usuario) VALUES (70, '2025-10-29 15:47:54', 'Paseo Javier Prado 1554, Trujillo', 'Entregado', 206.74, 'Cliente 41', '23044575', 'Ideal para corredores urbanos.', 1148.56, 'Diners', 1355.30, 73.26, 2, 15, 41);
INSERT INTO `tb_transaccion` (id_boleta, id_producto, descuento, precio_unitario, total, unidades) VALUES (70, 107, 73.26, 714.28, 1355.30, 2);
INSERT INTO `tb_boleta` (id, created_at, direccion, estado, igv, nombre_cliente, numero_documento, observaciones, subtotal, tipo_tarjeta, total, total_descuento, id_tienda, id_trabajador, id_usuario) VALUES (71, '2025-10-29 15:47:54', 'Calle De la Cultura 527, Víctor Larco Herrera', 'Enviado', 669.13, 'Cliente 47', '10237270', 'Un clásico reinventado.', 3717.41, 'Mastercard', 4386.54, 106.15, 5, 32, 47);
INSERT INTO `tb_transaccion` (id_boleta, id_producto, descuento, precio_unitario, total, unidades) VALUES (71, 77, 49.58, 443.39, 1280.59, 3);
INSERT INTO `tb_transaccion` (id_boleta, id_producto, descuento, precio_unitario, total, unidades) VALUES (71, 46, 16.03, 503.72, 991.41, 2);
INSERT INTO `tb_transaccion` (id_boleta, id_producto, descuento, precio_unitario, total, unidades) VALUES (71, 106, 40.54, 718.36, 2114.54, 3);
INSERT INTO `tb_boleta` (id, created_at, direccion, estado, igv, nombre_cliente, numero_documento, observaciones, subtotal, tipo_tarjeta, total, total_descuento, id_tienda, id_trabajador, id_usuario) VALUES (72, '2025-10-29 15:47:54', 'Calle Arequipa 270, Miraflores', 'Enviado', 266.23, 'Cliente 10', '45332169', 'Perfecto para el día a día.', 1479.08, 'Diners', 1745.31, 80.53, 3, 6, 10);
INSERT INTO `tb_transaccion` (id_boleta, id_producto, descuento, precio_unitario, total, unidades) VALUES (72, 86, 55.81, 493.12, 930.43, 2);
INSERT INTO `tb_transaccion` (id_boleta, id_producto, descuento, precio_unitario, total, unidades) VALUES (72, 61, 24.72, 419.80, 814.88, 2);
INSERT INTO `tb_boleta` (id, created_at, direccion, estado, igv, nombre_cliente, numero_documento, observaciones, subtotal, tipo_tarjeta, total, total_descuento, id_tienda, id_trabajador, id_usuario) VALUES (73, '2025-10-29 15:47:54', 'Av. Pardo 208, Wanchaq', 'Enviado', 694.06, 'Cliente 17', '10109601', 'Máxima comodidad y estilo.', 3855.87, 'AMEX', 4549.93, 139.95, 3, 30, 17);
INSERT INTO `tb_transaccion` (id_boleta, id_producto, descuento, precio_unitario, total, unidades) VALUES (73, 137, 14.31, 228.52, 214.21, 1);
INSERT INTO `tb_transaccion` (id_boleta, id_producto, descuento, precio_unitario, total, unidades) VALUES (73, 78, 47.10, 756.11, 2221.23, 3);
INSERT INTO `tb_transaccion` (id_boleta, id_producto, descuento, precio_unitario, total, unidades) VALUES (73, 116, 6.04, 146.97, 287.90, 2);
INSERT INTO `tb_transaccion` (id_boleta, id_producto, descuento, precio_unitario, total, unidades) VALUES (73, 24, 72.50, 633.03, 1826.59, 3);
INSERT INTO `tb_boleta` (id, created_at, direccion, estado, igv, nombre_cliente, numero_documento, observaciones, subtotal, tipo_tarjeta, total, total_descuento, id_tienda, id_trabajador, id_usuario) VALUES (74, '2025-10-29 15:47:54', 'Av. Salaverry 860, Trujillo', 'Pagado', 96.81, 'Cliente 8', '26382708', 'Tecnología de punta para deporte.', 537.84, 'Visa', 634.65, 53.51, 4, 16, 8);
INSERT INTO `tb_transaccion` (id_boleta, id_producto, descuento, precio_unitario, total, unidades) VALUES (74, 104, 53.51, 688.16, 634.65, 1);
INSERT INTO `tb_boleta` (id, created_at, direccion, estado, igv, nombre_cliente, numero_documento, observaciones, subtotal, tipo_tarjeta, total, total_descuento, id_tienda, id_trabajador, id_usuario) VALUES (75, '2025-10-29 15:47:54', 'Av. Larco 354, Víctor Larco Herrera', 'Pagado', 704.63, 'Cliente 31', '45248920', 'Máxima comodidad y estilo.', 3914.60, 'Diners', 4619.23, 157.11, 3, 17, 31);
INSERT INTO `tb_transaccion` (id_boleta, id_producto, descuento, precio_unitario, total, unidades) VALUES (75, 160, 86.32, 697.00, 1307.68, 2);
INSERT INTO `tb_transaccion` (id_boleta, id_producto, descuento, precio_unitario, total, unidades) VALUES (75, 185, 67.10, 664.84, 1262.58, 2);
INSERT INTO `tb_transaccion` (id_boleta, id_producto, descuento, precio_unitario, total, unidades) VALUES (75, 62, 3.69, 684.22, 2048.97, 3);
INSERT INTO `tb_boleta` (id, created_at, direccion, estado, igv, nombre_cliente, numero_documento, observaciones, subtotal, tipo_tarjeta, total, total_descuento, id_tienda, id_trabajador, id_usuario) VALUES (76, '2025-10-29 15:47:54', 'Av. Angamos 775, Miraflores', 'Entregado', 110.31, 'Cliente 33', '61236175', 'Máxima comodidad y estilo.', 612.86, 'AMEX', 723.17, 10.82, 4, 30, 33);
INSERT INTO `tb_transaccion` (id_boleta, id_producto, descuento, precio_unitario, total, unidades) VALUES (76, 101, 0.94, 609.95, 609.01, 1);
INSERT INTO `tb_transaccion` (id_boleta, id_producto, descuento, precio_unitario, total, unidades) VALUES (76, 67, 9.88, 124.04, 114.16, 1);
INSERT INTO `tb_boleta` (id, created_at, direccion, estado, igv, nombre_cliente, numero_documento, observaciones, subtotal, tipo_tarjeta, total, total_descuento, id_tienda, id_trabajador, id_usuario) VALUES (77, '2025-10-29 15:47:54', 'Av. El Sol 1867, Miraflores', 'Enviado', 504.99, 'Cliente 40', '42755088', 'Un clásico reinventado.', 2805.52, 'AMEX', 3310.51, 84.89, 2, 38, 40);
INSERT INTO `tb_transaccion` (id_boleta, id_producto, descuento, precio_unitario, total, unidades) VALUES (77, 167, 10.27, 529.04, 1047.81, 2);
INSERT INTO `tb_transaccion` (id_boleta, id_producto, descuento, precio_unitario, total, unidades) VALUES (77, 173, 3.65, 423.70, 843.75, 2);
INSERT INTO `tb_transaccion` (id_boleta, id_producto, descuento, precio_unitario, total, unidades) VALUES (77, 48, 19.61, 196.08, 176.47, 1);
INSERT INTO `tb_transaccion` (id_boleta, id_producto, descuento, precio_unitario, total, unidades) VALUES (77, 14, 51.36, 646.92, 1242.48, 2);
INSERT INTO `tb_boleta` (id, created_at, direccion, estado, igv, nombre_cliente, numero_documento, observaciones, subtotal, tipo_tarjeta, total, total_descuento, id_tienda, id_trabajador, id_usuario) VALUES (78, '2025-10-29 15:47:54', 'Av. Benavides 746, Miraflores', 'Pagado', 585.39, 'Cliente 12', '54569072', 'Perfecto para el día a día.', 3252.17, 'Diners', 3837.56, 106.57, 4, 47, 12);
INSERT INTO `tb_transaccion` (id_boleta, id_producto, descuento, precio_unitario, total, unidades) VALUES (78, 198, 9.08, 483.96, 958.84, 2);
INSERT INTO `tb_transaccion` (id_boleta, id_producto, descuento, precio_unitario, total, unidades) VALUES (78, 170, 11.60, 229.41, 217.81, 1);
INSERT INTO `tb_transaccion` (id_boleta, id_producto, descuento, precio_unitario, total, unidades) VALUES (78, 49, 11.85, 120.59, 349.92, 3);
INSERT INTO `tb_transaccion` (id_boleta, id_producto, descuento, precio_unitario, total, unidades) VALUES (78, 100, 74.04, 795.01, 2310.99, 3);
INSERT INTO `tb_boleta` (id, created_at, direccion, estado, igv, nombre_cliente, numero_documento, observaciones, subtotal, tipo_tarjeta, total, total_descuento, id_tienda, id_trabajador, id_usuario) VALUES (79, '2025-10-29 15:47:54', 'Calle Pardo 1141, Trujillo', 'Entregado', 323.50, 'Cliente 42', '28387538', 'Tecnología de punta para deporte.', 1797.25, 'AMEX', 2120.75, 63.66, 3, 18, 42);
INSERT INTO `tb_transaccion` (id_boleta, id_producto, descuento, precio_unitario, total, unidades) VALUES (79, 113, 36.13, 351.31, 666.49, 2);
INSERT INTO `tb_transaccion` (id_boleta, id_producto, descuento, precio_unitario, total, unidades) VALUES (79, 92, 27.53, 493.93, 1454.26, 3);
INSERT INTO `tb_boleta` (id, created_at, direccion, estado, igv, nombre_cliente, numero_documento, observaciones, subtotal, tipo_tarjeta, total, total_descuento, id_tienda, id_trabajador, id_usuario) VALUES (80, '2025-10-29 15:47:54', 'Av. Benavides 567, Trujillo', 'Entregado', 394.19, 'Cliente 6', '79543653', 'Máxima comodidad y estilo.', 2189.92, 'Visa', 2584.11, 91.78, 1, 51, 6);
INSERT INTO `tb_transaccion` (id_boleta, id_producto, descuento, precio_unitario, total, unidades) VALUES (80, 60, 28.06, 394.18, 366.12, 1);
INSERT INTO `tb_transaccion` (id_boleta, id_producto, descuento, precio_unitario, total, unidades) VALUES (80, 12, 63.72, 760.57, 2217.99, 3);
INSERT INTO `tb_boleta` (id, created_at, direccion, estado, igv, nombre_cliente, numero_documento, observaciones, subtotal, tipo_tarjeta, total, total_descuento, id_tienda, id_trabajador, id_usuario) VALUES (81, '2025-10-29 15:47:54', 'Calle De la Cultura 1850, Miraflores', 'Enviado', 545.98, 'Cliente 31', '81105694', 'Tecnología de punta para deporte.', 3033.22, 'AMEX', 3579.20, 85.57, 4, 35, 31);
INSERT INTO `tb_transaccion` (id_boleta, id_producto, descuento, precio_unitario, total, unidades) VALUES (81, 10, 36.72, 667.30, 1297.88, 2);
INSERT INTO `tb_transaccion` (id_boleta, id_producto, descuento, precio_unitario, total, unidades) VALUES (81, 3, 26.30, 270.99, 515.68, 2);
INSERT INTO `tb_transaccion` (id_boleta, id_producto, descuento, precio_unitario, total, unidades) VALUES (81, 80, 11.45, 183.02, 354.59, 2);
INSERT INTO `tb_transaccion` (id_boleta, id_producto, descuento, precio_unitario, total, unidades) VALUES (81, 36, 11.10, 474.05, 1411.05, 3);
INSERT INTO `tb_boleta` (id, created_at, direccion, estado, igv, nombre_cliente, numero_documento, observaciones, subtotal, tipo_tarjeta, total, total_descuento, id_tienda, id_trabajador, id_usuario) VALUES (82, '2025-10-29 15:47:54', 'Calle Ejército 1976, Yanahuara', 'Entregado', 543.27, 'Cliente 47', '20779671', 'Máxima comodidad y estilo.', 3018.15, 'Mastercard', 3561.42, 148.64, 4, 22, 47);
INSERT INTO `tb_transaccion` (id_boleta, id_producto, descuento, precio_unitario, total, unidades) VALUES (82, 88, 34.30, 682.56, 2013.38, 3);
INSERT INTO `tb_transaccion` (id_boleta, id_producto, descuento, precio_unitario, total, unidades) VALUES (82, 107, 57.28, 714.28, 657.00, 1);
INSERT INTO `tb_transaccion` (id_boleta, id_producto, descuento, precio_unitario, total, unidades) VALUES (82, 36, 57.06, 474.05, 891.04, 2);
INSERT INTO `tb_boleta` (id, created_at, direccion, estado, igv, nombre_cliente, numero_documento, observaciones, subtotal, tipo_tarjeta, total, total_descuento, id_tienda, id_trabajador, id_usuario) VALUES (83, '2025-10-29 15:47:54', 'Paseo El Sol 1391, Víctor Larco Herrera', 'Pagado', 357.28, 'Cliente 28', '31001164', 'Perfecto para el día a día.', 1984.87, 'Mastercard', 2342.15, 112.54, 2, 35, 28);
INSERT INTO `tb_transaccion` (id_boleta, id_producto, descuento, precio_unitario, total, unidades) VALUES (83, 70, 22.68, 331.73, 309.05, 1);
INSERT INTO `tb_transaccion` (id_boleta, id_producto, descuento, precio_unitario, total, unidades) VALUES (83, 10, 69.20, 667.30, 1265.40, 2);
INSERT INTO `tb_transaccion` (id_boleta, id_producto, descuento, precio_unitario, total, unidades) VALUES (83, 60, 20.66, 394.18, 767.70, 2);
INSERT INTO `tb_boleta` (id, created_at, direccion, estado, igv, nombre_cliente, numero_documento, observaciones, subtotal, tipo_tarjeta, total, total_descuento, id_tienda, id_trabajador, id_usuario) VALUES (84, '2025-10-29 15:47:54', 'Av. Salaverry 1316, Wanchaq', 'Entregado', 56.24, 'Cliente 50', '20940617', 'Un clásico reinventado.', 312.44, 'AMEX', 368.68, 13.34, 5, 4, 50);
INSERT INTO `tb_transaccion` (id_boleta, id_producto, descuento, precio_unitario, total, unidades) VALUES (84, 168, 13.34, 191.01, 368.68, 2);
INSERT INTO `tb_boleta` (id, created_at, direccion, estado, igv, nombre_cliente, numero_documento, observaciones, subtotal, tipo_tarjeta, total, total_descuento, id_tienda, id_trabajador, id_usuario) VALUES (85, '2025-10-29 15:47:54', 'Paseo El Sol 1762, Miraflores', 'Enviado', 498.32, 'Cliente 13', '85828514', 'Ideal para corredores urbanos.', 2768.45, 'Visa', 3266.77, 133.40, 1, 44, 13);
INSERT INTO `tb_transaccion` (id_boleta, id_producto, descuento, precio_unitario, total, unidades) VALUES (85, 9, 30.62, 300.40, 870.58, 3);
INSERT INTO `tb_transaccion` (id_boleta, id_producto, descuento, precio_unitario, total, unidades) VALUES (85, 158, 99.91, 735.01, 2105.12, 3);
INSERT INTO `tb_transaccion` (id_boleta, id_producto, descuento, precio_unitario, total, unidades) VALUES (85, 116, 2.87, 146.97, 291.07, 2);
INSERT INTO `tb_boleta` (id, created_at, direccion, estado, igv, nombre_cliente, numero_documento, observaciones, subtotal, tipo_tarjeta, total, total_descuento, id_tienda, id_trabajador, id_usuario) VALUES (86, '2025-10-29 15:47:54', 'Jr. Arequipa 102, Yanahuara', 'Enviado', 243.64, 'Cliente 50', '50649364', 'Tecnología de punta para deporte.', 1353.54, 'Visa', 1597.18, 90.06, 2, 6, 50);
INSERT INTO `tb_transaccion` (id_boleta, id_producto, descuento, precio_unitario, total, unidades) VALUES (86, 107, 85.40, 714.28, 628.88, 1);
INSERT INTO `tb_transaccion` (id_boleta, id_producto, descuento, precio_unitario, total, unidades) VALUES (86, 4, 4.66, 324.32, 968.30, 3);
INSERT INTO `tb_boleta` (id, created_at, direccion, estado, igv, nombre_cliente, numero_documento, observaciones, subtotal, tipo_tarjeta, total, total_descuento, id_tienda, id_trabajador, id_usuario) VALUES (87, '2025-10-29 15:47:54', 'Paseo Larco 808, Miraflores', 'Entregado', 686.50, 'Cliente 35', '18523061', 'Perfecto para el día a día.', 3813.88, 'Mastercard', 4500.38, 158.46, 1, 43, 35);
INSERT INTO `tb_transaccion` (id_boleta, id_producto, descuento, precio_unitario, total, unidades) VALUES (87, 78, 60.61, 756.11, 1451.61, 2);
INSERT INTO `tb_transaccion` (id_boleta, id_producto, descuento, precio_unitario, total, unidades) VALUES (87, 5, 46.64, 664.26, 1946.14, 3);
INSERT INTO `tb_transaccion` (id_boleta, id_producto, descuento, precio_unitario, total, unidades) VALUES (87, 128, 8.44, 151.04, 444.68, 3);
INSERT INTO `tb_transaccion` (id_boleta, id_producto, descuento, precio_unitario, total, unidades) VALUES (87, 72, 42.77, 350.36, 657.95, 2);
INSERT INTO `tb_boleta` (id, created_at, direccion, estado, igv, nombre_cliente, numero_documento, observaciones, subtotal, tipo_tarjeta, total, total_descuento, id_tienda, id_trabajador, id_usuario) VALUES (88, '2025-10-29 15:47:54', 'Jr. Javier Prado 288, Miraflores', 'Entregado', 178.74, 'Cliente 32', '93767063', 'Perfecto para el día a día.', 992.97, 'AMEX', 1171.71, 75.64, 1, 3, 32);
INSERT INTO `tb_transaccion` (id_boleta, id_producto, descuento, precio_unitario, total, unidades) VALUES (88, 127, 26.24, 226.27, 200.03, 1);
INSERT INTO `tb_transaccion` (id_boleta, id_producto, descuento, precio_unitario, total, unidades) VALUES (88, 2, 49.40, 340.36, 971.68, 3);
INSERT INTO `tb_boleta` (id, created_at, direccion, estado, igv, nombre_cliente, numero_documento, observaciones, subtotal, tipo_tarjeta, total, total_descuento, id_tienda, id_trabajador, id_usuario) VALUES (89, '2025-10-29 15:47:54', 'Jr. Salaverry 1292, Wanchaq', 'Pagado', 428.99, 'Cliente 17', '94344024', 'Máxima comodidad y estilo.', 2383.25, 'Visa', 2812.24, 115.32, 4, 23, 17);
INSERT INTO `tb_transaccion` (id_boleta, id_producto, descuento, precio_unitario, total, unidades) VALUES (89, 196, 27.44, 583.90, 1140.36, 2);
INSERT INTO `tb_transaccion` (id_boleta, id_producto, descuento, precio_unitario, total, unidades) VALUES (89, 46, 70.89, 503.72, 1440.27, 3);
INSERT INTO `tb_transaccion` (id_boleta, id_producto, descuento, precio_unitario, total, unidades) VALUES (89, 182, 16.99, 124.30, 231.61, 2);
INSERT INTO `tb_boleta` (id, created_at, direccion, estado, igv, nombre_cliente, numero_documento, observaciones, subtotal, tipo_tarjeta, total, total_descuento, id_tienda, id_trabajador, id_usuario) VALUES (90, '2025-10-29 15:47:54', 'Paseo Javier Prado 1384, Miraflores', 'Enviado', 396.34, 'Cliente 7', '28030313', 'Máxima comodidad y estilo.', 2201.87, 'AMEX', 2598.21, 95.37, 5, 45, 7);
INSERT INTO `tb_transaccion` (id_boleta, id_producto, descuento, precio_unitario, total, unidades) VALUES (90, 167, 21.57, 529.04, 1565.55, 3);
INSERT INTO `tb_transaccion` (id_boleta, id_producto, descuento, precio_unitario, total, unidades) VALUES (90, 57, 50.92, 347.34, 296.42, 1);
INSERT INTO `tb_transaccion` (id_boleta, id_producto, descuento, precio_unitario, total, unidades) VALUES (90, 128, 20.42, 151.04, 281.66, 2);
INSERT INTO `tb_transaccion` (id_boleta, id_producto, descuento, precio_unitario, total, unidades) VALUES (90, 137, 2.46, 228.52, 454.58, 2);
INSERT INTO `tb_boleta` (id, created_at, direccion, estado, igv, nombre_cliente, numero_documento, observaciones, subtotal, tipo_tarjeta, total, total_descuento, id_tienda, id_trabajador, id_usuario) VALUES (91, '2025-10-29 15:47:54', 'Av. El Sol 341, Miraflores', 'Entregado', 586.84, 'Cliente 5', '95462521', 'Perfecto para el día a día.', 3260.23, 'Mastercard', 3847.07, 196.95, 5, 4, 5);
INSERT INTO `tb_transaccion` (id_boleta, id_producto, descuento, precio_unitario, total, unidades) VALUES (91, 107, 80.81, 714.28, 2062.03, 3);
INSERT INTO `tb_transaccion` (id_boleta, id_producto, descuento, precio_unitario, total, unidades) VALUES (91, 190, 53.78, 419.58, 785.38, 2);
INSERT INTO `tb_transaccion` (id_boleta, id_producto, descuento, precio_unitario, total, unidades) VALUES (91, 86, 21.22, 493.12, 471.90, 1);
INSERT INTO `tb_transaccion` (id_boleta, id_producto, descuento, precio_unitario, total, unidades) VALUES (91, 124, 41.14, 284.45, 527.76, 2);
INSERT INTO `tb_boleta` (id, created_at, direccion, estado, igv, nombre_cliente, numero_documento, observaciones, subtotal, tipo_tarjeta, total, total_descuento, id_tienda, id_trabajador, id_usuario) VALUES (92, '2025-10-29 15:47:54', 'Paseo Grau 1879, Trujillo', 'Pagado', 308.37, 'Cliente 20', '95531609', 'Ideal para corredores urbanos.', 1713.18, 'Visa', 2021.55, 174.80, 5, 29, 20);
INSERT INTO `tb_transaccion` (id_boleta, id_producto, descuento, precio_unitario, total, unidades) VALUES (92, 56, 92.36, 624.59, 532.23, 1);
INSERT INTO `tb_transaccion` (id_boleta, id_producto, descuento, precio_unitario, total, unidades) VALUES (92, 34, 82.44, 785.88, 1489.32, 2);
INSERT INTO `tb_boleta` (id, created_at, direccion, estado, igv, nombre_cliente, numero_documento, observaciones, subtotal, tipo_tarjeta, total, total_descuento, id_tienda, id_trabajador, id_usuario) VALUES (93, '2025-10-29 15:47:54', 'Paseo Grau 1436, Miraflores', 'Entregado', 255.65, 'Cliente 30', '66987189', 'Un clásico reinventado.', 1420.27, 'AMEX', 1675.92, 91.13, 1, 38, 30);
INSERT INTO `tb_transaccion` (id_boleta, id_producto, descuento, precio_unitario, total, unidades) VALUES (93, 154, 8.28, 343.59, 678.90, 2);
INSERT INTO `tb_transaccion` (id_boleta, id_producto, descuento, precio_unitario, total, unidades) VALUES (93, 117, 52.83, 449.37, 396.54, 1);
INSERT INTO `tb_transaccion` (id_boleta, id_producto, descuento, precio_unitario, total, unidades) VALUES (93, 131, 30.02, 630.50, 600.48, 1);
INSERT INTO `tb_boleta` (id, created_at, direccion, estado, igv, nombre_cliente, numero_documento, observaciones, subtotal, tipo_tarjeta, total, total_descuento, id_tienda, id_trabajador, id_usuario) VALUES (94, '2025-10-29 15:47:54', 'Calle Pardo 1516, Trujillo', 'Entregado', 198.23, 'Cliente 37', '79651778', 'Tecnología de punta para deporte.', 1101.30, 'Diners', 1299.53, 147.13, 4, 3, 37);
INSERT INTO `tb_transaccion` (id_boleta, id_producto, descuento, precio_unitario, total, unidades) VALUES (94, 5, 82.94, 664.26, 581.32, 1);
INSERT INTO `tb_transaccion` (id_boleta, id_producto, descuento, precio_unitario, total, unidades) VALUES (94, 114, 64.19, 782.40, 718.21, 1);
INSERT INTO `tb_boleta` (id, created_at, direccion, estado, igv, nombre_cliente, numero_documento, observaciones, subtotal, tipo_tarjeta, total, total_descuento, id_tienda, id_trabajador, id_usuario) VALUES (95, '2025-10-29 15:47:54', 'Paseo Primavera 1356, Miraflores', 'Pagado', 740.73, 'Cliente 27', '65077516', 'Tecnología de punta para deporte.', 4115.18, 'Visa', 4855.91, 198.11, 2, 10, 27);
INSERT INTO `tb_transaccion` (id_boleta, id_producto, descuento, precio_unitario, total, unidades) VALUES (95, 147, 64.04, 434.22, 1238.62, 3);
INSERT INTO `tb_transaccion` (id_boleta, id_producto, descuento, precio_unitario, total, unidades) VALUES (95, 132, 71.21, 720.33, 2089.78, 3);
INSERT INTO `tb_transaccion` (id_boleta, id_producto, descuento, precio_unitario, total, unidades) VALUES (95, 111, 7.29, 123.49, 363.18, 3);
INSERT INTO `tb_transaccion` (id_boleta, id_producto, descuento, precio_unitario, total, unidades) VALUES (95, 101, 55.57, 609.95, 1164.33, 2);
INSERT INTO `tb_boleta` (id, created_at, direccion, estado, igv, nombre_cliente, numero_documento, observaciones, subtotal, tipo_tarjeta, total, total_descuento, id_tienda, id_trabajador, id_usuario) VALUES (96, '2025-10-29 15:47:54', 'Paseo Grau 1651, Víctor Larco Herrera', 'Enviado', 119.21, 'Cliente 42', '44820615', 'Perfecto para el día a día.', 662.27, 'Visa', 781.48, 51.30, 1, 52, 42);
INSERT INTO `tb_transaccion` (id_boleta, id_producto, descuento, precio_unitario, total, unidades) VALUES (96, 38, 51.30, 416.39, 781.48, 2);
INSERT INTO `tb_boleta` (id, created_at, direccion, estado, igv, nombre_cliente, numero_documento, observaciones, subtotal, tipo_tarjeta, total, total_descuento, id_tienda, id_trabajador, id_usuario) VALUES (97, '2025-10-29 15:47:54', 'Paseo Ejército 309, Trujillo', 'Entregado', 448.82, 'Cliente 29', '47171858', 'Ideal para corredores urbanos.', 2493.46, 'Diners', 2942.28, 91.29, 1, 4, 29);
INSERT INTO `tb_transaccion` (id_boleta, id_producto, descuento, precio_unitario, total, unidades) VALUES (97, 156, 9.14, 402.78, 796.42, 2);
INSERT INTO `tb_transaccion` (id_boleta, id_producto, descuento, precio_unitario, total, unidades) VALUES (97, 89, 82.15, 742.67, 2145.86, 3);
INSERT INTO `tb_boleta` (id, created_at, direccion, estado, igv, nombre_cliente, numero_documento, observaciones, subtotal, tipo_tarjeta, total, total_descuento, id_tienda, id_trabajador, id_usuario) VALUES (98, '2025-10-29 15:47:54', 'Calle Larco 294, Miraflores', 'Entregado', 387.93, 'Cliente 28', '12139438', 'Ideal para corredores urbanos.', 2155.17, 'Visa', 2543.10, 125.54, 3, 41, 28);
INSERT INTO `tb_transaccion` (id_boleta, id_producto, descuento, precio_unitario, total, unidades) VALUES (98, 172, 35.76, 256.26, 476.76, 2);
INSERT INTO `tb_transaccion` (id_boleta, id_producto, descuento, precio_unitario, total, unidades) VALUES (98, 4, 27.56, 324.32, 621.08, 2);
INSERT INTO `tb_transaccion` (id_boleta, id_producto, descuento, precio_unitario, total, unidades) VALUES (98, 19, 62.22, 753.74, 1445.26, 2);
INSERT INTO `tb_boleta` (id, created_at, direccion, estado, igv, nombre_cliente, numero_documento, observaciones, subtotal, tipo_tarjeta, total, total_descuento, id_tienda, id_trabajador, id_usuario) VALUES (99, '2025-10-29 15:47:54', 'Calle Salaverry 743, Trujillo', 'Pagado', 499.10, 'Cliente 8', '67466473', 'Perfecto para el día a día.', 2772.77, 'Visa', 3271.87, 79.19, 2, 51, 8);
INSERT INTO `tb_transaccion` (id_boleta, id_producto, descuento, precio_unitario, total, unidades) VALUES (99, 50, 38.94, 358.63, 1036.95, 3);
INSERT INTO `tb_transaccion` (id_boleta, id_producto, descuento, precio_unitario, total, unidades) VALUES (99, 156, 8.34, 402.78, 1200.00, 3);
INSERT INTO `tb_transaccion` (id_boleta, id_producto, descuento, precio_unitario, total, unidades) VALUES (99, 197, 29.87, 517.77, 487.90, 1);
INSERT INTO `tb_transaccion` (id_boleta, id_producto, descuento, precio_unitario, total, unidades) VALUES (99, 80, 2.04, 183.02, 547.02, 3);
INSERT INTO `tb_boleta` (id, created_at, direccion, estado, igv, nombre_cliente, numero_documento, observaciones, subtotal, tipo_tarjeta, total, total_descuento, id_tienda, id_trabajador, id_usuario) VALUES (100, '2025-10-29 15:47:54', 'Jr. Larco 736, Wanchaq', 'Pagado', 335.13, 'Cliente 18', '80542582', 'Máxima comodidad y estilo.', 1861.81, 'Mastercard', 2196.94, 74.18, 2, 40, 18);
INSERT INTO `tb_transaccion` (id_boleta, id_producto, descuento, precio_unitario, total, unidades) VALUES (100, 110, 10.07, 143.88, 421.57, 3);
INSERT INTO `tb_transaccion` (id_boleta, id_producto, descuento, precio_unitario, total, unidades) VALUES (100, 148, 64.11, 613.16, 1775.37, 3);
INSERT INTO `tb_boleta` (id, created_at, direccion, estado, igv, nombre_cliente, numero_documento, observaciones, subtotal, tipo_tarjeta, total, total_descuento, id_tienda, id_trabajador, id_usuario) VALUES (101, '2025-10-29 15:47:54', 'Av. Angamos 1783, Yanahuara', 'Enviado', 114.92, 'Cliente 28', '30114600', 'Ideal para corredores urbanos.', 638.46, 'Diners', 753.38, 52.96, 1, 6, 28);
INSERT INTO `tb_transaccion` (id_boleta, id_producto, descuento, precio_unitario, total, unidades) VALUES (101, 147, 48.38, 434.22, 385.84, 1);
INSERT INTO `tb_transaccion` (id_boleta, id_producto, descuento, precio_unitario, total, unidades) VALUES (101, 67, 4.58, 124.04, 367.54, 3);
INSERT INTO `tb_boleta` (id, created_at, direccion, estado, igv, nombre_cliente, numero_documento, observaciones, subtotal, tipo_tarjeta, total, total_descuento, id_tienda, id_trabajador, id_usuario) VALUES (102, '2025-10-29 15:47:54', 'Calle Salaverry 978, Víctor Larco Herrera', 'Enviado', 257.48, 'Cliente 21', '76548162', 'Máxima comodidad y estilo.', 1430.42, 'AMEX', 1687.90, 21.48, 4, 31, 21);
INSERT INTO `tb_transaccion` (id_boleta, id_producto, descuento, precio_unitario, total, unidades) VALUES (102, 29, 0.61, 454.68, 1363.43, 3);
INSERT INTO `tb_transaccion` (id_boleta, id_producto, descuento, precio_unitario, total, unidades) VALUES (102, 175, 20.87, 172.67, 324.47, 2);
INSERT INTO `tb_boleta` (id, created_at, direccion, estado, igv, nombre_cliente, numero_documento, observaciones, subtotal, tipo_tarjeta, total, total_descuento, id_tienda, id_trabajador, id_usuario) VALUES (103, '2025-10-29 15:47:54', 'Paseo Primavera 1525, Miraflores', 'Enviado', 113.11, 'Cliente 46', '47711904', 'Ideal para corredores urbanos.', 628.37, 'Visa', 741.48, 48.70, 2, 40, 46);
INSERT INTO `tb_transaccion` (id_boleta, id_producto, descuento, precio_unitario, total, unidades) VALUES (103, 16, 48.70, 790.18, 741.48, 1);
INSERT INTO `tb_boleta` (id, created_at, direccion, estado, igv, nombre_cliente, numero_documento, observaciones, subtotal, tipo_tarjeta, total, total_descuento, id_tienda, id_trabajador, id_usuario) VALUES (104, '2025-10-29 15:47:54', 'Calle Pardo 1168, Cusco Cercado', 'Enviado', 82.01, 'Cliente 15', '88913966', 'Tecnología de punta para deporte.', 455.62, 'AMEX', 537.63, 12.21, 5, 45, 15);
INSERT INTO `tb_transaccion` (id_boleta, id_producto, descuento, precio_unitario, total, unidades) VALUES (104, 97, 12.21, 183.28, 537.63, 3);
INSERT INTO `tb_boleta` (id, created_at, direccion, estado, igv, nombre_cliente, numero_documento, observaciones, subtotal, tipo_tarjeta, total, total_descuento, id_tienda, id_trabajador, id_usuario) VALUES (105, '2025-10-29 15:47:54', 'Av. Pardo 1543, Yanahuara', 'Pagado', 440.89, 'Cliente 41', '20810453', 'Un clásico reinventado.', 2449.38, 'AMEX', 2890.27, 75.87, 4, 39, 41);
INSERT INTO `tb_transaccion` (id_boleta, id_producto, descuento, precio_unitario, total, unidades) VALUES (105, 111, 16.72, 123.49, 230.26, 2);
INSERT INTO `tb_transaccion` (id_boleta, id_producto, descuento, precio_unitario, total, unidades) VALUES (105, 50, 53.64, 358.63, 663.62, 2);
INSERT INTO `tb_transaccion` (id_boleta, id_producto, descuento, precio_unitario, total, unidades) VALUES (105, 10, 5.51, 667.30, 1996.39, 3);
INSERT INTO `tb_boleta` (id, created_at, direccion, estado, igv, nombre_cliente, numero_documento, observaciones, subtotal, tipo_tarjeta, total, total_descuento, id_tienda, id_trabajador, id_usuario) VALUES (106, '2025-10-29 15:47:54', 'Av. Ejército 1265, Miraflores', 'Enviado', 621.86, 'Cliente 29', '93540943', 'Máxima comodidad y estilo.', 3454.80, 'Diners', 4076.66, 108.80, 4, 42, 29);
INSERT INTO `tb_transaccion` (id_boleta, id_producto, descuento, precio_unitario, total, unidades) VALUES (106, 155, 43.21, 433.75, 824.29, 2);
INSERT INTO `tb_transaccion` (id_boleta, id_producto, descuento, precio_unitario, total, unidades) VALUES (106, 81, 28.83, 550.09, 1071.35, 2);
INSERT INTO `tb_transaccion` (id_boleta, id_producto, descuento, precio_unitario, total, unidades) VALUES (106, 178, 17.34, 480.35, 1423.71, 3);
INSERT INTO `tb_transaccion` (id_boleta, id_producto, descuento, precio_unitario, total, unidades) VALUES (106, 37, 19.42, 258.91, 757.31, 3);
INSERT INTO `tb_boleta` (id, created_at, direccion, estado, igv, nombre_cliente, numero_documento, observaciones, subtotal, tipo_tarjeta, total, total_descuento, id_tienda, id_trabajador, id_usuario) VALUES (107, '2025-10-29 15:47:54', 'Calle Grau 518, Cayma', 'Enviado', 47.75, 'Cliente 18', '78590731', 'Ideal para corredores urbanos.', 265.31, 'Diners', 313.06, 38.60, 2, 51, 18);
INSERT INTO `tb_transaccion` (id_boleta, id_producto, descuento, precio_unitario, total, unidades) VALUES (107, 200, 38.60, 351.66, 313.06, 1);
INSERT INTO `tb_boleta` (id, created_at, direccion, estado, igv, nombre_cliente, numero_documento, observaciones, subtotal, tipo_tarjeta, total, total_descuento, id_tienda, id_trabajador, id_usuario) VALUES (108, '2025-10-29 15:47:54', 'Calle Javier Prado 447, Víctor Larco Herrera', 'Pagado', 184.41, 'Cliente 14', '90448578', 'Un clásico reinventado.', 1024.48, 'Mastercard', 1208.89, 57.17, 4, 2, 14);
INSERT INTO `tb_transaccion` (id_boleta, id_producto, descuento, precio_unitario, total, unidades) VALUES (108, 24, 57.17, 633.03, 1208.89, 2);
INSERT INTO `tb_boleta` (id, created_at, direccion, estado, igv, nombre_cliente, numero_documento, observaciones, subtotal, tipo_tarjeta, total, total_descuento, id_tienda, id_trabajador, id_usuario) VALUES (109, '2025-10-29 15:47:54', 'Paseo Primavera 1758, Víctor Larco Herrera', 'Enviado', 48.31, 'Cliente 23', '37213038', 'Tecnología de punta para deporte.', 268.41, 'Visa', 316.72, 7.60, 5, 15, 23);
INSERT INTO `tb_transaccion` (id_boleta, id_producto, descuento, precio_unitario, total, unidades) VALUES (109, 4, 7.60, 324.32, 316.72, 1);
INSERT INTO `tb_boleta` (id, created_at, direccion, estado, igv, nombre_cliente, numero_documento, observaciones, subtotal, tipo_tarjeta, total, total_descuento, id_tienda, id_trabajador, id_usuario) VALUES (110, '2025-10-29 15:47:54', 'Av. Javier Prado 276, Víctor Larco Herrera', 'Pagado', 246.71, 'Cliente 43', '47039556', 'Un clásico reinventado.', 1370.64, 'Visa', 1617.35, 3.46, 5, 32, 43);
INSERT INTO `tb_transaccion` (id_boleta, id_producto, descuento, precio_unitario, total, unidades) VALUES (110, 87, 3.46, 540.27, 1617.35, 3);
INSERT INTO `tb_boleta` (id, created_at, direccion, estado, igv, nombre_cliente, numero_documento, observaciones, subtotal, tipo_tarjeta, total, total_descuento, id_tienda, id_trabajador, id_usuario) VALUES (111, '2025-10-29 15:47:54', 'Paseo Arequipa 1746, Cayma', 'Pagado', 293.34, 'Cliente 17', '18182960', 'Perfecto para el día a día.', 1629.69, 'Visa', 1923.03, 77.95, 5, 17, 17);
INSERT INTO `tb_transaccion` (id_boleta, id_producto, descuento, precio_unitario, total, unidades) VALUES (111, 177, 6.37, 221.30, 657.53, 3);
INSERT INTO `tb_transaccion` (id_boleta, id_producto, descuento, precio_unitario, total, unidades) VALUES (111, 91, 71.58, 668.54, 1265.50, 2);
INSERT INTO `tb_boleta` (id, created_at, direccion, estado, igv, nombre_cliente, numero_documento, observaciones, subtotal, tipo_tarjeta, total, total_descuento, id_tienda, id_trabajador, id_usuario) VALUES (112, '2025-10-29 15:47:54', 'Av. Arequipa 1968, Víctor Larco Herrera', 'Entregado', 74.31, 'Cliente 23', '99695450', 'Un clásico reinventado.', 412.85, 'Diners', 487.16, 18.47, 5, 30, 23);
INSERT INTO `tb_transaccion` (id_boleta, id_producto, descuento, precio_unitario, total, unidades) VALUES (112, 94, 18.22, 159.52, 141.30, 1);
INSERT INTO `tb_transaccion` (id_boleta, id_producto, descuento, precio_unitario, total, unidades) VALUES (112, 54, 0.25, 115.37, 345.86, 3);
INSERT INTO `tb_boleta` (id, created_at, direccion, estado, igv, nombre_cliente, numero_documento, observaciones, subtotal, tipo_tarjeta, total, total_descuento, id_tienda, id_trabajador, id_usuario) VALUES (113, '2025-10-29 15:47:54', 'Paseo El Sol 1356, Wanchaq', 'Entregado', 49.52, 'Cliente 52', '20170989', 'Ideal para corredores urbanos.', 275.13, 'AMEX', 324.65, 3.03, 5, 10, 52);
INSERT INTO `tb_transaccion` (id_boleta, id_producto, descuento, precio_unitario, total, unidades) VALUES (113, 52, 3.03, 163.84, 324.65, 2);
INSERT INTO `tb_boleta` (id, created_at, direccion, estado, igv, nombre_cliente, numero_documento, observaciones, subtotal, tipo_tarjeta, total, total_descuento, id_tienda, id_trabajador, id_usuario) VALUES (114, '2025-10-29 15:47:54', 'Paseo Salaverry 1001, Víctor Larco Herrera', 'Entregado', 504.89, 'Cliente 16', '10522954', 'Un clásico reinventado.', 2804.92, 'AMEX', 3309.81, 176.23, 3, 34, 16);
INSERT INTO `tb_transaccion` (id_boleta, id_producto, descuento, precio_unitario, total, unidades) VALUES (114, 166, 96.34, 655.29, 1869.53, 3);
INSERT INTO `tb_transaccion` (id_boleta, id_producto, descuento, precio_unitario, total, unidades) VALUES (114, 176, 35.99, 293.51, 551.03, 2);
INSERT INTO `tb_transaccion` (id_boleta, id_producto, descuento, precio_unitario, total, unidades) VALUES (114, 127, 2.87, 226.27, 223.40, 1);
INSERT INTO `tb_transaccion` (id_boleta, id_producto, descuento, precio_unitario, total, unidades) VALUES (114, 31, 41.03, 353.44, 665.85, 2);
INSERT INTO `tb_boleta` (id, created_at, direccion, estado, igv, nombre_cliente, numero_documento, observaciones, subtotal, tipo_tarjeta, total, total_descuento, id_tienda, id_trabajador, id_usuario) VALUES (115, '2025-10-29 15:47:54', 'Jr. Larco 653, Trujillo', 'Enviado', 457.29, 'Cliente 48', '28375462', 'Ideal para corredores urbanos.', 2540.52, 'AMEX', 2997.81, 118.36, 3, 26, 48);
INSERT INTO `tb_transaccion` (id_boleta, id_producto, descuento, precio_unitario, total, unidades) VALUES (115, 122, 85.52, 725.95, 1366.38, 2);
INSERT INTO `tb_transaccion` (id_boleta, id_producto, descuento, precio_unitario, total, unidades) VALUES (115, 124, 10.74, 284.45, 842.61, 3);
INSERT INTO `tb_transaccion` (id_boleta, id_producto, descuento, precio_unitario, total, unidades) VALUES (115, 30, 22.10, 405.46, 788.82, 2);
INSERT INTO `tb_boleta` (id, created_at, direccion, estado, igv, nombre_cliente, numero_documento, observaciones, subtotal, tipo_tarjeta, total, total_descuento, id_tienda, id_trabajador, id_usuario) VALUES (116, '2025-10-29 15:47:54', 'Av. Pardo 1598, Cayma', 'Enviado', 34.25, 'Cliente 7', '88677017', 'Máxima comodidad y estilo.', 190.31, 'Visa', 224.56, 6.44, 2, 21, 7);
INSERT INTO `tb_transaccion` (id_boleta, id_producto, descuento, precio_unitario, total, unidades) VALUES (116, 75, 6.44, 115.50, 224.56, 2);
INSERT INTO `tb_boleta` (id, created_at, direccion, estado, igv, nombre_cliente, numero_documento, observaciones, subtotal, tipo_tarjeta, total, total_descuento, id_tienda, id_trabajador, id_usuario) VALUES (117, '2025-10-29 15:47:54', 'Av. Benavides 226, Miraflores', 'Pagado', 281.48, 'Cliente 36', '28487874', 'Ideal para corredores urbanos.', 1563.81, 'Mastercard', 1845.29, 50.08, 2, 49, 36);
INSERT INTO `tb_transaccion` (id_boleta, id_producto, descuento, precio_unitario, total, unidades) VALUES (117, 18, 13.46, 636.63, 623.17, 1);
INSERT INTO `tb_transaccion` (id_boleta, id_producto, descuento, precio_unitario, total, unidades) VALUES (117, 190, 36.62, 419.58, 1222.12, 3);
INSERT INTO `tb_boleta` (id, created_at, direccion, estado, igv, nombre_cliente, numero_documento, observaciones, subtotal, tipo_tarjeta, total, total_descuento, id_tienda, id_trabajador, id_usuario) VALUES (118, '2025-10-29 15:47:54', 'Jr. Arequipa 1762, Miraflores', 'Entregado', 205.67, 'Cliente 27', '36332237', 'Perfecto para el día a día.', 1142.60, 'Mastercard', 1348.27, 20.17, 3, 23, 27);
INSERT INTO `tb_transaccion` (id_boleta, id_producto, descuento, precio_unitario, total, unidades) VALUES (118, 62, 20.17, 684.22, 1348.27, 2);
INSERT INTO `tb_boleta` (id, created_at, direccion, estado, igv, nombre_cliente, numero_documento, observaciones, subtotal, tipo_tarjeta, total, total_descuento, id_tienda, id_trabajador, id_usuario) VALUES (119, '2025-10-29 15:47:54', 'Paseo Salaverry 1182, Cayma', 'Entregado', 97.22, 'Cliente 50', '55707425', 'Máxima comodidad y estilo.', 540.08, 'Visa', 637.30, 26.43, 1, 35, 50);
INSERT INTO `tb_transaccion` (id_boleta, id_producto, descuento, precio_unitario, total, unidades) VALUES (119, 90, 24.95, 190.09, 165.14, 1);
INSERT INTO `tb_transaccion` (id_boleta, id_producto, descuento, precio_unitario, total, unidades) VALUES (119, 199, 1.48, 473.64, 472.16, 1);
INSERT INTO `tb_boleta` (id, created_at, direccion, estado, igv, nombre_cliente, numero_documento, observaciones, subtotal, tipo_tarjeta, total, total_descuento, id_tienda, id_trabajador, id_usuario) VALUES (120, '2025-10-29 15:47:54', 'Paseo Primavera 782, Cayma', 'Enviado', 290.40, 'Cliente 43', '56522007', 'Un clásico reinventado.', 1613.31, 'Mastercard', 1903.71, 78.62, 5, 10, 43);
INSERT INTO `tb_transaccion` (id_boleta, id_producto, descuento, precio_unitario, total, unidades) VALUES (120, 126, 52.65, 389.16, 1114.83, 3);
INSERT INTO `tb_transaccion` (id_boleta, id_producto, descuento, precio_unitario, total, unidades) VALUES (120, 6, 6.93, 228.11, 449.29, 2);
INSERT INTO `tb_transaccion` (id_boleta, id_producto, descuento, precio_unitario, total, unidades) VALUES (120, 50, 19.04, 358.63, 339.59, 1);
INSERT INTO `tb_boleta` (id, created_at, direccion, estado, igv, nombre_cliente, numero_documento, observaciones, subtotal, tipo_tarjeta, total, total_descuento, id_tienda, id_trabajador, id_usuario) VALUES (121, '2025-10-29 15:47:54', 'Calle Arequipa 958, Trujillo', 'Pagado', 305.14, 'Cliente 24', '15702342', 'Ideal para corredores urbanos.', 1695.19, 'AMEX', 2000.33, 64.32, 4, 43, 24);
INSERT INTO `tb_transaccion` (id_boleta, id_producto, descuento, precio_unitario, total, unidades) VALUES (121, 196, 3.99, 583.90, 1163.81, 2);
INSERT INTO `tb_transaccion` (id_boleta, id_producto, descuento, precio_unitario, total, unidades) VALUES (121, 46, 42.03, 503.72, 461.69, 1);
INSERT INTO `tb_transaccion` (id_boleta, id_producto, descuento, precio_unitario, total, unidades) VALUES (121, 162, 18.30, 393.13, 374.83, 1);
INSERT INTO `tb_boleta` (id, created_at, direccion, estado, igv, nombre_cliente, numero_documento, observaciones, subtotal, tipo_tarjeta, total, total_descuento, id_tienda, id_trabajador, id_usuario) VALUES (122, '2025-10-29 15:47:54', 'Av. Benavides 1458, Cayma', 'Enviado', 424.41, 'Cliente 25', '82895118', 'Máxima comodidad y estilo.', 2357.86, 'Mastercard', 2782.27, 96.92, 4, 8, 25);
INSERT INTO `tb_transaccion` (id_boleta, id_producto, descuento, precio_unitario, total, unidades) VALUES (122, 152, 75.79, 626.16, 1176.53, 2);
INSERT INTO `tb_transaccion` (id_boleta, id_producto, descuento, precio_unitario, total, unidades) VALUES (122, 103, 16.67, 619.43, 602.76, 1);
INSERT INTO `tb_transaccion` (id_boleta, id_producto, descuento, precio_unitario, total, unidades) VALUES (122, 46, 4.46, 503.72, 1002.98, 2);
INSERT INTO `tb_boleta` (id, created_at, direccion, estado, igv, nombre_cliente, numero_documento, observaciones, subtotal, tipo_tarjeta, total, total_descuento, id_tienda, id_trabajador, id_usuario) VALUES (123, '2025-10-29 15:47:54', 'Jr. El Sol 1923, Cayma', 'Entregado', 106.35, 'Cliente 29', '26729785', 'Ideal para corredores urbanos.', 590.85, 'Mastercard', 697.20, 57.30, 4, 16, 29);
INSERT INTO `tb_transaccion` (id_boleta, id_producto, descuento, precio_unitario, total, unidades) VALUES (123, 7, 57.30, 754.50, 697.20, 1);
INSERT INTO `tb_boleta` (id, created_at, direccion, estado, igv, nombre_cliente, numero_documento, observaciones, subtotal, tipo_tarjeta, total, total_descuento, id_tienda, id_trabajador, id_usuario) VALUES (124, '2025-10-29 15:47:54', 'Av. Larco 839, Wanchaq', 'Entregado', 32.46, 'Cliente 48', '14214795', 'Un clásico reinventado.', 180.35, 'Mastercard', 212.81, 6.69, 1, 36, 48);
INSERT INTO `tb_transaccion` (id_boleta, id_producto, descuento, precio_unitario, total, unidades) VALUES (124, 163, 6.69, 219.50, 212.81, 1);
INSERT INTO `tb_boleta` (id, created_at, direccion, estado, igv, nombre_cliente, numero_documento, observaciones, subtotal, tipo_tarjeta, total, total_descuento, id_tienda, id_trabajador, id_usuario) VALUES (125, '2025-10-29 15:47:54', 'Paseo Angamos 779, Cusco Cercado', 'Enviado', 27.13, 'Cliente 34', '38027503', 'Perfecto para el día a día.', 150.73, 'AMEX', 177.86, 19.59, 4, 30, 34);
INSERT INTO `tb_transaccion` (id_boleta, id_producto, descuento, precio_unitario, total, unidades) VALUES (125, 69, 19.59, 197.45, 177.86, 1);
INSERT INTO `tb_boleta` (id, created_at, direccion, estado, igv, nombre_cliente, numero_documento, observaciones, subtotal, tipo_tarjeta, total, total_descuento, id_tienda, id_trabajador, id_usuario) VALUES (126, '2025-10-29 15:47:54', 'Calle De la Cultura 1956, Yanahuara', 'Entregado', 229.68, 'Cliente 9', '15090734', 'Tecnología de punta para deporte.', 1275.99, 'Diners', 1505.67, 94.46, 3, 29, 9);
INSERT INTO `tb_transaccion` (id_boleta, id_producto, descuento, precio_unitario, total, unidades) VALUES (126, 174, 23.03, 183.57, 344.11, 2);
INSERT INTO `tb_transaccion` (id_boleta, id_producto, descuento, precio_unitario, total, unidades) VALUES (126, 151, 71.01, 503.36, 935.71, 2);
INSERT INTO `tb_transaccion` (id_boleta, id_producto, descuento, precio_unitario, total, unidades) VALUES (126, 127, 0.42, 226.27, 225.85, 1);
INSERT INTO `tb_boleta` (id, created_at, direccion, estado, igv, nombre_cliente, numero_documento, observaciones, subtotal, tipo_tarjeta, total, total_descuento, id_tienda, id_trabajador, id_usuario) VALUES (127, '2025-10-29 15:47:54', 'Calle El Sol 387, Wanchaq', 'Entregado', 299.59, 'Cliente 48', '24549894', 'Tecnología de punta para deporte.', 1664.38, 'AMEX', 1963.97, 18.58, 5, 43, 48);
INSERT INTO `tb_transaccion` (id_boleta, id_producto, descuento, precio_unitario, total, unidades) VALUES (127, 47, 12.82, 366.69, 720.56, 2);
INSERT INTO `tb_transaccion` (id_boleta, id_producto, descuento, precio_unitario, total, unidades) VALUES (127, 38, 5.76, 416.39, 1243.41, 3);
INSERT INTO `tb_boleta` (id, created_at, direccion, estado, igv, nombre_cliente, numero_documento, observaciones, subtotal, tipo_tarjeta, total, total_descuento, id_tienda, id_trabajador, id_usuario) VALUES (128, '2025-10-29 15:47:54', 'Jr. Ejército 1288, Víctor Larco Herrera', 'Enviado', 177.82, 'Cliente 47', '43860025', 'Tecnología de punta para deporte.', 987.89, 'AMEX', 1165.71, 73.15, 4, 17, 47);
INSERT INTO `tb_transaccion` (id_boleta, id_producto, descuento, precio_unitario, total, unidades) VALUES (128, 103, 73.15, 619.43, 1165.71, 2);
INSERT INTO `tb_boleta` (id, created_at, direccion, estado, igv, nombre_cliente, numero_documento, observaciones, subtotal, tipo_tarjeta, total, total_descuento, id_tienda, id_trabajador, id_usuario) VALUES (129, '2025-10-29 15:47:54', 'Jr. Benavides 1254, Trujillo', 'Enviado', 165.23, 'Cliente 36', '70236037', 'Máxima comodidad y estilo.', 917.94, 'Visa', 1083.17, 84.63, 5, 39, 36);
INSERT INTO `tb_transaccion` (id_boleta, id_producto, descuento, precio_unitario, total, unidades) VALUES (129, 196, 84.63, 583.90, 1083.17, 2);
INSERT INTO `tb_boleta` (id, created_at, direccion, estado, igv, nombre_cliente, numero_documento, observaciones, subtotal, tipo_tarjeta, total, total_descuento, id_tienda, id_trabajador, id_usuario) VALUES (130, '2025-10-29 15:47:54', 'Jr. Javier Prado 1764, Yanahuara', 'Pagado', 579.43, 'Cliente 28', '27668552', 'Ideal para corredores urbanos.', 3219.08, 'Mastercard', 3798.51, 162.36, 3, 23, 28);
INSERT INTO `tb_transaccion` (id_boleta, id_producto, descuento, precio_unitario, total, unidades) VALUES (130, 32, 6.59, 229.59, 452.59, 2);
INSERT INTO `tb_transaccion` (id_boleta, id_producto, descuento, precio_unitario, total, unidades) VALUES (130, 125, 59.07, 641.03, 1864.02, 3);
INSERT INTO `tb_transaccion` (id_boleta, id_producto, descuento, precio_unitario, total, unidades) VALUES (130, 131, 64.17, 630.50, 566.33, 1);
INSERT INTO `tb_transaccion` (id_boleta, id_producto, descuento, precio_unitario, total, unidades) VALUES (130, 36, 32.53, 474.05, 915.57, 2);
INSERT INTO `tb_boleta` (id, created_at, direccion, estado, igv, nombre_cliente, numero_documento, observaciones, subtotal, tipo_tarjeta, total, total_descuento, id_tienda, id_trabajador, id_usuario) VALUES (131, '2025-10-29 15:47:54', 'Av. Angamos 1921, Wanchaq', 'Pagado', 225.13, 'Cliente 50', '64145507', 'Un clásico reinventado.', 1250.70, 'Diners', 1475.83, 77.89, 4, 34, 50);
INSERT INTO `tb_transaccion` (id_boleta, id_producto, descuento, precio_unitario, total, unidades) VALUES (131, 142, 77.89, 776.86, 1475.83, 2);
INSERT INTO `tb_boleta` (id, created_at, direccion, estado, igv, nombre_cliente, numero_documento, observaciones, subtotal, tipo_tarjeta, total, total_descuento, id_tienda, id_trabajador, id_usuario) VALUES (132, '2025-10-29 15:47:54', 'Jr. Grau 1188, Trujillo', 'Enviado', 282.38, 'Cliente 6', '21355941', 'Ideal para corredores urbanos.', 1568.75, 'AMEX', 1851.13, 103.37, 2, 25, 6);
INSERT INTO `tb_transaccion` (id_boleta, id_producto, descuento, precio_unitario, total, unidades) VALUES (132, 135, 21.90, 664.17, 1306.44, 2);
INSERT INTO `tb_transaccion` (id_boleta, id_producto, descuento, precio_unitario, total, unidades) VALUES (132, 152, 81.47, 626.16, 544.69, 1);
INSERT INTO `tb_boleta` (id, created_at, direccion, estado, igv, nombre_cliente, numero_documento, observaciones, subtotal, tipo_tarjeta, total, total_descuento, id_tienda, id_trabajador, id_usuario) VALUES (133, '2025-10-29 15:47:54', 'Calle Benavides 772, Trujillo', 'Enviado', 291.08, 'Cliente 47', '63447712', 'Ideal para corredores urbanos.', 1617.11, 'Visa', 1908.19, 63.07, 1, 25, 47);
INSERT INTO `tb_transaccion` (id_boleta, id_producto, descuento, precio_unitario, total, unidades) VALUES (133, 67, 3.12, 124.04, 369.00, 3);
INSERT INTO `tb_transaccion` (id_boleta, id_producto, descuento, precio_unitario, total, unidades) VALUES (133, 1, 36.56, 328.04, 291.48, 1);
INSERT INTO `tb_transaccion` (id_boleta, id_producto, descuento, precio_unitario, total, unidades) VALUES (133, 173, 23.39, 423.70, 1247.71, 3);
INSERT INTO `tb_boleta` (id, created_at, direccion, estado, igv, nombre_cliente, numero_documento, observaciones, subtotal, tipo_tarjeta, total, total_descuento, id_tienda, id_trabajador, id_usuario) VALUES (134, '2025-10-29 15:47:54', 'Jr. Pardo 628, Yanahuara', 'Enviado', 72.60, 'Cliente 42', '99483631', 'Perfecto para el día a día.', 403.32, 'AMEX', 475.92, 25.26, 3, 22, 42);
INSERT INTO `tb_transaccion` (id_boleta, id_producto, descuento, precio_unitario, total, unidades) VALUES (134, 189, 8.50, 173.14, 164.64, 1);
INSERT INTO `tb_transaccion` (id_boleta, id_producto, descuento, precio_unitario, total, unidades) VALUES (134, 1, 16.76, 328.04, 311.28, 1);
INSERT INTO `tb_boleta` (id, created_at, direccion, estado, igv, nombre_cliente, numero_documento, observaciones, subtotal, tipo_tarjeta, total, total_descuento, id_tienda, id_trabajador, id_usuario) VALUES (135, '2025-10-29 15:47:54', 'Paseo Salaverry 1440, Wanchaq', 'Entregado', 218.90, 'Cliente 48', '97784307', 'Máxima comodidad y estilo.', 1216.10, 'Diners', 1435.00, 35.02, 5, 47, 48);
INSERT INTO `tb_transaccion` (id_boleta, id_producto, descuento, precio_unitario, total, unidades) VALUES (135, 158, 35.02, 735.01, 1435.00, 2);
INSERT INTO `tb_boleta` (id, created_at, direccion, estado, igv, nombre_cliente, numero_documento, observaciones, subtotal, tipo_tarjeta, total, total_descuento, id_tienda, id_trabajador, id_usuario) VALUES (136, '2025-10-29 15:47:54', 'Av. Ejército 1318, Trujillo', 'Pagado', 820.65, 'Cliente 22', '78145181', 'Perfecto para el día a día.', 4559.15, 'Mastercard', 5379.80, 164.57, 3, 10, 22);
INSERT INTO `tb_transaccion` (id_boleta, id_producto, descuento, precio_unitario, total, unidades) VALUES (136, 31, 0.86, 353.44, 352.58, 1);
INSERT INTO `tb_transaccion` (id_boleta, id_producto, descuento, precio_unitario, total, unidades) VALUES (136, 112, 41.25, 452.38, 1315.89, 3);
INSERT INTO `tb_transaccion` (id_boleta, id_producto, descuento, precio_unitario, total, unidades) VALUES (136, 191, 84.05, 760.16, 2196.43, 3);
INSERT INTO `tb_transaccion` (id_boleta, id_producto, descuento, precio_unitario, total, unidades) VALUES (136, 197, 38.41, 517.77, 1514.90, 3);
INSERT INTO `tb_boleta` (id, created_at, direccion, estado, igv, nombre_cliente, numero_documento, observaciones, subtotal, tipo_tarjeta, total, total_descuento, id_tienda, id_trabajador, id_usuario) VALUES (137, '2025-10-29 15:47:54', 'Paseo Angamos 1100, Yanahuara', 'Pagado', 66.60, 'Cliente 33', '86512394', 'Ideal para corredores urbanos.', 369.99, 'Diners', 436.59, 33.39, 5, 29, 33);
INSERT INTO `tb_transaccion` (id_boleta, id_producto, descuento, precio_unitario, total, unidades) VALUES (137, 26, 16.37, 211.07, 194.70, 1);
INSERT INTO `tb_transaccion` (id_boleta, id_producto, descuento, precio_unitario, total, unidades) VALUES (137, 37, 17.02, 258.91, 241.89, 1);
INSERT INTO `tb_boleta` (id, created_at, direccion, estado, igv, nombre_cliente, numero_documento, observaciones, subtotal, tipo_tarjeta, total, total_descuento, id_tienda, id_trabajador, id_usuario) VALUES (138, '2025-10-29 15:47:54', 'Jr. Benavides 437, Miraflores', 'Entregado', 580.98, 'Cliente 24', '86193980', 'Máxima comodidad y estilo.', 3227.64, 'Diners', 3808.62, 134.14, 2, 38, 24);
INSERT INTO `tb_transaccion` (id_boleta, id_producto, descuento, precio_unitario, total, unidades) VALUES (138, 50, 42.95, 358.63, 315.68, 1);
INSERT INTO `tb_transaccion` (id_boleta, id_producto, descuento, precio_unitario, total, unidades) VALUES (138, 146, 34.45, 612.32, 1802.51, 3);
INSERT INTO `tb_transaccion` (id_boleta, id_producto, descuento, precio_unitario, total, unidades) VALUES (138, 102, 56.74, 582.39, 1690.43, 3);
INSERT INTO `tb_boleta` (id, created_at, direccion, estado, igv, nombre_cliente, numero_documento, observaciones, subtotal, tipo_tarjeta, total, total_descuento, id_tienda, id_trabajador, id_usuario) VALUES (139, '2025-10-29 15:47:54', 'Calle De la Cultura 832, Cusco Cercado', 'Pagado', 155.46, 'Cliente 45', '34951740', 'Ideal para corredores urbanos.', 863.67, 'Mastercard', 1019.13, 52.71, 1, 32, 45);
INSERT INTO `tb_transaccion` (id_boleta, id_producto, descuento, precio_unitario, total, unidades) VALUES (139, 14, 30.28, 646.92, 616.64, 1);
INSERT INTO `tb_transaccion` (id_boleta, id_producto, descuento, precio_unitario, total, unidades) VALUES (139, 44, 13.82, 177.94, 164.12, 1);
INSERT INTO `tb_transaccion` (id_boleta, id_producto, descuento, precio_unitario, total, unidades) VALUES (139, 111, 8.61, 123.49, 238.37, 2);
INSERT INTO `tb_boleta` (id, created_at, direccion, estado, igv, nombre_cliente, numero_documento, observaciones, subtotal, tipo_tarjeta, total, total_descuento, id_tienda, id_trabajador, id_usuario) VALUES (140, '2025-10-29 15:47:54', 'Calle Arequipa 1892, Yanahuara', 'Entregado', 213.81, 'Cliente 4', '18787386', 'Ideal para corredores urbanos.', 1187.81, 'Mastercard', 1401.62, 77.55, 4, 4, 4);
INSERT INTO `tb_transaccion` (id_boleta, id_producto, descuento, precio_unitario, total, unidades) VALUES (140, 9, 8.74, 300.40, 892.46, 3);
INSERT INTO `tb_transaccion` (id_boleta, id_producto, descuento, precio_unitario, total, unidades) VALUES (140, 193, 5.97, 134.58, 128.61, 1);
INSERT INTO `tb_transaccion` (id_boleta, id_producto, descuento, precio_unitario, total, unidades) VALUES (140, 77, 62.84, 443.39, 380.55, 1);
INSERT INTO `tb_boleta` (id, created_at, direccion, estado, igv, nombre_cliente, numero_documento, observaciones, subtotal, tipo_tarjeta, total, total_descuento, id_tienda, id_trabajador, id_usuario) VALUES (141, '2025-10-29 15:47:54', 'Calle De la Cultura 361, Yanahuara', 'Entregado', 222.48, 'Cliente 16', '98859346', 'Ideal para corredores urbanos.', 1235.98, 'Diners', 1458.46, 113.30, 4, 21, 16);
INSERT INTO `tb_transaccion` (id_boleta, id_producto, descuento, precio_unitario, total, unidades) VALUES (141, 34, 113.30, 785.88, 1458.46, 2);
INSERT INTO `tb_boleta` (id, created_at, direccion, estado, igv, nombre_cliente, numero_documento, observaciones, subtotal, tipo_tarjeta, total, total_descuento, id_tienda, id_trabajador, id_usuario) VALUES (142, '2025-10-29 15:47:54', 'Av. Angamos 750, Cusco Cercado', 'Pagado', 34.11, 'Cliente 18', '67605391', 'Perfecto para el día a día.', 189.49, 'Diners', 223.60, 7.40, 5, 43, 18);
INSERT INTO `tb_transaccion` (id_boleta, id_producto, descuento, precio_unitario, total, unidades) VALUES (142, 75, 7.40, 115.50, 223.60, 2);
INSERT INTO `tb_boleta` (id, created_at, direccion, estado, igv, nombre_cliente, numero_documento, observaciones, subtotal, tipo_tarjeta, total, total_descuento, id_tienda, id_trabajador, id_usuario) VALUES (143, '2025-10-29 15:47:54', 'Calle Arequipa 410, Cayma', 'Entregado', 166.09, 'Cliente 24', '63076377', 'Máxima comodidad y estilo.', 922.69, 'Mastercard', 1088.78, 45.62, 2, 21, 24);
INSERT INTO `tb_transaccion` (id_boleta, id_producto, descuento, precio_unitario, total, unidades) VALUES (143, 193, 19.36, 134.58, 115.22, 1);
INSERT INTO `tb_transaccion` (id_boleta, id_producto, descuento, precio_unitario, total, unidades) VALUES (143, 55, 6.54, 240.20, 473.86, 2);
INSERT INTO `tb_transaccion` (id_boleta, id_producto, descuento, precio_unitario, total, unidades) VALUES (143, 189, 19.72, 173.14, 499.70, 3);
INSERT INTO `tb_boleta` (id, created_at, direccion, estado, igv, nombre_cliente, numero_documento, observaciones, subtotal, tipo_tarjeta, total, total_descuento, id_tienda, id_trabajador, id_usuario) VALUES (144, '2025-10-29 15:47:54', 'Jr. Ejército 1667, Cayma', 'Entregado', 50.61, 'Cliente 6', '47673248', 'Un clásico reinventado.', 281.16, 'AMEX', 331.77, 14.51, 3, 30, 6);
INSERT INTO `tb_transaccion` (id_boleta, id_producto, descuento, precio_unitario, total, unidades) VALUES (144, 189, 14.51, 173.14, 331.77, 2);
INSERT INTO `tb_boleta` (id, created_at, direccion, estado, igv, nombre_cliente, numero_documento, observaciones, subtotal, tipo_tarjeta, total, total_descuento, id_tienda, id_trabajador, id_usuario) VALUES (145, '2025-10-29 15:47:54', 'Calle Primavera 1563, Trujillo', 'Entregado', 356.67, 'Cliente 11', '32504086', 'Un clásico reinventado.', 1981.49, 'Mastercard', 2338.16, 116.46, 2, 9, 11);
INSERT INTO `tb_transaccion` (id_boleta, id_producto, descuento, precio_unitario, total, unidades) VALUES (145, 67, 17.91, 124.04, 106.13, 1);
INSERT INTO `tb_transaccion` (id_boleta, id_producto, descuento, precio_unitario, total, unidades) VALUES (145, 142, 98.55, 776.86, 2232.03, 3);
INSERT INTO `tb_boleta` (id, created_at, direccion, estado, igv, nombre_cliente, numero_documento, observaciones, subtotal, tipo_tarjeta, total, total_descuento, id_tienda, id_trabajador, id_usuario) VALUES (146, '2025-10-29 15:47:54', 'Av. Primavera 1142, Miraflores', 'Entregado', 400.76, 'Cliente 25', '52723287', 'Ideal para corredores urbanos.', 2226.42, 'Visa', 2627.18, 116.36, 2, 16, 25);
INSERT INTO `tb_transaccion` (id_boleta, id_producto, descuento, precio_unitario, total, unidades) VALUES (146, 57, 38.01, 347.34, 309.33, 1);
INSERT INTO `tb_transaccion` (id_boleta, id_producto, descuento, precio_unitario, total, unidades) VALUES (146, 68, 47.04, 444.22, 1285.62, 3);
INSERT INTO `tb_transaccion` (id_boleta, id_producto, descuento, precio_unitario, total, unidades) VALUES (146, 189, 15.32, 173.14, 330.96, 2);
INSERT INTO `tb_transaccion` (id_boleta, id_producto, descuento, precio_unitario, total, unidades) VALUES (146, 50, 15.99, 358.63, 701.27, 2);
INSERT INTO `tb_boleta` (id, created_at, direccion, estado, igv, nombre_cliente, numero_documento, observaciones, subtotal, tipo_tarjeta, total, total_descuento, id_tienda, id_trabajador, id_usuario) VALUES (147, '2025-10-29 15:47:54', 'Paseo Arequipa 1022, Víctor Larco Herrera', 'Enviado', 343.91, 'Cliente 50', '67763347', 'Tecnología de punta para deporte.', 1910.64, 'Visa', 2254.55, 58.91, 5, 14, 50);
INSERT INTO `tb_transaccion` (id_boleta, id_producto, descuento, precio_unitario, total, unidades) VALUES (147, 93, 16.21, 450.92, 1336.55, 3);
INSERT INTO `tb_transaccion` (id_boleta, id_producto, descuento, precio_unitario, total, unidades) VALUES (147, 178, 42.70, 480.35, 918.00, 2);
INSERT INTO `tb_boleta` (id, created_at, direccion, estado, igv, nombre_cliente, numero_documento, observaciones, subtotal, tipo_tarjeta, total, total_descuento, id_tienda, id_trabajador, id_usuario) VALUES (148, '2025-10-29 15:47:54', 'Av. Pardo 1181, Trujillo', 'Pagado', 425.42, 'Cliente 50', '16928700', 'Ideal para corredores urbanos.', 2363.42, 'Mastercard', 2788.84, 99.41, 5, 8, 50);
INSERT INTO `tb_transaccion` (id_boleta, id_producto, descuento, precio_unitario, total, unidades) VALUES (148, 37, 9.19, 258.91, 249.72, 1);
INSERT INTO `tb_transaccion` (id_boleta, id_producto, descuento, precio_unitario, total, unidades) VALUES (148, 82, 26.74, 684.27, 657.53, 1);
INSERT INTO `tb_transaccion` (id_boleta, id_producto, descuento, precio_unitario, total, unidades) VALUES (148, 79, 25.38, 253.69, 735.69, 3);
INSERT INTO `tb_transaccion` (id_boleta, id_producto, descuento, precio_unitario, total, unidades) VALUES (148, 45, 38.10, 592.00, 1145.90, 2);
INSERT INTO `tb_boleta` (id, created_at, direccion, estado, igv, nombre_cliente, numero_documento, observaciones, subtotal, tipo_tarjeta, total, total_descuento, id_tienda, id_trabajador, id_usuario) VALUES (149, '2025-10-29 15:47:54', 'Paseo El Sol 1925, Trujillo', 'Pagado', 311.89, 'Cliente 6', '35310370', 'Ideal para corredores urbanos.', 1732.70, 'Diners', 2044.59, 91.69, 1, 18, 6);
INSERT INTO `tb_transaccion` (id_boleta, id_producto, descuento, precio_unitario, total, unidades) VALUES (149, 47, 34.98, 366.69, 1065.09, 3);
INSERT INTO `tb_transaccion` (id_boleta, id_producto, descuento, precio_unitario, total, unidades) VALUES (149, 176, 26.97, 293.51, 266.54, 1);
INSERT INTO `tb_transaccion` (id_boleta, id_producto, descuento, precio_unitario, total, unidades) VALUES (149, 27, 29.74, 742.70, 712.96, 1);
INSERT INTO `tb_boleta` (id, created_at, direccion, estado, igv, nombre_cliente, numero_documento, observaciones, subtotal, tipo_tarjeta, total, total_descuento, id_tienda, id_trabajador, id_usuario) VALUES (150, '2025-10-29 15:47:54', 'Av. Primavera 1741, Cusco Cercado', 'Enviado', 146.30, 'Cliente 13', '99665045', 'Perfecto para el día a día.', 812.80, 'Diners', 959.10, 23.42, 5, 38, 13);
INSERT INTO `tb_transaccion` (id_boleta, id_producto, descuento, precio_unitario, total, unidades) VALUES (150, 154, 3.82, 343.59, 683.36, 2);
INSERT INTO `tb_transaccion` (id_boleta, id_producto, descuento, precio_unitario, total, unidades) VALUES (150, 186, 19.60, 147.67, 275.74, 2);
INSERT INTO `tb_boleta` (id, created_at, direccion, estado, igv, nombre_cliente, numero_documento, observaciones, subtotal, tipo_tarjeta, total, total_descuento, id_tienda, id_trabajador, id_usuario) VALUES (151, '2025-10-29 15:47:54', 'Av. Benavides 1536, Víctor Larco Herrera', 'Enviado', 203.52, 'Cliente 18', '21539990', 'Máxima comodidad y estilo.', 1130.64, 'Mastercard', 1334.16, 94.53, 2, 31, 18);
INSERT INTO `tb_transaccion` (id_boleta, id_producto, descuento, precio_unitario, total, unidades) VALUES (151, 6, 6.75, 228.11, 449.47, 2);
INSERT INTO `tb_transaccion` (id_boleta, id_producto, descuento, precio_unitario, total, unidades) VALUES (151, 174, 16.77, 183.57, 166.80, 1);
INSERT INTO `tb_transaccion` (id_boleta, id_producto, descuento, precio_unitario, total, unidades) VALUES (151, 51, 63.35, 673.40, 610.05, 1);
INSERT INTO `tb_transaccion` (id_boleta, id_producto, descuento, precio_unitario, total, unidades) VALUES (151, 75, 7.66, 115.50, 107.84, 1);
INSERT INTO `tb_boleta` (id, created_at, direccion, estado, igv, nombre_cliente, numero_documento, observaciones, subtotal, tipo_tarjeta, total, total_descuento, id_tienda, id_trabajador, id_usuario) VALUES (152, '2025-10-29 15:47:54', 'Jr. El Sol 544, Miraflores', 'Entregado', 335.47, 'Cliente 43', '53637557', 'Ideal para corredores urbanos.', 1863.73, 'Mastercard', 2199.20, 44.72, 4, 37, 43);
INSERT INTO `tb_transaccion` (id_boleta, id_producto, descuento, precio_unitario, total, unidades) VALUES (152, 112, 16.90, 452.38, 1340.24, 3);
INSERT INTO `tb_transaccion` (id_boleta, id_producto, descuento, precio_unitario, total, unidades) VALUES (152, 77, 27.82, 443.39, 858.96, 2);
INSERT INTO `tb_boleta` (id, created_at, direccion, estado, igv, nombre_cliente, numero_documento, observaciones, subtotal, tipo_tarjeta, total, total_descuento, id_tienda, id_trabajador, id_usuario) VALUES (153, '2025-10-29 15:47:54', 'Jr. Pardo 1705, Cusco Cercado', 'Enviado', 426.80, 'Cliente 37', '56716065', 'Tecnología de punta para deporte.', 2371.13, 'Visa', 2797.93, 119.75, 1, 29, 37);
INSERT INTO `tb_transaccion` (id_boleta, id_producto, descuento, precio_unitario, total, unidades) VALUES (153, 147, 48.69, 434.22, 385.53, 1);
INSERT INTO `tb_transaccion` (id_boleta, id_producto, descuento, precio_unitario, total, unidades) VALUES (153, 190, 24.45, 419.58, 395.13, 1);
INSERT INTO `tb_transaccion` (id_boleta, id_producto, descuento, precio_unitario, total, unidades) VALUES (153, 117, 33.81, 449.37, 864.93, 2);
INSERT INTO `tb_transaccion` (id_boleta, id_producto, descuento, precio_unitario, total, unidades) VALUES (153, 43, 12.80, 388.38, 1152.34, 3);
INSERT INTO `tb_boleta` (id, created_at, direccion, estado, igv, nombre_cliente, numero_documento, observaciones, subtotal, tipo_tarjeta, total, total_descuento, id_tienda, id_trabajador, id_usuario) VALUES (154, '2025-10-29 15:47:54', 'Jr. Javier Prado 343, Miraflores', 'Entregado', 813.15, 'Cliente 48', '78902971', 'Tecnología de punta para deporte.', 4517.50, 'Diners', 5330.65, 110.35, 1, 9, 48);
INSERT INTO `tb_transaccion` (id_boleta, id_producto, descuento, precio_unitario, total, unidades) VALUES (154, 12, 32.54, 760.57, 2249.17, 3);
INSERT INTO `tb_transaccion` (id_boleta, id_producto, descuento, precio_unitario, total, unidades) VALUES (154, 187, 26.02, 397.76, 1167.26, 3);
INSERT INTO `tb_transaccion` (id_boleta, id_producto, descuento, precio_unitario, total, unidades) VALUES (154, 138, 2.99, 471.23, 468.24, 1);
INSERT INTO `tb_transaccion` (id_boleta, id_producto, descuento, precio_unitario, total, unidades) VALUES (154, 99, 48.80, 498.26, 1445.98, 3);
INSERT INTO `tb_boleta` (id, created_at, direccion, estado, igv, nombre_cliente, numero_documento, observaciones, subtotal, tipo_tarjeta, total, total_descuento, id_tienda, id_trabajador, id_usuario) VALUES (155, '2025-10-29 15:47:54', 'Av. Primavera 249, Cayma', 'Pagado', 368.77, 'Cliente 3', '60459197', 'Máxima comodidad y estilo.', 2048.75, 'Visa', 2417.52, 118.55, 3, 18, 3);
INSERT INTO `tb_transaccion` (id_boleta, id_producto, descuento, precio_unitario, total, unidades) VALUES (155, 130, 16.80, 125.39, 233.98, 2);
INSERT INTO `tb_transaccion` (id_boleta, id_producto, descuento, precio_unitario, total, unidades) VALUES (155, 132, 101.21, 720.33, 2059.78, 3);
INSERT INTO `tb_transaccion` (id_boleta, id_producto, descuento, precio_unitario, total, unidades) VALUES (155, 182, 0.54, 124.30, 123.76, 1);
INSERT INTO `tb_boleta` (id, created_at, direccion, estado, igv, nombre_cliente, numero_documento, observaciones, subtotal, tipo_tarjeta, total, total_descuento, id_tienda, id_trabajador, id_usuario) VALUES (156, '2025-10-29 15:47:54', 'Jr. Benavides 1616, Yanahuara', 'Entregado', 472.18, 'Cliente 38', '43746130', 'Un clásico reinventado.', 2623.20, 'Visa', 3095.38, 92.33, 3, 36, 38);
INSERT INTO `tb_transaccion` (id_boleta, id_producto, descuento, precio_unitario, total, unidades) VALUES (156, 125, 2.97, 641.03, 1920.12, 3);
INSERT INTO `tb_transaccion` (id_boleta, id_producto, descuento, precio_unitario, total, unidades) VALUES (156, 2, 21.72, 340.36, 659.00, 2);
INSERT INTO `tb_transaccion` (id_boleta, id_producto, descuento, precio_unitario, total, unidades) VALUES (156, 196, 67.64, 583.90, 516.26, 1);
INSERT INTO `tb_boleta` (id, created_at, direccion, estado, igv, nombre_cliente, numero_documento, observaciones, subtotal, tipo_tarjeta, total, total_descuento, id_tienda, id_trabajador, id_usuario) VALUES (157, '2025-10-29 15:47:54', 'Calle Benavides 260, Cayma', 'Pagado', 174.03, 'Cliente 29', '98221437', 'Un clásico reinventado.', 966.82, 'AMEX', 1140.85, 24.29, 3, 21, 29);
INSERT INTO `tb_transaccion` (id_boleta, id_producto, descuento, precio_unitario, total, unidades) VALUES (157, 43, 24.29, 388.38, 1140.85, 3);
INSERT INTO `tb_boleta` (id, created_at, direccion, estado, igv, nombre_cliente, numero_documento, observaciones, subtotal, tipo_tarjeta, total, total_descuento, id_tienda, id_trabajador, id_usuario) VALUES (158, '2025-10-29 15:47:54', 'Calle Javier Prado 907, Yanahuara', 'Pagado', 273.10, 'Cliente 31', '63619928', 'Máxima comodidad y estilo.', 1517.23, 'Mastercard', 1790.33, 94.12, 1, 49, 31);
INSERT INTO `tb_transaccion` (id_boleta, id_producto, descuento, precio_unitario, total, unidades) VALUES (158, 57, 10.16, 347.34, 684.52, 2);
INSERT INTO `tb_transaccion` (id_boleta, id_producto, descuento, precio_unitario, total, unidades) VALUES (158, 36, 43.36, 474.05, 430.69, 1);
INSERT INTO `tb_transaccion` (id_boleta, id_producto, descuento, precio_unitario, total, unidades) VALUES (158, 143, 40.60, 715.72, 675.12, 1);
INSERT INTO `tb_boleta` (id, created_at, direccion, estado, igv, nombre_cliente, numero_documento, observaciones, subtotal, tipo_tarjeta, total, total_descuento, id_tienda, id_trabajador, id_usuario) VALUES (159, '2025-10-29 15:47:54', 'Paseo Salaverry 1750, Miraflores', 'Enviado', 163.87, 'Cliente 44', '59676466', 'Tecnología de punta para deporte.', 910.41, 'Diners', 1074.28, 72.21, 2, 4, 44);
INSERT INTO `tb_transaccion` (id_boleta, id_producto, descuento, precio_unitario, total, unidades) VALUES (159, 129, 17.41, 393.71, 376.30, 1);
INSERT INTO `tb_transaccion` (id_boleta, id_producto, descuento, precio_unitario, total, unidades) VALUES (159, 9, 16.07, 300.40, 284.33, 1);
INSERT INTO `tb_transaccion` (id_boleta, id_producto, descuento, precio_unitario, total, unidades) VALUES (159, 112, 38.73, 452.38, 413.65, 1);
INSERT INTO `tb_boleta` (id, created_at, direccion, estado, igv, nombre_cliente, numero_documento, observaciones, subtotal, tipo_tarjeta, total, total_descuento, id_tienda, id_trabajador, id_usuario) VALUES (160, '2025-10-29 15:47:54', 'Paseo Arequipa 1286, Víctor Larco Herrera', 'Enviado', 266.83, 'Cliente 26', '66038034', 'Ideal para corredores urbanos.', 1482.36, 'AMEX', 1749.19, 139.21, 4, 45, 26);
INSERT INTO `tb_transaccion` (id_boleta, id_producto, descuento, precio_unitario, total, unidades) VALUES (160, 153, 79.86, 633.31, 1186.76, 2);
INSERT INTO `tb_transaccion` (id_boleta, id_producto, descuento, precio_unitario, total, unidades) VALUES (160, 172, 10.43, 256.26, 245.83, 1);
INSERT INTO `tb_transaccion` (id_boleta, id_producto, descuento, precio_unitario, total, unidades) VALUES (160, 58, 48.92, 365.52, 316.60, 1);
INSERT INTO `tb_boleta` (id, created_at, direccion, estado, igv, nombre_cliente, numero_documento, observaciones, subtotal, tipo_tarjeta, total, total_descuento, id_tienda, id_trabajador, id_usuario) VALUES (161, '2025-10-29 15:47:54', 'Av. Primavera 828, Cusco Cercado', 'Pagado', 242.63, 'Cliente 2', '70618565', 'Ideal para corredores urbanos.', 1347.96, 'Mastercard', 1590.59, 22.46, 2, 45, 2);
INSERT INTO `tb_transaccion` (id_boleta, id_producto, descuento, precio_unitario, total, unidades) VALUES (161, 25, 10.93, 402.31, 1196.00, 3);
INSERT INTO `tb_transaccion` (id_boleta, id_producto, descuento, precio_unitario, total, unidades) VALUES (161, 23, 11.53, 203.06, 394.59, 2);
INSERT INTO `tb_boleta` (id, created_at, direccion, estado, igv, nombre_cliente, numero_documento, observaciones, subtotal, tipo_tarjeta, total, total_descuento, id_tienda, id_trabajador, id_usuario) VALUES (162, '2025-10-29 15:47:54', 'Jr. Pardo 1226, Trujillo', 'Enviado', 361.06, 'Cliente 45', '56278063', 'Máxima comodidad y estilo.', 2005.88, 'Diners', 2366.94, 149.49, 5, 40, 45);
INSERT INTO `tb_transaccion` (id_boleta, id_producto, descuento, precio_unitario, total, unidades) VALUES (162, 170, 11.11, 229.41, 218.30, 1);
INSERT INTO `tb_transaccion` (id_boleta, id_producto, descuento, precio_unitario, total, unidades) VALUES (162, 100, 55.28, 795.01, 1534.74, 2);
INSERT INTO `tb_transaccion` (id_boleta, id_producto, descuento, precio_unitario, total, unidades) VALUES (162, 160, 83.10, 697.00, 613.90, 1);
INSERT INTO `tb_boleta` (id, created_at, direccion, estado, igv, nombre_cliente, numero_documento, observaciones, subtotal, tipo_tarjeta, total, total_descuento, id_tienda, id_trabajador, id_usuario) VALUES (163, '2025-10-29 15:47:54', 'Jr. Ejército 1862, Cayma', 'Pagado', 256.56, 'Cliente 45', '94136332', 'Tecnología de punta para deporte.', 1425.33, 'Mastercard', 1681.89, 141.80, 5, 13, 45);
INSERT INTO `tb_transaccion` (id_boleta, id_producto, descuento, precio_unitario, total, unidades) VALUES (163, 104, 50.82, 688.16, 637.34, 1);
INSERT INTO `tb_transaccion` (id_boleta, id_producto, descuento, precio_unitario, total, unidades) VALUES (163, 20, 46.18, 486.89, 440.71, 1);
INSERT INTO `tb_transaccion` (id_boleta, id_producto, descuento, precio_unitario, total, unidades) VALUES (163, 4, 44.80, 324.32, 603.84, 2);
INSERT INTO `tb_boleta` (id, created_at, direccion, estado, igv, nombre_cliente, numero_documento, observaciones, subtotal, tipo_tarjeta, total, total_descuento, id_tienda, id_trabajador, id_usuario) VALUES (164, '2025-10-29 15:47:54', 'Calle Arequipa 263, Trujillo', 'Entregado', 382.77, 'Cliente 5', '94042081', 'Ideal para corredores urbanos.', 2126.51, 'AMEX', 2509.28, 127.70, 4, 31, 5);
INSERT INTO `tb_transaccion` (id_boleta, id_producto, descuento, precio_unitario, total, unidades) VALUES (164, 33, 84.34, 606.03, 1733.75, 3);
INSERT INTO `tb_transaccion` (id_boleta, id_producto, descuento, precio_unitario, total, unidades) VALUES (164, 69, 3.36, 197.45, 194.09, 1);
INSERT INTO `tb_transaccion` (id_boleta, id_producto, descuento, precio_unitario, total, unidades) VALUES (164, 140, 40.00, 310.72, 581.44, 2);
INSERT INTO `tb_boleta` (id, created_at, direccion, estado, igv, nombre_cliente, numero_documento, observaciones, subtotal, tipo_tarjeta, total, total_descuento, id_tienda, id_trabajador, id_usuario) VALUES (165, '2025-10-29 15:47:54', 'Jr. El Sol 1048, Wanchaq', 'Enviado', 582.99, 'Cliente 46', '12558969', 'Perfecto para el día a día.', 3238.81, 'Diners', 3821.80, 88.56, 3, 32, 46);
INSERT INTO `tb_transaccion` (id_boleta, id_producto, descuento, precio_unitario, total, unidades) VALUES (165, 168, 6.03, 191.01, 567.00, 3);
INSERT INTO `tb_transaccion` (id_boleta, id_producto, descuento, precio_unitario, total, unidades) VALUES (165, 19, 10.07, 753.74, 1497.41, 2);
INSERT INTO `tb_transaccion` (id_boleta, id_producto, descuento, precio_unitario, total, unidades) VALUES (165, 101, 72.46, 609.95, 1757.39, 3);
INSERT INTO `tb_boleta` (id, created_at, direccion, estado, igv, nombre_cliente, numero_documento, observaciones, subtotal, tipo_tarjeta, total, total_descuento, id_tienda, id_trabajador, id_usuario) VALUES (166, '2025-10-29 15:47:54', 'Av. Ejército 753, Cusco Cercado', 'Entregado', 440.74, 'Cliente 16', '16342351', 'Tecnología de punta para deporte.', 2448.53, 'Mastercard', 2889.27, 72.89, 5, 44, 16);
INSERT INTO `tb_transaccion` (id_boleta, id_producto, descuento, precio_unitario, total, unidades) VALUES (166, 69, 3.88, 197.45, 391.02, 2);
INSERT INTO `tb_transaccion` (id_boleta, id_producto, descuento, precio_unitario, total, unidades) VALUES (166, 4, 16.53, 324.32, 956.43, 3);
INSERT INTO `tb_transaccion` (id_boleta, id_producto, descuento, precio_unitario, total, unidades) VALUES (166, 153, 48.73, 633.31, 1217.89, 2);
INSERT INTO `tb_transaccion` (id_boleta, id_producto, descuento, precio_unitario, total, unidades) VALUES (166, 52, 3.75, 163.84, 323.93, 2);
INSERT INTO `tb_boleta` (id, created_at, direccion, estado, igv, nombre_cliente, numero_documento, observaciones, subtotal, tipo_tarjeta, total, total_descuento, id_tienda, id_trabajador, id_usuario) VALUES (167, '2025-10-29 15:47:54', 'Av. De la Cultura 648, Trujillo', 'Enviado', 379.21, 'Cliente 37', '11954998', 'Máxima comodidad y estilo.', 2106.70, 'Visa', 2485.91, 149.01, 4, 16, 37);
INSERT INTO `tb_transaccion` (id_boleta, id_producto, descuento, precio_unitario, total, unidades) VALUES (167, 127, 3.24, 226.27, 675.57, 3);
INSERT INTO `tb_transaccion` (id_boleta, id_producto, descuento, precio_unitario, total, unidades) VALUES (167, 13, 99.98, 731.77, 631.79, 1);
INSERT INTO `tb_transaccion` (id_boleta, id_producto, descuento, precio_unitario, total, unidades) VALUES (167, 64, 18.80, 197.01, 572.23, 3);
INSERT INTO `tb_transaccion` (id_boleta, id_producto, descuento, precio_unitario, total, unidades) VALUES (167, 153, 26.99, 633.31, 606.32, 1);
INSERT INTO `tb_boleta` (id, created_at, direccion, estado, igv, nombre_cliente, numero_documento, observaciones, subtotal, tipo_tarjeta, total, total_descuento, id_tienda, id_trabajador, id_usuario) VALUES (168, '2025-10-29 15:47:54', 'Av. Pardo 593, Víctor Larco Herrera', 'Entregado', 638.37, 'Cliente 19', '14050179', 'Perfecto para el día a día.', 3546.47, 'Diners', 4184.84, 187.53, 3, 9, 19);
INSERT INTO `tb_transaccion` (id_boleta, id_producto, descuento, precio_unitario, total, unidades) VALUES (168, 184, 54.08, 427.01, 1226.95, 3);
INSERT INTO `tb_transaccion` (id_boleta, id_producto, descuento, precio_unitario, total, unidades) VALUES (168, 165, 59.19, 433.19, 374.00, 1);
INSERT INTO `tb_transaccion` (id_boleta, id_producto, descuento, precio_unitario, total, unidades) VALUES (168, 158, 54.29, 735.01, 2150.74, 3);
INSERT INTO `tb_transaccion` (id_boleta, id_producto, descuento, precio_unitario, total, unidades) VALUES (168, 128, 19.97, 151.04, 433.15, 3);
INSERT INTO `tb_boleta` (id, created_at, direccion, estado, igv, nombre_cliente, numero_documento, observaciones, subtotal, tipo_tarjeta, total, total_descuento, id_tienda, id_trabajador, id_usuario) VALUES (169, '2025-10-29 15:47:54', 'Paseo Ejército 554, Miraflores', 'Enviado', 399.25, 'Cliente 17', '48295355', 'Máxima comodidad y estilo.', 2218.05, 'Visa', 2617.30, 107.05, 1, 4, 17);
INSERT INTO `tb_transaccion` (id_boleta, id_producto, descuento, precio_unitario, total, unidades) VALUES (169, 110, 9.10, 143.88, 278.66, 2);
INSERT INTO `tb_transaccion` (id_boleta, id_producto, descuento, precio_unitario, total, unidades) VALUES (169, 36, 6.12, 474.05, 467.93, 1);
INSERT INTO `tb_transaccion` (id_boleta, id_producto, descuento, precio_unitario, total, unidades) VALUES (169, 195, 55.07, 500.92, 946.77, 2);
INSERT INTO `tb_transaccion` (id_boleta, id_producto, descuento, precio_unitario, total, unidades) VALUES (169, 178, 36.76, 480.35, 923.94, 2);
INSERT INTO `tb_boleta` (id, created_at, direccion, estado, igv, nombre_cliente, numero_documento, observaciones, subtotal, tipo_tarjeta, total, total_descuento, id_tienda, id_trabajador, id_usuario) VALUES (170, '2025-10-29 15:47:54', 'Av. Grau 680, Wanchaq', 'Entregado', 229.54, 'Cliente 43', '16740367', 'Ideal para corredores urbanos.', 1275.22, 'Mastercard', 1504.76, 60.33, 1, 4, 43);
INSERT INTO `tb_transaccion` (id_boleta, id_producto, descuento, precio_unitario, total, unidades) VALUES (170, 189, 11.73, 173.14, 161.41, 1);
INSERT INTO `tb_transaccion` (id_boleta, id_producto, descuento, precio_unitario, total, unidades) VALUES (170, 45, 20.83, 592.00, 1163.17, 2);
INSERT INTO `tb_transaccion` (id_boleta, id_producto, descuento, precio_unitario, total, unidades) VALUES (170, 180, 27.77, 207.95, 180.18, 1);
INSERT INTO `tb_boleta` (id, created_at, direccion, estado, igv, nombre_cliente, numero_documento, observaciones, subtotal, tipo_tarjeta, total, total_descuento, id_tienda, id_trabajador, id_usuario) VALUES (171, '2025-10-29 15:47:54', 'Paseo Pardo 1854, Yanahuara', 'Enviado', 82.80, 'Cliente 19', '12228880', 'Ideal para corredores urbanos.', 459.98, 'AMEX', 542.78, 28.48, 2, 30, 19);
INSERT INTO `tb_transaccion` (id_boleta, id_producto, descuento, precio_unitario, total, unidades) VALUES (171, 4, 12.08, 324.32, 312.24, 1);
INSERT INTO `tb_transaccion` (id_boleta, id_producto, descuento, precio_unitario, total, unidades) VALUES (171, 8, 16.40, 123.47, 230.54, 2);
INSERT INTO `tb_boleta` (id, created_at, direccion, estado, igv, nombre_cliente, numero_documento, observaciones, subtotal, tipo_tarjeta, total, total_descuento, id_tienda, id_trabajador, id_usuario) VALUES (172, '2025-10-29 15:47:54', 'Calle Grau 949, Miraflores', 'Entregado', 33.52, 'Cliente 36', '23566888', 'Ideal para corredores urbanos.', 186.24, 'Visa', 219.76, 11.24, 1, 10, 36);
INSERT INTO `tb_transaccion` (id_boleta, id_producto, descuento, precio_unitario, total, unidades) VALUES (172, 75, 11.24, 115.50, 219.76, 2);
INSERT INTO `tb_boleta` (id, created_at, direccion, estado, igv, nombre_cliente, numero_documento, observaciones, subtotal, tipo_tarjeta, total, total_descuento, id_tienda, id_trabajador, id_usuario) VALUES (173, '2025-10-29 15:47:54', 'Paseo Arequipa 903, Cusco Cercado', 'Pagado', 382.05, 'Cliente 12', '95277428', 'Ideal para corredores urbanos.', 2122.52, 'Diners', 2504.57, 179.10, 4, 37, 12);
INSERT INTO `tb_transaccion` (id_boleta, id_producto, descuento, precio_unitario, total, unidades) VALUES (173, 117, 62.44, 449.37, 836.30, 2);
INSERT INTO `tb_transaccion` (id_boleta, id_producto, descuento, precio_unitario, total, unidades) VALUES (173, 38, 43.58, 416.39, 372.81, 1);
INSERT INTO `tb_transaccion` (id_boleta, id_producto, descuento, precio_unitario, total, unidades) VALUES (173, 82, 73.08, 684.27, 1295.46, 2);
INSERT INTO `tb_boleta` (id, created_at, direccion, estado, igv, nombre_cliente, numero_documento, observaciones, subtotal, tipo_tarjeta, total, total_descuento, id_tienda, id_trabajador, id_usuario) VALUES (174, '2025-10-29 15:47:54', 'Av. El Sol 1226, Miraflores', 'Enviado', 136.62, 'Cliente 16', '76015406', 'Un clásico reinventado.', 759.01, 'AMEX', 895.63, 13.73, 3, 50, 16);
INSERT INTO `tb_transaccion` (id_boleta, id_producto, descuento, precio_unitario, total, unidades) VALUES (174, 29, 13.73, 454.68, 895.63, 2);
INSERT INTO `tb_boleta` (id, created_at, direccion, estado, igv, nombre_cliente, numero_documento, observaciones, subtotal, tipo_tarjeta, total, total_descuento, id_tienda, id_trabajador, id_usuario) VALUES (175, '2025-10-29 15:47:54', 'Calle El Sol 1964, Trujillo', 'Pagado', 382.48, 'Cliente 2', '37959760', 'Ideal para corredores urbanos.', 2124.86, 'AMEX', 2507.34, 84.91, 1, 35, 2);
INSERT INTO `tb_transaccion` (id_boleta, id_producto, descuento, precio_unitario, total, unidades) VALUES (175, 98, 20.37, 377.78, 357.41, 1);
INSERT INTO `tb_transaccion` (id_boleta, id_producto, descuento, precio_unitario, total, unidades) VALUES (175, 160, 57.62, 697.00, 2033.38, 3);
INSERT INTO `tb_transaccion` (id_boleta, id_producto, descuento, precio_unitario, total, unidades) VALUES (175, 8, 6.92, 123.47, 116.55, 1);
INSERT INTO `tb_boleta` (id, created_at, direccion, estado, igv, nombre_cliente, numero_documento, observaciones, subtotal, tipo_tarjeta, total, total_descuento, id_tienda, id_trabajador, id_usuario) VALUES (176, '2025-10-29 15:47:54', 'Av. Grau 1022, Miraflores', 'Enviado', 619.74, 'Cliente 37', '61738166', 'Un clásico reinventado.', 3443.03, 'Visa', 4062.77, 141.19, 5, 23, 37);
INSERT INTO `tb_transaccion` (id_boleta, id_producto, descuento, precio_unitario, total, unidades) VALUES (176, 68, 7.33, 444.22, 436.89, 1);
INSERT INTO `tb_transaccion` (id_boleta, id_producto, descuento, precio_unitario, total, unidades) VALUES (176, 103, 41.94, 619.43, 1816.35, 3);
INSERT INTO `tb_transaccion` (id_boleta, id_producto, descuento, precio_unitario, total, unidades) VALUES (176, 169, 63.87, 491.48, 1410.57, 3);
INSERT INTO `tb_transaccion` (id_boleta, id_producto, descuento, precio_unitario, total, unidades) VALUES (176, 184, 28.05, 427.01, 398.96, 1);
INSERT INTO `tb_boleta` (id, created_at, direccion, estado, igv, nombre_cliente, numero_documento, observaciones, subtotal, tipo_tarjeta, total, total_descuento, id_tienda, id_trabajador, id_usuario) VALUES (177, '2025-10-29 15:47:54', 'Av. Ejército 388, Cusco Cercado', 'Entregado', 410.63, 'Cliente 47', '85982773', 'Máxima comodidad y estilo.', 2281.29, 'AMEX', 2691.92, 62.03, 4, 10, 47);
INSERT INTO `tb_transaccion` (id_boleta, id_producto, descuento, precio_unitario, total, unidades) VALUES (177, 184, 47.31, 427.01, 806.71, 2);
INSERT INTO `tb_transaccion` (id_boleta, id_producto, descuento, precio_unitario, total, unidades) VALUES (177, 153, 14.72, 633.31, 1885.21, 3);
INSERT INTO `tb_boleta` (id, created_at, direccion, estado, igv, nombre_cliente, numero_documento, observaciones, subtotal, tipo_tarjeta, total, total_descuento, id_tienda, id_trabajador, id_usuario) VALUES (178, '2025-10-29 15:47:54', 'Av. El Sol 1650, Trujillo', 'Pagado', 310.43, 'Cliente 22', '64315134', 'Máxima comodidad y estilo.', 1724.63, 'Mastercard', 2035.06, 4.60, 2, 17, 22);
INSERT INTO `tb_transaccion` (id_boleta, id_producto, descuento, precio_unitario, total, unidades) VALUES (178, 167, 4.36, 529.04, 1582.76, 3);
INSERT INTO `tb_transaccion` (id_boleta, id_producto, descuento, precio_unitario, total, unidades) VALUES (178, 127, 0.24, 226.27, 452.30, 2);
INSERT INTO `tb_boleta` (id, created_at, direccion, estado, igv, nombre_cliente, numero_documento, observaciones, subtotal, tipo_tarjeta, total, total_descuento, id_tienda, id_trabajador, id_usuario) VALUES (179, '2025-10-29 15:47:54', 'Paseo Arequipa 790, Cayma', 'Entregado', 360.06, 'Cliente 26', '10021512', 'Un clásico reinventado.', 2000.34, 'AMEX', 2360.40, 39.20, 4, 21, 26);
INSERT INTO `tb_transaccion` (id_boleta, id_producto, descuento, precio_unitario, total, unidades) VALUES (179, 46, 25.41, 503.72, 1485.75, 3);
INSERT INTO `tb_transaccion` (id_boleta, id_producto, descuento, precio_unitario, total, unidades) VALUES (179, 68, 13.79, 444.22, 874.65, 2);
INSERT INTO `tb_boleta` (id, created_at, direccion, estado, igv, nombre_cliente, numero_documento, observaciones, subtotal, tipo_tarjeta, total, total_descuento, id_tienda, id_trabajador, id_usuario) VALUES (180, '2025-10-29 15:47:54', 'Paseo Benavides 1128, Cusco Cercado', 'Enviado', 192.70, 'Cliente 3', '26418907', 'Ideal para corredores urbanos.', 1070.53, 'AMEX', 1263.23, 56.99, 3, 3, 3);
INSERT INTO `tb_transaccion` (id_boleta, id_producto, descuento, precio_unitario, total, unidades) VALUES (180, 58, 23.55, 365.52, 707.49, 2);
INSERT INTO `tb_transaccion` (id_boleta, id_producto, descuento, precio_unitario, total, unidades) VALUES (180, 119, 33.44, 294.59, 555.74, 2);
INSERT INTO `tb_boleta` (id, created_at, direccion, estado, igv, nombre_cliente, numero_documento, observaciones, subtotal, tipo_tarjeta, total, total_descuento, id_tienda, id_trabajador, id_usuario) VALUES (181, '2025-10-29 15:47:54', 'Calle Salaverry 1580, Yanahuara', 'Entregado', 375.15, 'Cliente 44', '56197898', 'Un clásico reinventado.', 2084.19, 'Diners', 2459.34, 207.76, 3, 47, 44);
INSERT INTO `tb_transaccion` (id_boleta, id_producto, descuento, precio_unitario, total, unidades) VALUES (181, 73, 47.23, 601.07, 553.84, 1);
INSERT INTO `tb_transaccion` (id_boleta, id_producto, descuento, precio_unitario, total, unidades) VALUES (181, 127, 25.09, 226.27, 201.18, 1);
INSERT INTO `tb_transaccion` (id_boleta, id_producto, descuento, precio_unitario, total, unidades) VALUES (181, 4, 39.95, 324.32, 284.37, 1);
INSERT INTO `tb_transaccion` (id_boleta, id_producto, descuento, precio_unitario, total, unidades) VALUES (181, 134, 95.49, 757.72, 1419.95, 2);
INSERT INTO `tb_boleta` (id, created_at, direccion, estado, igv, nombre_cliente, numero_documento, observaciones, subtotal, tipo_tarjeta, total, total_descuento, id_tienda, id_trabajador, id_usuario) VALUES (182, '2025-10-29 15:47:54', 'Calle Ejército 310, Cayma', 'Enviado', 430.28, 'Cliente 40', '33189939', 'Perfecto para el día a día.', 2390.43, 'Diners', 2820.71, 80.35, 3, 24, 40);
INSERT INTO `tb_transaccion` (id_boleta, id_producto, descuento, precio_unitario, total, unidades) VALUES (182, 156, 23.01, 402.78, 1185.33, 3);
INSERT INTO `tb_transaccion` (id_boleta, id_producto, descuento, precio_unitario, total, unidades) VALUES (182, 149, 57.34, 564.24, 1635.38, 3);
INSERT INTO `tb_boleta` (id, created_at, direccion, estado, igv, nombre_cliente, numero_documento, observaciones, subtotal, tipo_tarjeta, total, total_descuento, id_tienda, id_trabajador, id_usuario) VALUES (183, '2025-10-29 15:47:54', 'Paseo Javier Prado 178, Víctor Larco Herrera', 'Pagado', 51.20, 'Cliente 16', '98059663', 'Máxima comodidad y estilo.', 284.42, 'AMEX', 335.62, 33.06, 5, 27, 16);
INSERT INTO `tb_transaccion` (id_boleta, id_producto, descuento, precio_unitario, total, unidades) VALUES (183, 192, 21.35, 190.74, 169.39, 1);
INSERT INTO `tb_transaccion` (id_boleta, id_producto, descuento, precio_unitario, total, unidades) VALUES (183, 44, 11.71, 177.94, 166.23, 1);
INSERT INTO `tb_boleta` (id, created_at, direccion, estado, igv, nombre_cliente, numero_documento, observaciones, subtotal, tipo_tarjeta, total, total_descuento, id_tienda, id_trabajador, id_usuario) VALUES (184, '2025-10-29 15:47:54', 'Jr. Larco 580, Cusco Cercado', 'Enviado', 330.61, 'Cliente 14', '87839461', 'Tecnología de punta para deporte.', 1836.73, 'Mastercard', 2167.34, 79.39, 5, 45, 14);
INSERT INTO `tb_transaccion` (id_boleta, id_producto, descuento, precio_unitario, total, unidades) VALUES (184, 198, 31.74, 483.96, 452.22, 1);
INSERT INTO `tb_transaccion` (id_boleta, id_producto, descuento, precio_unitario, total, unidades) VALUES (184, 133, 47.65, 587.59, 1715.12, 3);
INSERT INTO `tb_boleta` (id, created_at, direccion, estado, igv, nombre_cliente, numero_documento, observaciones, subtotal, tipo_tarjeta, total, total_descuento, id_tienda, id_trabajador, id_usuario) VALUES (185, '2025-10-29 15:47:54', 'Calle Javier Prado 1469, Cayma', 'Enviado', 76.34, 'Cliente 31', '67601689', 'Perfecto para el día a día.', 424.11, 'AMEX', 500.45, 23.11, 4, 9, 31);
INSERT INTO `tb_transaccion` (id_boleta, id_producto, descuento, precio_unitario, total, unidades) VALUES (185, 139, 23.11, 261.78, 500.45, 2);
INSERT INTO `tb_boleta` (id, created_at, direccion, estado, igv, nombre_cliente, numero_documento, observaciones, subtotal, tipo_tarjeta, total, total_descuento, id_tienda, id_trabajador, id_usuario) VALUES (186, '2025-10-29 15:47:54', 'Jr. Arequipa 1744, Miraflores', 'Entregado', 457.24, 'Cliente 23', '19149991', 'Un clásico reinventado.', 2540.24, 'Diners', 2997.48, 91.13, 3, 37, 23);
INSERT INTO `tb_transaccion` (id_boleta, id_producto, descuento, precio_unitario, total, unidades) VALUES (186, 136, 27.56, 467.16, 906.76, 2);
INSERT INTO `tb_transaccion` (id_boleta, id_producto, descuento, precio_unitario, total, unidades) VALUES (186, 57, 36.06, 347.34, 311.28, 1);
INSERT INTO `tb_transaccion` (id_boleta, id_producto, descuento, precio_unitario, total, unidades) VALUES (186, 47, 23.27, 366.69, 1076.80, 3);
INSERT INTO `tb_transaccion` (id_boleta, id_producto, descuento, precio_unitario, total, unidades) VALUES (186, 31, 4.24, 353.44, 702.64, 2);
INSERT INTO `tb_boleta` (id, created_at, direccion, estado, igv, nombre_cliente, numero_documento, observaciones, subtotal, tipo_tarjeta, total, total_descuento, id_tienda, id_trabajador, id_usuario) VALUES (187, '2025-10-29 15:47:54', 'Paseo Pardo 1823, Cusco Cercado', 'Entregado', 556.76, 'Cliente 33', '16858631', 'Ideal para corredores urbanos.', 3093.13, 'Mastercard', 3649.89, 151.37, 5, 14, 33);
INSERT INTO `tb_transaccion` (id_boleta, id_producto, descuento, precio_unitario, total, unidades) VALUES (187, 54, 17.13, 115.37, 98.24, 1);
INSERT INTO `tb_transaccion` (id_boleta, id_producto, descuento, precio_unitario, total, unidades) VALUES (187, 45, 77.37, 592.00, 1698.63, 3);
INSERT INTO `tb_transaccion` (id_boleta, id_producto, descuento, precio_unitario, total, unidades) VALUES (187, 18, 56.87, 636.63, 1853.02, 3);
INSERT INTO `tb_boleta` (id, created_at, direccion, estado, igv, nombre_cliente, numero_documento, observaciones, subtotal, tipo_tarjeta, total, total_descuento, id_tienda, id_trabajador, id_usuario) VALUES (188, '2025-10-29 15:47:54', 'Jr. Grau 1403, Trujillo', 'Entregado', 318.13, 'Cliente 49', '50005115', 'Máxima comodidad y estilo.', 1767.36, 'AMEX', 2085.49, 156.05, 4, 17, 49);
INSERT INTO `tb_transaccion` (id_boleta, id_producto, descuento, precio_unitario, total, unidades) VALUES (188, 3, 24.03, 270.99, 788.94, 3);
INSERT INTO `tb_transaccion` (id_boleta, id_producto, descuento, precio_unitario, total, unidades) VALUES (188, 122, 96.32, 725.95, 629.63, 1);
INSERT INTO `tb_transaccion` (id_boleta, id_producto, descuento, precio_unitario, total, unidades) VALUES (188, 113, 35.70, 351.31, 666.92, 2);
INSERT INTO `tb_boleta` (id, created_at, direccion, estado, igv, nombre_cliente, numero_documento, observaciones, subtotal, tipo_tarjeta, total, total_descuento, id_tienda, id_trabajador, id_usuario) VALUES (189, '2025-10-29 15:47:54', 'Calle Benavides 271, Miraflores', 'Entregado', 210.62, 'Cliente 51', '79482242', 'Ideal para corredores urbanos.', 1170.14, 'Diners', 1380.76, 48.95, 4, 40, 51);
INSERT INTO `tb_transaccion` (id_boleta, id_producto, descuento, precio_unitario, total, unidades) VALUES (189, 99, 43.41, 498.26, 953.11, 2);
INSERT INTO `tb_transaccion` (id_boleta, id_producto, descuento, precio_unitario, total, unidades) VALUES (189, 165, 5.54, 433.19, 427.65, 1);
INSERT INTO `tb_boleta` (id, created_at, direccion, estado, igv, nombre_cliente, numero_documento, observaciones, subtotal, tipo_tarjeta, total, total_descuento, id_tienda, id_trabajador, id_usuario) VALUES (190, '2025-10-29 15:47:54', 'Calle Primavera 993, Miraflores', 'Pagado', 64.46, 'Cliente 50', '18642249', 'Máxima comodidad y estilo.', 358.11, 'Visa', 422.57, 45.08, 4, 10, 50);
INSERT INTO `tb_transaccion` (id_boleta, id_producto, descuento, precio_unitario, total, unidades) VALUES (190, 35, 45.08, 467.65, 422.57, 1);
INSERT INTO `tb_boleta` (id, created_at, direccion, estado, igv, nombre_cliente, numero_documento, observaciones, subtotal, tipo_tarjeta, total, total_descuento, id_tienda, id_trabajador, id_usuario) VALUES (191, '2025-10-29 15:47:54', 'Calle Angamos 511, Miraflores', 'Enviado', 410.21, 'Cliente 9', '20261695', 'Tecnología de punta para deporte.', 2278.96, 'AMEX', 2689.17, 94.51, 2, 50, 9);
INSERT INTO `tb_transaccion` (id_boleta, id_producto, descuento, precio_unitario, total, unidades) VALUES (191, 11, 14.42, 469.12, 1392.94, 3);
INSERT INTO `tb_transaccion` (id_boleta, id_producto, descuento, precio_unitario, total, unidades) VALUES (191, 104, 80.09, 688.16, 1296.23, 2);
INSERT INTO `tb_boleta` (id, created_at, direccion, estado, igv, nombre_cliente, numero_documento, observaciones, subtotal, tipo_tarjeta, total, total_descuento, id_tienda, id_trabajador, id_usuario) VALUES (192, '2025-10-29 15:47:54', 'Av. Angamos 1543, Yanahuara', 'Pagado', 542.34, 'Cliente 50', '96071356', 'Tecnología de punta para deporte.', 3012.98, 'Visa', 3555.32, 62.11, 4, 43, 50);
INSERT INTO `tb_transaccion` (id_boleta, id_producto, descuento, precio_unitario, total, unidades) VALUES (192, 110, 5.48, 143.88, 282.28, 2);
INSERT INTO `tb_transaccion` (id_boleta, id_producto, descuento, precio_unitario, total, unidades) VALUES (192, 119, 36.54, 294.59, 847.23, 3);
INSERT INTO `tb_transaccion` (id_boleta, id_producto, descuento, precio_unitario, total, unidades) VALUES (192, 5, 16.16, 664.26, 1976.62, 3);
INSERT INTO `tb_transaccion` (id_boleta, id_producto, descuento, precio_unitario, total, unidades) VALUES (192, 128, 3.93, 151.04, 449.19, 3);
INSERT INTO `tb_boleta` (id, created_at, direccion, estado, igv, nombre_cliente, numero_documento, observaciones, subtotal, tipo_tarjeta, total, total_descuento, id_tienda, id_trabajador, id_usuario) VALUES (193, '2025-10-29 15:47:54', 'Paseo Ejército 1150, Víctor Larco Herrera', 'Pagado', 625.92, 'Cliente 42', '94580403', 'Ideal para corredores urbanos.', 3477.33, 'Visa', 4103.25, 143.01, 3, 6, 42);
INSERT INTO `tb_transaccion` (id_boleta, id_producto, descuento, precio_unitario, total, unidades) VALUES (193, 81, 10.82, 550.09, 539.27, 1);
INSERT INTO `tb_transaccion` (id_boleta, id_producto, descuento, precio_unitario, total, unidades) VALUES (193, 190, 19.38, 419.58, 1239.36, 3);
INSERT INTO `tb_transaccion` (id_boleta, id_producto, descuento, precio_unitario, total, unidades) VALUES (193, 119, 26.41, 294.59, 268.18, 1);
INSERT INTO `tb_transaccion` (id_boleta, id_producto, descuento, precio_unitario, total, unidades) VALUES (193, 107, 86.40, 714.28, 2056.44, 3);
INSERT INTO `tb_boleta` (id, created_at, direccion, estado, igv, nombre_cliente, numero_documento, observaciones, subtotal, tipo_tarjeta, total, total_descuento, id_tienda, id_trabajador, id_usuario) VALUES (194, '2025-10-29 15:47:54', 'Av. Salaverry 1898, Wanchaq', 'Enviado', 247.79, 'Cliente 41', '81972853', 'Máxima comodidad y estilo.', 1376.58, 'Diners', 1624.37, 30.57, 3, 21, 41);
INSERT INTO `tb_transaccion` (id_boleta, id_producto, descuento, precio_unitario, total, unidades) VALUES (194, 23, 22.71, 203.06, 180.35, 1);
INSERT INTO `tb_transaccion` (id_boleta, id_producto, descuento, precio_unitario, total, unidades) VALUES (194, 198, 7.86, 483.96, 1444.02, 3);
INSERT INTO `tb_boleta` (id, created_at, direccion, estado, igv, nombre_cliente, numero_documento, observaciones, subtotal, tipo_tarjeta, total, total_descuento, id_tienda, id_trabajador, id_usuario) VALUES (195, '2025-10-29 15:47:54', 'Av. Larco 1427, Cusco Cercado', 'Entregado', 503.78, 'Cliente 34', '95611801', 'Ideal para corredores urbanos.', 2798.79, 'Visa', 3302.57, 204.57, 2, 14, 34);
INSERT INTO `tb_transaccion` (id_boleta, id_producto, descuento, precio_unitario, total, unidades) VALUES (195, 13, 96.77, 731.77, 635.00, 1);
INSERT INTO `tb_transaccion` (id_boleta, id_producto, descuento, precio_unitario, total, unidades) VALUES (195, 24, 94.27, 633.03, 1171.79, 2);
INSERT INTO `tb_transaccion` (id_boleta, id_producto, descuento, precio_unitario, total, unidades) VALUES (195, 166, 3.91, 655.29, 651.38, 1);
INSERT INTO `tb_transaccion` (id_boleta, id_producto, descuento, precio_unitario, total, unidades) VALUES (195, 184, 9.62, 427.01, 844.40, 2);
INSERT INTO `tb_boleta` (id, created_at, direccion, estado, igv, nombre_cliente, numero_documento, observaciones, subtotal, tipo_tarjeta, total, total_descuento, id_tienda, id_trabajador, id_usuario) VALUES (196, '2025-10-29 15:47:54', 'Paseo Ejército 1273, Cayma', 'Entregado', 259.89, 'Cliente 39', '87546724', 'Un clásico reinventado.', 1443.83, 'AMEX', 1703.72, 87.50, 1, 40, 39);
INSERT INTO `tb_transaccion` (id_boleta, id_producto, descuento, precio_unitario, total, unidades) VALUES (196, 136, 37.64, 467.16, 429.52, 1);
INSERT INTO `tb_transaccion` (id_boleta, id_producto, descuento, precio_unitario, total, unidades) VALUES (196, 113, 30.02, 351.31, 672.60, 2);
INSERT INTO `tb_transaccion` (id_boleta, id_producto, descuento, precio_unitario, total, unidades) VALUES (196, 140, 19.84, 310.72, 601.60, 2);
INSERT INTO `tb_boleta` (id, created_at, direccion, estado, igv, nombre_cliente, numero_documento, observaciones, subtotal, tipo_tarjeta, total, total_descuento, id_tienda, id_trabajador, id_usuario) VALUES (197, '2025-10-29 15:47:54', 'Jr. Salaverry 127, Víctor Larco Herrera', 'Enviado', 420.76, 'Cliente 6', '90749400', 'Un clásico reinventado.', 2337.57, 'Diners', 2758.33, 148.94, 2, 32, 6);
INSERT INTO `tb_transaccion` (id_boleta, id_producto, descuento, precio_unitario, total, unidades) VALUES (197, 27, 30.74, 742.70, 711.96, 1);
INSERT INTO `tb_transaccion` (id_boleta, id_producto, descuento, precio_unitario, total, unidades) VALUES (197, 198, 44.60, 483.96, 1407.28, 3);
INSERT INTO `tb_transaccion` (id_boleta, id_producto, descuento, precio_unitario, total, unidades) VALUES (197, 66, 60.30, 588.65, 528.35, 1);
INSERT INTO `tb_transaccion` (id_boleta, id_producto, descuento, precio_unitario, total, unidades) VALUES (197, 67, 13.30, 124.04, 110.74, 1);
INSERT INTO `tb_boleta` (id, created_at, direccion, estado, igv, nombre_cliente, numero_documento, observaciones, subtotal, tipo_tarjeta, total, total_descuento, id_tienda, id_trabajador, id_usuario) VALUES (198, '2025-10-29 15:47:54', 'Jr. Ejército 965, Miraflores', 'Pagado', 268.25, 'Cliente 46', '44580885', 'Perfecto para el día a día.', 1490.31, 'Mastercard', 1758.56, 48.61, 4, 4, 46);
INSERT INTO `tb_transaccion` (id_boleta, id_producto, descuento, precio_unitario, total, unidades) VALUES (198, 52, 0.30, 163.84, 327.38, 2);
INSERT INTO `tb_transaccion` (id_boleta, id_producto, descuento, precio_unitario, total, unidades) VALUES (198, 85, 9.64, 240.63, 230.99, 1);
INSERT INTO `tb_transaccion` (id_boleta, id_producto, descuento, precio_unitario, total, unidades) VALUES (198, 103, 38.67, 619.43, 1200.19, 2);
INSERT INTO `tb_boleta` (id, created_at, direccion, estado, igv, nombre_cliente, numero_documento, observaciones, subtotal, tipo_tarjeta, total, total_descuento, id_tienda, id_trabajador, id_usuario) VALUES (199, '2025-10-29 15:47:54', 'Jr. Pardo 1526, Víctor Larco Herrera', 'Pagado', 380.42, 'Cliente 16', '65209488', 'Tecnología de punta para deporte.', 2113.47, 'Diners', 2493.89, 23.74, 3, 41, 16);
INSERT INTO `tb_transaccion` (id_boleta, id_producto, descuento, precio_unitario, total, unidades) VALUES (199, 109, 8.81, 299.20, 290.39, 1);
INSERT INTO `tb_transaccion` (id_boleta, id_producto, descuento, precio_unitario, total, unidades) VALUES (199, 186, 0.76, 147.67, 294.58, 2);
INSERT INTO `tb_transaccion` (id_boleta, id_producto, descuento, precio_unitario, total, unidades) VALUES (199, 125, 14.17, 641.03, 1908.92, 3);
INSERT INTO `tb_boleta` (id, created_at, direccion, estado, igv, nombre_cliente, numero_documento, observaciones, subtotal, tipo_tarjeta, total, total_descuento, id_tienda, id_trabajador, id_usuario) VALUES (200, '2025-10-29 15:47:54', 'Paseo Salaverry 1143, Víctor Larco Herrera', 'Entregado', 320.56, 'Cliente 19', '45216433', 'Máxima comodidad y estilo.', 1780.91, 'Diners', 2101.47, 27.62, 3, 9, 19);
INSERT INTO `tb_transaccion` (id_boleta, id_producto, descuento, precio_unitario, total, unidades) VALUES (200, 8, 9.43, 123.47, 114.04, 1);
INSERT INTO `tb_transaccion` (id_boleta, id_producto, descuento, precio_unitario, total, unidades) VALUES (200, 91, 18.19, 668.54, 1987.43, 3);
INSERT INTO `tb_boleta` (id, created_at, direccion, estado, igv, nombre_cliente, numero_documento, observaciones, subtotal, tipo_tarjeta, total, total_descuento, id_tienda, id_trabajador, id_usuario) VALUES (201, '2025-10-29 15:47:54', 'Calle Ejército 250, Víctor Larco Herrera', 'Enviado', 315.33, 'Cliente 45', '67387372', 'Perfecto para el día a día.', 1751.81, 'AMEX', 2067.14, 107.24, 2, 39, 45);
INSERT INTO `tb_transaccion` (id_boleta, id_producto, descuento, precio_unitario, total, unidades) VALUES (201, 190, 37.98, 419.58, 381.60, 1);
INSERT INTO `tb_transaccion` (id_boleta, id_producto, descuento, precio_unitario, total, unidades) VALUES (201, 166, 43.82, 655.29, 1266.76, 2);
INSERT INTO `tb_transaccion` (id_boleta, id_producto, descuento, precio_unitario, total, unidades) VALUES (201, 68, 25.44, 444.22, 418.78, 1);
INSERT INTO `tb_boleta` (id, created_at, direccion, estado, igv, nombre_cliente, numero_documento, observaciones, subtotal, tipo_tarjeta, total, total_descuento, id_tienda, id_trabajador, id_usuario) VALUES (202, '2025-10-29 15:47:54', 'Paseo Salaverry 565, Miraflores', 'Enviado', 440.29, 'Cliente 14', '77034016', 'Un clásico reinventado.', 2446.06, 'Diners', 2886.35, 115.06, 2, 23, 14);
INSERT INTO `tb_transaccion` (id_boleta, id_producto, descuento, precio_unitario, total, unidades) VALUES (202, 84, 22.53, 293.98, 271.45, 1);
INSERT INTO `tb_transaccion` (id_boleta, id_producto, descuento, precio_unitario, total, unidades) VALUES (202, 103, 16.06, 619.43, 603.37, 1);
INSERT INTO `tb_transaccion` (id_boleta, id_producto, descuento, precio_unitario, total, unidades) VALUES (202, 147, 64.89, 434.22, 1237.77, 3);
INSERT INTO `tb_transaccion` (id_boleta, id_producto, descuento, precio_unitario, total, unidades) VALUES (202, 139, 11.58, 261.78, 773.76, 3);
INSERT INTO `tb_boleta` (id, created_at, direccion, estado, igv, nombre_cliente, numero_documento, observaciones, subtotal, tipo_tarjeta, total, total_descuento, id_tienda, id_trabajador, id_usuario) VALUES (203, '2025-10-29 15:47:54', 'Jr. Benavides 1440, Víctor Larco Herrera', 'Pagado', 495.18, 'Cliente 5', '16900558', 'Perfecto para el día a día.', 2750.98, 'Diners', 3246.16, 147.71, 1, 24, 5);
INSERT INTO `tb_transaccion` (id_boleta, id_producto, descuento, precio_unitario, total, unidades) VALUES (203, 54, 0.58, 115.37, 345.53, 3);
INSERT INTO `tb_transaccion` (id_boleta, id_producto, descuento, precio_unitario, total, unidades) VALUES (203, 161, 31.32, 272.90, 514.48, 2);
INSERT INTO `tb_transaccion` (id_boleta, id_producto, descuento, precio_unitario, total, unidades) VALUES (203, 101, 26.03, 609.95, 1193.87, 2);
INSERT INTO `tb_transaccion` (id_boleta, id_producto, descuento, precio_unitario, total, unidades) VALUES (203, 125, 89.78, 641.03, 1192.28, 2);
INSERT INTO `tb_boleta` (id, created_at, direccion, estado, igv, nombre_cliente, numero_documento, observaciones, subtotal, tipo_tarjeta, total, total_descuento, id_tienda, id_trabajador, id_usuario) VALUES (204, '2025-10-29 15:47:54', 'Jr. Larco 1449, Trujillo', 'Entregado', 359.31, 'Cliente 37', '59252389', 'Perfecto para el día a día.', 1996.19, 'AMEX', 2355.50, 81.23, 5, 49, 37);
INSERT INTO `tb_transaccion` (id_boleta, id_producto, descuento, precio_unitario, total, unidades) VALUES (204, 64, 0.87, 197.01, 196.14, 1);
INSERT INTO `tb_transaccion` (id_boleta, id_producto, descuento, precio_unitario, total, unidades) VALUES (204, 181, 38.10, 536.12, 1034.14, 2);
INSERT INTO `tb_transaccion` (id_boleta, id_producto, descuento, precio_unitario, total, unidades) VALUES (204, 126, 42.26, 389.16, 1125.22, 3);
INSERT INTO `tb_boleta` (id, created_at, direccion, estado, igv, nombre_cliente, numero_documento, observaciones, subtotal, tipo_tarjeta, total, total_descuento, id_tienda, id_trabajador, id_usuario) VALUES (205, '2025-10-29 15:47:54', 'Calle Ejército 628, Víctor Larco Herrera', 'Entregado', 180.62, 'Cliente 28', '97869869', 'Máxima comodidad y estilo.', 1003.47, 'AMEX', 1184.09, 106.33, 3, 42, 28);
INSERT INTO `tb_transaccion` (id_boleta, id_producto, descuento, precio_unitario, total, unidades) VALUES (205, 5, 19.77, 664.26, 644.49, 1);
INSERT INTO `tb_transaccion` (id_boleta, id_producto, descuento, precio_unitario, total, unidades) VALUES (205, 152, 86.56, 626.16, 539.60, 1);
INSERT INTO `tb_boleta` (id, created_at, direccion, estado, igv, nombre_cliente, numero_documento, observaciones, subtotal, tipo_tarjeta, total, total_descuento, id_tienda, id_trabajador, id_usuario) VALUES (206, '2025-10-29 15:47:54', 'Calle Angamos 1438, Yanahuara', 'Enviado', 666.69, 'Cliente 9', '22698868', 'Un clásico reinventado.', 3703.83, 'Mastercard', 4370.52, 165.36, 1, 37, 9);
INSERT INTO `tb_transaccion` (id_boleta, id_producto, descuento, precio_unitario, total, unidades) VALUES (206, 7, 99.82, 754.50, 2163.68, 3);
INSERT INTO `tb_transaccion` (id_boleta, id_producto, descuento, precio_unitario, total, unidades) VALUES (206, 31, 28.93, 353.44, 1031.39, 3);
INSERT INTO `tb_transaccion` (id_boleta, id_producto, descuento, precio_unitario, total, unidades) VALUES (206, 33, 36.61, 606.03, 1175.45, 2);
INSERT INTO `tb_boleta` (id, created_at, direccion, estado, igv, nombre_cliente, numero_documento, observaciones, subtotal, tipo_tarjeta, total, total_descuento, id_tienda, id_trabajador, id_usuario) VALUES (207, '2025-10-29 15:47:54', 'Calle Larco 1681, Cusco Cercado', 'Pagado', 316.64, 'Cliente 30', '39770704', 'Perfecto para el día a día.', 1759.10, 'Mastercard', 2075.74, 85.25, 1, 41, 30);
INSERT INTO `tb_transaccion` (id_boleta, id_producto, descuento, precio_unitario, total, unidades) VALUES (207, 132, 85.25, 720.33, 2075.74, 3);
INSERT INTO `tb_boleta` (id, created_at, direccion, estado, igv, nombre_cliente, numero_documento, observaciones, subtotal, tipo_tarjeta, total, total_descuento, id_tienda, id_trabajador, id_usuario) VALUES (208, '2025-10-29 15:47:54', 'Av. Pardo 1040, Cusco Cercado', 'Enviado', 391.77, 'Cliente 8', '15886478', 'Tecnología de punta para deporte.', 2176.51, 'Diners', 2568.28, 59.99, 4, 45, 8);
INSERT INTO `tb_transaccion` (id_boleta, id_producto, descuento, precio_unitario, total, unidades) VALUES (208, 56, 8.95, 624.59, 1864.82, 3);
INSERT INTO `tb_transaccion` (id_boleta, id_producto, descuento, precio_unitario, total, unidades) VALUES (208, 7, 51.04, 754.50, 703.46, 1);
INSERT INTO `tb_boleta` (id, created_at, direccion, estado, igv, nombre_cliente, numero_documento, observaciones, subtotal, tipo_tarjeta, total, total_descuento, id_tienda, id_trabajador, id_usuario) VALUES (209, '2025-10-29 15:47:54', 'Av. Arequipa 1902, Cusco Cercado', 'Entregado', 758.22, 'Cliente 39', '94490356', 'Máxima comodidad y estilo.', 4212.31, 'Diners', 4970.53, 163.14, 3, 24, 39);
INSERT INTO `tb_transaccion` (id_boleta, id_producto, descuento, precio_unitario, total, unidades) VALUES (209, 93, 14.64, 450.92, 887.20, 2);
INSERT INTO `tb_transaccion` (id_boleta, id_producto, descuento, precio_unitario, total, unidades) VALUES (209, 78, 1.95, 756.11, 1510.27, 2);
INSERT INTO `tb_transaccion` (id_boleta, id_producto, descuento, precio_unitario, total, unidades) VALUES (209, 19, 105.48, 753.74, 648.26, 1);
INSERT INTO `tb_transaccion` (id_boleta, id_producto, descuento, precio_unitario, total, unidades) VALUES (209, 166, 41.07, 655.29, 1924.80, 3);
INSERT INTO `tb_boleta` (id, created_at, direccion, estado, igv, nombre_cliente, numero_documento, observaciones, subtotal, tipo_tarjeta, total, total_descuento, id_tienda, id_trabajador, id_usuario) VALUES (210, '2025-10-29 15:47:54', 'Paseo Benavides 861, Trujillo', 'Pagado', 531.08, 'Cliente 43', '62563335', 'Máxima comodidad y estilo.', 2950.47, 'Diners', 3481.55, 157.16, 5, 2, 43);
INSERT INTO `tb_transaccion` (id_boleta, id_producto, descuento, precio_unitario, total, unidades) VALUES (210, 171, 21.36, 187.89, 354.42, 2);
INSERT INTO `tb_transaccion` (id_boleta, id_producto, descuento, precio_unitario, total, unidades) VALUES (210, 185, 88.12, 664.84, 1906.40, 3);
INSERT INTO `tb_transaccion` (id_boleta, id_producto, descuento, precio_unitario, total, unidades) VALUES (210, 49, 16.73, 120.59, 103.86, 1);
INSERT INTO `tb_transaccion` (id_boleta, id_producto, descuento, precio_unitario, total, unidades) VALUES (210, 95, 30.95, 573.91, 1116.87, 2);
INSERT INTO `tb_boleta` (id, created_at, direccion, estado, igv, nombre_cliente, numero_documento, observaciones, subtotal, tipo_tarjeta, total, total_descuento, id_tienda, id_trabajador, id_usuario) VALUES (211, '2025-10-29 15:47:54', 'Paseo De la Cultura 844, Cusco Cercado', 'Entregado', 40.71, 'Cliente 30', '67047129', 'Máxima comodidad y estilo.', 226.16, 'Diners', 266.87, 2.57, 2, 26, 30);
INSERT INTO `tb_transaccion` (id_boleta, id_producto, descuento, precio_unitario, total, unidades) VALUES (211, 74, 2.57, 134.72, 266.87, 2);
INSERT INTO `tb_boleta` (id, created_at, direccion, estado, igv, nombre_cliente, numero_documento, observaciones, subtotal, tipo_tarjeta, total, total_descuento, id_tienda, id_trabajador, id_usuario) VALUES (212, '2025-10-29 15:47:54', 'Calle De la Cultura 1263, Víctor Larco Herrera', 'Entregado', 178.71, 'Cliente 37', '99841008', 'Perfecto para el día a día.', 992.86, 'Visa', 1171.57, 100.53, 1, 34, 37);
INSERT INTO `tb_transaccion` (id_boleta, id_producto, descuento, precio_unitario, total, unidades) VALUES (212, 86, 71.66, 493.12, 421.46, 1);
INSERT INTO `tb_transaccion` (id_boleta, id_producto, descuento, precio_unitario, total, unidades) VALUES (212, 57, 25.08, 347.34, 322.26, 1);
INSERT INTO `tb_transaccion` (id_boleta, id_producto, descuento, precio_unitario, total, unidades) VALUES (212, 110, 3.79, 143.88, 427.85, 3);
INSERT INTO `tb_boleta` (id, created_at, direccion, estado, igv, nombre_cliente, numero_documento, observaciones, subtotal, tipo_tarjeta, total, total_descuento, id_tienda, id_trabajador, id_usuario) VALUES (213, '2025-10-29 15:47:54', 'Paseo Salaverry 480, Cusco Cercado', 'Enviado', 679.54, 'Cliente 10', '37647873', 'Máxima comodidad y estilo.', 3775.20, 'AMEX', 4454.74, 173.28, 1, 27, 10);
INSERT INTO `tb_transaccion` (id_boleta, id_producto, descuento, precio_unitario, total, unidades) VALUES (213, 175, 7.06, 172.67, 338.28, 2);
INSERT INTO `tb_transaccion` (id_boleta, id_producto, descuento, precio_unitario, total, unidades) VALUES (213, 34, 79.14, 785.88, 2278.50, 3);
INSERT INTO `tb_transaccion` (id_boleta, id_producto, descuento, precio_unitario, total, unidades) VALUES (213, 28, 87.08, 641.68, 1837.96, 3);
INSERT INTO `tb_boleta` (id, created_at, direccion, estado, igv, nombre_cliente, numero_documento, observaciones, subtotal, tipo_tarjeta, total, total_descuento, id_tienda, id_trabajador, id_usuario) VALUES (214, '2025-10-29 15:47:54', 'Av. De la Cultura 1333, Cayma', 'Entregado', 356.51, 'Cliente 2', '65493496', 'Ideal para corredores urbanos.', 1980.63, 'Mastercard', 2337.14, 141.21, 5, 29, 2);
INSERT INTO `tb_transaccion` (id_boleta, id_producto, descuento, precio_unitario, total, unidades) VALUES (214, 49, 4.85, 120.59, 236.33, 2);
INSERT INTO `tb_transaccion` (id_boleta, id_producto, descuento, precio_unitario, total, unidades) VALUES (214, 17, 18.57, 656.81, 638.24, 1);
INSERT INTO `tb_transaccion` (id_boleta, id_producto, descuento, precio_unitario, total, unidades) VALUES (214, 16, 117.79, 790.18, 1462.57, 2);
INSERT INTO `tb_boleta` (id, created_at, direccion, estado, igv, nombre_cliente, numero_documento, observaciones, subtotal, tipo_tarjeta, total, total_descuento, id_tienda, id_trabajador, id_usuario) VALUES (215, '2025-10-29 15:47:54', 'Jr. Pardo 144, Cayma', 'Enviado', 268.91, 'Cliente 6', '54601978', 'Tecnología de punta para deporte.', 1493.93, 'Visa', 1762.84, 108.43, 4, 29, 6);
INSERT INTO `tb_transaccion` (id_boleta, id_producto, descuento, precio_unitario, total, unidades) VALUES (215, 180, 5.28, 207.95, 202.67, 1);
INSERT INTO `tb_transaccion` (id_boleta, id_producto, descuento, precio_unitario, total, unidades) VALUES (215, 178, 54.79, 480.35, 905.91, 2);
INSERT INTO `tb_transaccion` (id_boleta, id_producto, descuento, precio_unitario, total, unidades) VALUES (215, 113, 48.36, 351.31, 654.26, 2);
INSERT INTO `tb_boleta` (id, created_at, direccion, estado, igv, nombre_cliente, numero_documento, observaciones, subtotal, tipo_tarjeta, total, total_descuento, id_tienda, id_trabajador, id_usuario) VALUES (216, '2025-10-29 15:47:54', 'Av. Pardo 313, Víctor Larco Herrera', 'Enviado', 305.56, 'Cliente 11', '16314454', 'Máxima comodidad y estilo.', 1697.57, 'Diners', 2003.13, 19.30, 1, 3, 11);
INSERT INTO `tb_transaccion` (id_boleta, id_producto, descuento, precio_unitario, total, unidades) VALUES (216, 197, 13.17, 517.77, 1540.14, 3);
INSERT INTO `tb_transaccion` (id_boleta, id_producto, descuento, precio_unitario, total, unidades) VALUES (216, 11, 6.13, 469.12, 462.99, 1);
INSERT INTO `tb_boleta` (id, created_at, direccion, estado, igv, nombre_cliente, numero_documento, observaciones, subtotal, tipo_tarjeta, total, total_descuento, id_tienda, id_trabajador, id_usuario) VALUES (217, '2025-10-29 15:47:54', 'Av. Grau 627, Trujillo', 'Entregado', 118.33, 'Cliente 8', '76288940', 'Ideal para corredores urbanos.', 657.39, 'Mastercard', 775.72, 1.04, 2, 23, 8);
INSERT INTO `tb_transaccion` (id_boleta, id_producto, descuento, precio_unitario, total, unidades) VALUES (217, 43, 1.04, 388.38, 775.72, 2);
INSERT INTO `tb_boleta` (id, created_at, direccion, estado, igv, nombre_cliente, numero_documento, observaciones, subtotal, tipo_tarjeta, total, total_descuento, id_tienda, id_trabajador, id_usuario) VALUES (218, '2025-10-29 15:47:54', 'Paseo Pardo 1486, Cayma', 'Pagado', 313.67, 'Cliente 8', '74971817', 'Tecnología de punta para deporte.', 1742.59, 'AMEX', 2056.26, 107.46, 3, 18, 8);
INSERT INTO `tb_transaccion` (id_boleta, id_producto, descuento, precio_unitario, total, unidades) VALUES (218, 15, 40.38, 741.90, 701.52, 1);
INSERT INTO `tb_transaccion` (id_boleta, id_producto, descuento, precio_unitario, total, unidades) VALUES (218, 174, 1.36, 183.57, 365.78, 2);
INSERT INTO `tb_transaccion` (id_boleta, id_producto, descuento, precio_unitario, total, unidades) VALUES (218, 61, 45.60, 419.80, 794.00, 2);
INSERT INTO `tb_transaccion` (id_boleta, id_producto, descuento, precio_unitario, total, unidades) VALUES (218, 120, 20.12, 215.08, 194.96, 1);
INSERT INTO `tb_boleta` (id, created_at, direccion, estado, igv, nombre_cliente, numero_documento, observaciones, subtotal, tipo_tarjeta, total, total_descuento, id_tienda, id_trabajador, id_usuario) VALUES (219, '2025-10-29 15:47:54', 'Paseo Benavides 371, Víctor Larco Herrera', 'Entregado', 251.38, 'Cliente 46', '14082619', 'Ideal para corredores urbanos.', 1396.56, 'Mastercard', 1647.94, 22.74, 4, 45, 46);
INSERT INTO `tb_transaccion` (id_boleta, id_producto, descuento, precio_unitario, total, unidades) VALUES (219, 46, 18.91, 503.72, 1492.25, 3);
INSERT INTO `tb_transaccion` (id_boleta, id_producto, descuento, precio_unitario, total, unidades) VALUES (219, 94, 3.83, 159.52, 155.69, 1);
INSERT INTO `tb_boleta` (id, created_at, direccion, estado, igv, nombre_cliente, numero_documento, observaciones, subtotal, tipo_tarjeta, total, total_descuento, id_tienda, id_trabajador, id_usuario) VALUES (220, '2025-10-29 15:47:54', 'Paseo Arequipa 1593, Víctor Larco Herrera', 'Entregado', 1001.72, 'Cliente 15', '65383247', 'Perfecto para el día a día.', 5565.11, 'Visa', 6566.83, 163.28, 1, 22, 15);
INSERT INTO `tb_transaccion` (id_boleta, id_producto, descuento, precio_unitario, total, unidades) VALUES (220, 24, 20.73, 633.03, 1245.33, 2);
INSERT INTO `tb_transaccion` (id_boleta, id_producto, descuento, precio_unitario, total, unidades) VALUES (220, 34, 29.74, 785.88, 1542.02, 2);
INSERT INTO `tb_transaccion` (id_boleta, id_producto, descuento, precio_unitario, total, unidades) VALUES (220, 82, 68.28, 684.27, 1984.53, 3);
INSERT INTO `tb_transaccion` (id_boleta, id_producto, descuento, precio_unitario, total, unidades) VALUES (220, 148, 44.53, 613.16, 1794.95, 3);
INSERT INTO `tb_boleta` (id, created_at, direccion, estado, igv, nombre_cliente, numero_documento, observaciones, subtotal, tipo_tarjeta, total, total_descuento, id_tienda, id_trabajador, id_usuario) VALUES (221, '2025-10-29 15:47:54', 'Paseo El Sol 872, Trujillo', 'Enviado', 289.99, 'Cliente 37', '84769919', 'Tecnología de punta para deporte.', 1611.06, 'Diners', 1901.05, 39.71, 4, 14, 37);
INSERT INTO `tb_transaccion` (id_boleta, id_producto, descuento, precio_unitario, total, unidades) VALUES (221, 14, 39.71, 646.92, 1901.05, 3);
INSERT INTO `tb_boleta` (id, created_at, direccion, estado, igv, nombre_cliente, numero_documento, observaciones, subtotal, tipo_tarjeta, total, total_descuento, id_tienda, id_trabajador, id_usuario) VALUES (222, '2025-10-29 15:47:54', 'Jr. Arequipa 1289, Cayma', 'Enviado', 211.17, 'Cliente 10', '51771459', 'Un clásico reinventado.', 1173.18, 'AMEX', 1384.35, 58.98, 1, 37, 10);
INSERT INTO `tb_transaccion` (id_boleta, id_producto, descuento, precio_unitario, total, unidades) VALUES (222, 152, 38.74, 626.16, 1213.58, 2);
INSERT INTO `tb_transaccion` (id_boleta, id_producto, descuento, precio_unitario, total, unidades) VALUES (222, 168, 20.24, 191.01, 170.77, 1);
INSERT INTO `tb_boleta` (id, created_at, direccion, estado, igv, nombre_cliente, numero_documento, observaciones, subtotal, tipo_tarjeta, total, total_descuento, id_tienda, id_trabajador, id_usuario) VALUES (223, '2025-10-29 15:47:54', 'Jr. De la Cultura 1175, Yanahuara', 'Entregado', 312.98, 'Cliente 17', '11062049', 'Ideal para corredores urbanos.', 1738.81, 'Diners', 2051.79, 91.05, 5, 4, 17);
INSERT INTO `tb_transaccion` (id_boleta, id_producto, descuento, precio_unitario, total, unidades) VALUES (223, 107, 91.05, 714.28, 2051.79, 3);
INSERT INTO `tb_boleta` (id, created_at, direccion, estado, igv, nombre_cliente, numero_documento, observaciones, subtotal, tipo_tarjeta, total, total_descuento, id_tienda, id_trabajador, id_usuario) VALUES (224, '2025-10-29 15:47:54', 'Calle De la Cultura 932, Cayma', 'Enviado', 124.76, 'Cliente 26', '21011272', 'Un clásico reinventado.', 693.11, 'Diners', 817.87, 27.83, 1, 50, 26);
INSERT INTO `tb_transaccion` (id_boleta, id_producto, descuento, precio_unitario, total, unidades) VALUES (224, 25, 26.55, 402.31, 375.76, 1);
INSERT INTO `tb_transaccion` (id_boleta, id_producto, descuento, precio_unitario, total, unidades) VALUES (224, 77, 1.28, 443.39, 442.11, 1);
INSERT INTO `tb_boleta` (id, created_at, direccion, estado, igv, nombre_cliente, numero_documento, observaciones, subtotal, tipo_tarjeta, total, total_descuento, id_tienda, id_trabajador, id_usuario) VALUES (225, '2025-10-29 15:47:54', 'Paseo Primavera 762, Cayma', 'Entregado', 238.80, 'Cliente 27', '59549287', 'Perfecto para el día a día.', 1326.66, 'Diners', 1565.46, 42.70, 4, 30, 27);
INSERT INTO `tb_transaccion` (id_boleta, id_producto, descuento, precio_unitario, total, unidades) VALUES (225, 148, 31.79, 613.16, 1194.53, 2);
INSERT INTO `tb_transaccion` (id_boleta, id_producto, descuento, precio_unitario, total, unidades) VALUES (225, 49, 4.61, 120.59, 236.57, 2);
INSERT INTO `tb_transaccion` (id_boleta, id_producto, descuento, precio_unitario, total, unidades) VALUES (225, 183, 6.30, 140.66, 134.36, 1);
INSERT INTO `tb_boleta` (id, created_at, direccion, estado, igv, nombre_cliente, numero_documento, observaciones, subtotal, tipo_tarjeta, total, total_descuento, id_tienda, id_trabajador, id_usuario) VALUES (226, '2025-10-29 15:47:54', 'Jr. Larco 197, Wanchaq', 'Enviado', 116.87, 'Cliente 2', '28220368', 'Un clásico reinventado.', 649.25, 'AMEX', 766.12, 42.28, 5, 8, 2);
INSERT INTO `tb_transaccion` (id_boleta, id_producto, descuento, precio_unitario, total, unidades) VALUES (226, 182, 7.33, 124.30, 116.97, 1);
INSERT INTO `tb_transaccion` (id_boleta, id_producto, descuento, precio_unitario, total, unidades) VALUES (226, 168, 17.59, 191.01, 364.43, 2);
INSERT INTO `tb_transaccion` (id_boleta, id_producto, descuento, precio_unitario, total, unidades) VALUES (226, 128, 17.36, 151.04, 284.72, 2);
INSERT INTO `tb_boleta` (id, created_at, direccion, estado, igv, nombre_cliente, numero_documento, observaciones, subtotal, tipo_tarjeta, total, total_descuento, id_tienda, id_trabajador, id_usuario) VALUES (227, '2025-10-29 15:47:54', 'Jr. Ejército 1898, Víctor Larco Herrera', 'Entregado', 147.02, 'Cliente 48', '28071704', 'Tecnología de punta para deporte.', 816.81, 'Diners', 963.83, 81.29, 3, 29, 48);
INSERT INTO `tb_transaccion` (id_boleta, id_producto, descuento, precio_unitario, total, unidades) VALUES (227, 128, 7.29, 151.04, 445.83, 3);
INSERT INTO `tb_transaccion` (id_boleta, id_producto, descuento, precio_unitario, total, unidades) VALUES (227, 45, 74.00, 592.00, 518.00, 1);
INSERT INTO `tb_boleta` (id, created_at, direccion, estado, igv, nombre_cliente, numero_documento, observaciones, subtotal, tipo_tarjeta, total, total_descuento, id_tienda, id_trabajador, id_usuario) VALUES (228, '2025-10-29 15:47:54', 'Paseo Javier Prado 1555, Trujillo', 'Pagado', 860.21, 'Cliente 9', '38231728', 'Máxima comodidad y estilo.', 4778.96, 'Mastercard', 5639.17, 146.48, 1, 32, 9);
INSERT INTO `tb_transaccion` (id_boleta, id_producto, descuento, precio_unitario, total, unidades) VALUES (228, 68, 34.27, 444.22, 854.17, 2);
INSERT INTO `tb_transaccion` (id_boleta, id_producto, descuento, precio_unitario, total, unidades) VALUES (228, 81, 29.63, 550.09, 1620.64, 3);
INSERT INTO `tb_transaccion` (id_boleta, id_producto, descuento, precio_unitario, total, unidades) VALUES (228, 134, 26.36, 757.72, 2246.80, 3);
INSERT INTO `tb_transaccion` (id_boleta, id_producto, descuento, precio_unitario, total, unidades) VALUES (228, 20, 56.22, 486.89, 917.56, 2);
INSERT INTO `tb_boleta` (id, created_at, direccion, estado, igv, nombre_cliente, numero_documento, observaciones, subtotal, tipo_tarjeta, total, total_descuento, id_tienda, id_trabajador, id_usuario) VALUES (229, '2025-10-29 15:47:54', 'Av. Pardo 1742, Cusco Cercado', 'Enviado', 329.53, 'Cliente 37', '67822006', 'Ideal para corredores urbanos.', 1830.73, 'AMEX', 2160.26, 22.70, 3, 36, 37);
INSERT INTO `tb_transaccion` (id_boleta, id_producto, descuento, precio_unitario, total, unidades) VALUES (229, 131, 18.12, 630.50, 1242.88, 2);
INSERT INTO `tb_transaccion` (id_boleta, id_producto, descuento, precio_unitario, total, unidades) VALUES (229, 97, 4.54, 183.28, 545.30, 3);
INSERT INTO `tb_transaccion` (id_boleta, id_producto, descuento, precio_unitario, total, unidades) VALUES (229, 67, 0.04, 124.04, 372.08, 3);
INSERT INTO `tb_boleta` (id, created_at, direccion, estado, igv, nombre_cliente, numero_documento, observaciones, subtotal, tipo_tarjeta, total, total_descuento, id_tienda, id_trabajador, id_usuario) VALUES (230, '2025-10-29 15:47:54', 'Av. Arequipa 1770, Trujillo', 'Pagado', 54.75, 'Cliente 37', '85244845', 'Ideal para corredores urbanos.', 304.15, 'AMEX', 358.90, 43.88, 5, 2, 37);
INSERT INTO `tb_transaccion` (id_boleta, id_producto, descuento, precio_unitario, total, unidades) VALUES (230, 156, 43.88, 402.78, 358.90, 1);
INSERT INTO `tb_boleta` (id, created_at, direccion, estado, igv, nombre_cliente, numero_documento, observaciones, subtotal, tipo_tarjeta, total, total_descuento, id_tienda, id_trabajador, id_usuario) VALUES (231, '2025-10-29 15:47:54', 'Jr. Grau 1485, Cayma', 'Enviado', 98.72, 'Cliente 30', '32832114', 'Perfecto para el día a día.', 548.44, 'Mastercard', 647.16, 11.34, 5, 29, 30);
INSERT INTO `tb_transaccion` (id_boleta, id_producto, descuento, precio_unitario, total, unidades) VALUES (231, 163, 11.34, 219.50, 647.16, 3);
INSERT INTO `tb_boleta` (id, created_at, direccion, estado, igv, nombre_cliente, numero_documento, observaciones, subtotal, tipo_tarjeta, total, total_descuento, id_tienda, id_trabajador, id_usuario) VALUES (232, '2025-10-29 15:47:54', 'Jr. Pardo 967, Trujillo', 'Entregado', 304.58, 'Cliente 45', '60559425', 'Máxima comodidad y estilo.', 1692.14, 'Diners', 1996.72, 171.68, 3, 32, 45);
INSERT INTO `tb_transaccion` (id_boleta, id_producto, descuento, precio_unitario, total, unidades) VALUES (232, 199, 48.08, 473.64, 425.56, 1);
INSERT INTO `tb_transaccion` (id_boleta, id_producto, descuento, precio_unitario, total, unidades) VALUES (232, 16, 78.00, 790.18, 712.18, 1);
INSERT INTO `tb_transaccion` (id_boleta, id_producto, descuento, precio_unitario, total, unidades) VALUES (232, 118, 45.60, 452.29, 858.98, 2);
INSERT INTO `tb_boleta` (id, created_at, direccion, estado, igv, nombre_cliente, numero_documento, observaciones, subtotal, tipo_tarjeta, total, total_descuento, id_tienda, id_trabajador, id_usuario) VALUES (233, '2025-10-29 15:47:54', 'Calle Salaverry 367, Cusco Cercado', 'Entregado', 351.52, 'Cliente 33', '97669430', 'Máxima comodidad y estilo.', 1952.92, 'Mastercard', 2304.44, 73.21, 3, 22, 33);
INSERT INTO `tb_transaccion` (id_boleta, id_producto, descuento, precio_unitario, total, unidades) VALUES (233, 24, 58.79, 633.03, 1840.30, 3);
INSERT INTO `tb_transaccion` (id_boleta, id_producto, descuento, precio_unitario, total, unidades) VALUES (233, 94, 14.42, 159.52, 464.14, 3);
INSERT INTO `tb_boleta` (id, created_at, direccion, estado, igv, nombre_cliente, numero_documento, observaciones, subtotal, tipo_tarjeta, total, total_descuento, id_tienda, id_trabajador, id_usuario) VALUES (234, '2025-10-29 15:47:54', 'Calle Benavides 1588, Víctor Larco Herrera', 'Enviado', 362.64, 'Cliente 2', '82146912', 'Un clásico reinventado.', 2014.68, 'Diners', 2377.32, 82.86, 5, 29, 2);
INSERT INTO `tb_transaccion` (id_boleta, id_producto, descuento, precio_unitario, total, unidades) VALUES (234, 41, 20.07, 567.43, 547.36, 1);
INSERT INTO `tb_transaccion` (id_boleta, id_producto, descuento, precio_unitario, total, unidades) VALUES (234, 169, 39.04, 491.48, 1435.40, 3);
INSERT INTO `tb_transaccion` (id_boleta, id_producto, descuento, precio_unitario, total, unidades) VALUES (234, 64, 2.99, 197.01, 194.02, 1);
INSERT INTO `tb_transaccion` (id_boleta, id_producto, descuento, precio_unitario, total, unidades) VALUES (234, 177, 20.76, 221.30, 200.54, 1);
INSERT INTO `tb_boleta` (id, created_at, direccion, estado, igv, nombre_cliente, numero_documento, observaciones, subtotal, tipo_tarjeta, total, total_descuento, id_tienda, id_trabajador, id_usuario) VALUES (235, '2025-10-29 15:47:54', 'Paseo Ejército 1804, Víctor Larco Herrera', 'Entregado', 342.58, 'Cliente 33', '68019668', 'Tecnología de punta para deporte.', 1903.20, 'Diners', 2245.78, 70.16, 2, 13, 33);
INSERT INTO `tb_transaccion` (id_boleta, id_producto, descuento, precio_unitario, total, unidades) VALUES (235, 149, 18.21, 564.24, 546.03, 1);
INSERT INTO `tb_transaccion` (id_boleta, id_producto, descuento, precio_unitario, total, unidades) VALUES (235, 196, 51.95, 583.90, 1699.75, 3);
INSERT INTO `tb_boleta` (id, created_at, direccion, estado, igv, nombre_cliente, numero_documento, observaciones, subtotal, tipo_tarjeta, total, total_descuento, id_tienda, id_trabajador, id_usuario) VALUES (236, '2025-10-29 15:47:54', 'Calle Primavera 503, Cayma', 'Enviado', 435.82, 'Cliente 16', '63037952', 'Tecnología de punta para deporte.', 2421.25, 'Diners', 2857.07, 170.92, 2, 3, 16);
INSERT INTO `tb_transaccion` (id_boleta, id_producto, descuento, precio_unitario, total, unidades) VALUES (236, 13, 102.89, 731.77, 2092.42, 3);
INSERT INTO `tb_transaccion` (id_boleta, id_producto, descuento, precio_unitario, total, unidades) VALUES (236, 50, 17.98, 358.63, 340.65, 1);
INSERT INTO `tb_transaccion` (id_boleta, id_producto, descuento, precio_unitario, total, unidades) VALUES (236, 36, 50.05, 474.05, 424.00, 1);
INSERT INTO `tb_boleta` (id, created_at, direccion, estado, igv, nombre_cliente, numero_documento, observaciones, subtotal, tipo_tarjeta, total, total_descuento, id_tienda, id_trabajador, id_usuario) VALUES (237, '2025-10-29 15:47:54', 'Av. Benavides 1610, Cusco Cercado', 'Pagado', 43.34, 'Cliente 29', '59626943', 'Un clásico reinventado.', 240.78, 'Diners', 284.12, 6.02, 5, 47, 29);
INSERT INTO `tb_transaccion` (id_boleta, id_producto, descuento, precio_unitario, total, unidades) VALUES (237, 76, 6.02, 145.07, 284.12, 2);
INSERT INTO `tb_boleta` (id, created_at, direccion, estado, igv, nombre_cliente, numero_documento, observaciones, subtotal, tipo_tarjeta, total, total_descuento, id_tienda, id_trabajador, id_usuario) VALUES (238, '2025-10-29 15:47:54', 'Paseo Salaverry 1120, Miraflores', 'Pagado', 133.96, 'Cliente 50', '73161791', 'Máxima comodidad y estilo.', 744.22, 'AMEX', 878.18, 63.52, 3, 10, 50);
INSERT INTO `tb_transaccion` (id_boleta, id_producto, descuento, precio_unitario, total, unidades) VALUES (238, 42, 6.22, 122.75, 116.53, 1);
INSERT INTO `tb_transaccion` (id_boleta, id_producto, descuento, precio_unitario, total, unidades) VALUES (238, 108, 15.48, 385.76, 370.28, 1);
INSERT INTO `tb_transaccion` (id_boleta, id_producto, descuento, precio_unitario, total, unidades) VALUES (238, 165, 41.82, 433.19, 391.37, 1);
INSERT INTO `tb_boleta` (id, created_at, direccion, estado, igv, nombre_cliente, numero_documento, observaciones, subtotal, tipo_tarjeta, total, total_descuento, id_tienda, id_trabajador, id_usuario) VALUES (239, '2025-10-29 15:47:54', 'Av. Arequipa 367, Víctor Larco Herrera', 'Entregado', 91.36, 'Cliente 5', '78581284', 'Un clásico reinventado.', 507.57, 'Mastercard', 598.93, 64.88, 2, 10, 5);
INSERT INTO `tb_transaccion` (id_boleta, id_producto, descuento, precio_unitario, total, unidades) VALUES (239, 147, 62.38, 434.22, 371.84, 1);
INSERT INTO `tb_transaccion` (id_boleta, id_producto, descuento, precio_unitario, total, unidades) VALUES (239, 32, 2.50, 229.59, 227.09, 1);
INSERT INTO `tb_boleta` (id, created_at, direccion, estado, igv, nombre_cliente, numero_documento, observaciones, subtotal, tipo_tarjeta, total, total_descuento, id_tienda, id_trabajador, id_usuario) VALUES (240, '2025-10-29 15:47:54', 'Av. Angamos 317, Miraflores', 'Enviado', 193.92, 'Cliente 52', '95321867', 'Perfecto para el día a día.', 1077.34, 'Mastercard', 1271.26, 93.86, 5, 39, 52);
INSERT INTO `tb_transaccion` (id_boleta, id_producto, descuento, precio_unitario, total, unidades) VALUES (240, 88, 93.86, 682.56, 1271.26, 2);
INSERT INTO `tb_boleta` (id, created_at, direccion, estado, igv, nombre_cliente, numero_documento, observaciones, subtotal, tipo_tarjeta, total, total_descuento, id_tienda, id_trabajador, id_usuario) VALUES (241, '2025-10-29 15:47:54', 'Av. Grau 707, Cayma', 'Enviado', 836.97, 'Cliente 34', '30939134', 'Un clásico reinventado.', 4649.81, 'Diners', 5486.78, 165.97, 3, 25, 34);
INSERT INTO `tb_transaccion` (id_boleta, id_producto, descuento, precio_unitario, total, unidades) VALUES (241, 13, 68.67, 731.77, 1394.87, 2);
INSERT INTO `tb_transaccion` (id_boleta, id_producto, descuento, precio_unitario, total, unidades) VALUES (241, 161, 19.61, 272.90, 799.09, 3);
INSERT INTO `tb_transaccion` (id_boleta, id_producto, descuento, precio_unitario, total, unidades) VALUES (241, 103, 26.82, 619.43, 1831.47, 3);
INSERT INTO `tb_transaccion` (id_boleta, id_producto, descuento, precio_unitario, total, unidades) VALUES (241, 78, 50.87, 756.11, 1461.35, 2);
INSERT INTO `tb_boleta` (id, created_at, direccion, estado, igv, nombre_cliente, numero_documento, observaciones, subtotal, tipo_tarjeta, total, total_descuento, id_tienda, id_trabajador, id_usuario) VALUES (242, '2025-10-29 15:47:54', 'Av. De la Cultura 893, Trujillo', 'Entregado', 71.84, 'Cliente 45', '50556418', 'Máxima comodidad y estilo.', 399.13, 'Visa', 470.97, 11.24, 3, 14, 45);
INSERT INTO `tb_transaccion` (id_boleta, id_producto, descuento, precio_unitario, total, unidades) VALUES (242, 141, 11.24, 482.21, 470.97, 1);
INSERT INTO `tb_boleta` (id, created_at, direccion, estado, igv, nombre_cliente, numero_documento, observaciones, subtotal, tipo_tarjeta, total, total_descuento, id_tienda, id_trabajador, id_usuario) VALUES (243, '2025-10-29 15:47:54', 'Av. Benavides 360, Víctor Larco Herrera', 'Enviado', 468.32, 'Cliente 44', '36543041', 'Un clásico reinventado.', 2601.75, 'Mastercard', 3070.07, 217.62, 1, 39, 44);
INSERT INTO `tb_transaccion` (id_boleta, id_producto, descuento, precio_unitario, total, unidades) VALUES (243, 144, 69.92, 741.45, 671.53, 1);
INSERT INTO `tb_transaccion` (id_boleta, id_producto, descuento, precio_unitario, total, unidades) VALUES (243, 125, 75.81, 641.03, 565.22, 1);
INSERT INTO `tb_transaccion` (id_boleta, id_producto, descuento, precio_unitario, total, unidades) VALUES (243, 138, 50.21, 471.23, 1363.48, 3);
INSERT INTO `tb_transaccion` (id_boleta, id_producto, descuento, precio_unitario, total, unidades) VALUES (243, 52, 21.68, 163.84, 469.84, 3);
INSERT INTO `tb_boleta` (id, created_at, direccion, estado, igv, nombre_cliente, numero_documento, observaciones, subtotal, tipo_tarjeta, total, total_descuento, id_tienda, id_trabajador, id_usuario) VALUES (244, '2025-10-29 15:47:54', 'Jr. Primavera 131, Cusco Cercado', 'Entregado', 206.72, 'Cliente 37', '96995511', 'Un clásico reinventado.', 1148.43, 'Diners', 1355.15, 33.93, 5, 2, 37);
INSERT INTO `tb_transaccion` (id_boleta, id_producto, descuento, precio_unitario, total, unidades) VALUES (244, 183, 10.37, 140.66, 130.29, 1);
INSERT INTO `tb_transaccion` (id_boleta, id_producto, descuento, precio_unitario, total, unidades) VALUES (244, 199, 14.76, 473.64, 932.52, 2);
INSERT INTO `tb_transaccion` (id_boleta, id_producto, descuento, precio_unitario, total, unidades) VALUES (244, 21, 8.80, 301.14, 292.34, 1);
INSERT INTO `tb_boleta` (id, created_at, direccion, estado, igv, nombre_cliente, numero_documento, observaciones, subtotal, tipo_tarjeta, total, total_descuento, id_tienda, id_trabajador, id_usuario) VALUES (245, '2025-10-29 15:47:54', 'Av. Javier Prado 422, Miraflores', 'Pagado', 230.10, 'Cliente 2', '97297124', 'Perfecto para el día a día.', 1278.31, 'AMEX', 1508.41, 40.83, 4, 3, 2);
INSERT INTO `tb_transaccion` (id_boleta, id_producto, descuento, precio_unitario, total, unidades) VALUES (245, 179, 13.14, 431.84, 850.54, 2);
INSERT INTO `tb_transaccion` (id_boleta, id_producto, descuento, precio_unitario, total, unidades) VALUES (245, 137, 27.69, 228.52, 657.87, 3);
INSERT INTO `tb_boleta` (id, created_at, direccion, estado, igv, nombre_cliente, numero_documento, observaciones, subtotal, tipo_tarjeta, total, total_descuento, id_tienda, id_trabajador, id_usuario) VALUES (246, '2025-10-29 15:47:54', 'Paseo Larco 594, Cayma', 'Enviado', 248.09, 'Cliente 23', '79077941', 'Ideal para corredores urbanos.', 1378.27, 'Mastercard', 1626.36, 59.15, 4, 27, 23);
INSERT INTO `tb_transaccion` (id_boleta, id_producto, descuento, precio_unitario, total, unidades) VALUES (246, 169, 34.60, 491.48, 1439.84, 3);
INSERT INTO `tb_transaccion` (id_boleta, id_producto, descuento, precio_unitario, total, unidades) VALUES (246, 26, 24.55, 211.07, 186.52, 1);
INSERT INTO `tb_boleta` (id, created_at, direccion, estado, igv, nombre_cliente, numero_documento, observaciones, subtotal, tipo_tarjeta, total, total_descuento, id_tienda, id_trabajador, id_usuario) VALUES (247, '2025-10-29 15:47:54', 'Calle De la Cultura 408, Cayma', 'Entregado', 327.44, 'Cliente 37', '22064229', 'Tecnología de punta para deporte.', 1819.10, 'AMEX', 2146.54, 8.54, 2, 41, 37);
INSERT INTO `tb_transaccion` (id_boleta, id_producto, descuento, precio_unitario, total, unidades) VALUES (247, 106, 8.54, 718.36, 2146.54, 3);
INSERT INTO `tb_boleta` (id, created_at, direccion, estado, igv, nombre_cliente, numero_documento, observaciones, subtotal, tipo_tarjeta, total, total_descuento, id_tienda, id_trabajador, id_usuario) VALUES (248, '2025-10-29 15:47:54', 'Av. Larco 723, Cayma', 'Entregado', 423.76, 'Cliente 19', '94833719', 'Máxima comodidad y estilo.', 2354.21, 'Diners', 2777.97, 93.71, 4, 22, 19);
INSERT INTO `tb_transaccion` (id_boleta, id_producto, descuento, precio_unitario, total, unidades) VALUES (248, 62, 57.66, 684.22, 1310.78, 2);
INSERT INTO `tb_transaccion` (id_boleta, id_producto, descuento, precio_unitario, total, unidades) VALUES (248, 65, 36.05, 501.08, 1467.19, 3);
INSERT INTO `tb_boleta` (id, created_at, direccion, estado, igv, nombre_cliente, numero_documento, observaciones, subtotal, tipo_tarjeta, total, total_descuento, id_tienda, id_trabajador, id_usuario) VALUES (249, '2025-10-29 15:47:54', 'Av. Primavera 941, Yanahuara', 'Entregado', 818.76, 'Cliente 28', '52077620', 'Ideal para corredores urbanos.', 4548.66, 'Diners', 5367.42, 146.75, 3, 41, 28);
INSERT INTO `tb_transaccion` (id_boleta, id_producto, descuento, precio_unitario, total, unidades) VALUES (249, 4, 22.96, 324.32, 301.36, 1);
INSERT INTO `tb_transaccion` (id_boleta, id_producto, descuento, precio_unitario, total, unidades) VALUES (249, 104, 52.55, 688.16, 2011.93, 3);
INSERT INTO `tb_transaccion` (id_boleta, id_producto, descuento, precio_unitario, total, unidades) VALUES (249, 179, 36.93, 431.84, 1258.59, 3);
INSERT INTO `tb_transaccion` (id_boleta, id_producto, descuento, precio_unitario, total, unidades) VALUES (249, 101, 34.31, 609.95, 1795.54, 3);
INSERT INTO `tb_boleta` (id, created_at, direccion, estado, igv, nombre_cliente, numero_documento, observaciones, subtotal, tipo_tarjeta, total, total_descuento, id_tienda, id_trabajador, id_usuario) VALUES (250, '2025-10-29 15:47:54', 'Paseo Larco 530, Trujillo', 'Pagado', 438.24, 'Cliente 33', '84640428', 'Máxima comodidad y estilo.', 2434.69, 'Diners', 2872.93, 88.37, 4, 36, 33);
INSERT INTO `tb_transaccion` (id_boleta, id_producto, descuento, precio_unitario, total, unidades) VALUES (250, 171, 14.19, 187.89, 173.70, 1);
INSERT INTO `tb_transaccion` (id_boleta, id_producto, descuento, precio_unitario, total, unidades) VALUES (250, 55, 35.84, 240.20, 684.76, 3);
INSERT INTO `tb_transaccion` (id_boleta, id_producto, descuento, precio_unitario, total, unidades) VALUES (250, 82, 38.34, 684.27, 2014.47, 3);
INSERT INTO `tb_boleta` (id, created_at, direccion, estado, igv, nombre_cliente, numero_documento, observaciones, subtotal, tipo_tarjeta, total, total_descuento, id_tienda, id_trabajador, id_usuario) VALUES (251, '2025-10-29 15:47:54', 'Calle Benavides 1460, Miraflores', 'Pagado', 304.73, 'Cliente 3', '14090550', 'Tecnología de punta para deporte.', 1692.93, 'Mastercard', 1997.66, 86.15, 2, 47, 3);
INSERT INTO `tb_transaccion` (id_boleta, id_producto, descuento, precio_unitario, total, unidades) VALUES (251, 71, 15.22, 258.58, 760.52, 3);
INSERT INTO `tb_transaccion` (id_boleta, id_producto, descuento, precio_unitario, total, unidades) VALUES (251, 62, 70.60, 684.22, 613.62, 1);
INSERT INTO `tb_transaccion` (id_boleta, id_producto, descuento, precio_unitario, total, unidades) VALUES (251, 180, 0.33, 207.95, 623.52, 3);
INSERT INTO `tb_boleta` (id, created_at, direccion, estado, igv, nombre_cliente, numero_documento, observaciones, subtotal, tipo_tarjeta, total, total_descuento, id_tienda, id_trabajador, id_usuario) VALUES (252, '2025-10-29 15:47:54', 'Calle Pardo 1645, Víctor Larco Herrera', 'Entregado', 677.71, 'Cliente 35', '25518457', 'Ideal para corredores urbanos.', 3765.04, 'Visa', 4442.75, 53.57, 2, 31, 35);
INSERT INTO `tb_transaccion` (id_boleta, id_producto, descuento, precio_unitario, total, unidades) VALUES (252, 186, 7.22, 147.67, 435.79, 3);
INSERT INTO `tb_transaccion` (id_boleta, id_producto, descuento, precio_unitario, total, unidades) VALUES (252, 30, 27.45, 405.46, 378.01, 1);
INSERT INTO `tb_transaccion` (id_boleta, id_producto, descuento, precio_unitario, total, unidades) VALUES (252, 88, 14.82, 682.56, 1350.30, 2);
INSERT INTO `tb_transaccion` (id_boleta, id_producto, descuento, precio_unitario, total, unidades) VALUES (252, 115, 4.08, 760.91, 2278.65, 3);
INSERT INTO `tb_boleta` (id, created_at, direccion, estado, igv, nombre_cliente, numero_documento, observaciones, subtotal, tipo_tarjeta, total, total_descuento, id_tienda, id_trabajador, id_usuario) VALUES (253, '2025-10-29 15:47:54', 'Calle De la Cultura 394, Trujillo', 'Enviado', 493.34, 'Cliente 18', '16429119', 'Un clásico reinventado.', 2740.79, 'Diners', 3234.13, 178.46, 5, 45, 18);
INSERT INTO `tb_transaccion` (id_boleta, id_producto, descuento, precio_unitario, total, unidades) VALUES (253, 65, 18.08, 501.08, 984.08, 2);
INSERT INTO `tb_transaccion` (id_boleta, id_producto, descuento, precio_unitario, total, unidades) VALUES (253, 81, 80.38, 550.09, 1569.89, 3);
INSERT INTO `tb_transaccion` (id_boleta, id_producto, descuento, precio_unitario, total, unidades) VALUES (253, 191, 80.00, 760.16, 680.16, 1);
INSERT INTO `tb_boleta` (id, created_at, direccion, estado, igv, nombre_cliente, numero_documento, observaciones, subtotal, tipo_tarjeta, total, total_descuento, id_tienda, id_trabajador, id_usuario) VALUES (254, '2025-10-29 15:47:54', 'Calle Salaverry 1151, Trujillo', 'Entregado', 266.74, 'Cliente 12', '52273016', 'Máxima comodidad y estilo.', 1481.87, 'Diners', 1748.61, 146.70, 1, 35, 12);
INSERT INTO `tb_transaccion` (id_boleta, id_producto, descuento, precio_unitario, total, unidades) VALUES (254, 114, 70.41, 782.40, 711.99, 1);
INSERT INTO `tb_transaccion` (id_boleta, id_producto, descuento, precio_unitario, total, unidades) VALUES (254, 28, 20.27, 641.68, 621.41, 1);
INSERT INTO `tb_transaccion` (id_boleta, id_producto, descuento, precio_unitario, total, unidades) VALUES (254, 138, 56.02, 471.23, 415.21, 1);
INSERT INTO `tb_boleta` (id, created_at, direccion, estado, igv, nombre_cliente, numero_documento, observaciones, subtotal, tipo_tarjeta, total, total_descuento, id_tienda, id_trabajador, id_usuario) VALUES (255, '2025-10-29 15:47:54', 'Jr. De la Cultura 1304, Víctor Larco Herrera', 'Enviado', 104.92, 'Cliente 22', '63281352', 'Ideal para corredores urbanos.', 582.91, 'Visa', 687.83, 15.49, 4, 37, 22);
INSERT INTO `tb_transaccion` (id_boleta, id_producto, descuento, precio_unitario, total, unidades) VALUES (255, 200, 15.49, 351.66, 687.83, 2);
INSERT INTO `tb_boleta` (id, created_at, direccion, estado, igv, nombre_cliente, numero_documento, observaciones, subtotal, tipo_tarjeta, total, total_descuento, id_tienda, id_trabajador, id_usuario) VALUES (256, '2025-10-29 15:47:54', 'Paseo Ejército 989, Trujillo', 'Enviado', 259.04, 'Cliente 33', '53536160', 'Perfecto para el día a día.', 1439.13, 'AMEX', 1698.17, 71.05, 4, 45, 33);
INSERT INTO `tb_transaccion` (id_boleta, id_producto, descuento, precio_unitario, total, unidades) VALUES (256, 162, 12.12, 393.13, 774.14, 2);
INSERT INTO `tb_transaccion` (id_boleta, id_producto, descuento, precio_unitario, total, unidades) VALUES (256, 169, 58.93, 491.48, 924.03, 2);
INSERT INTO `tb_boleta` (id, created_at, direccion, estado, igv, nombre_cliente, numero_documento, observaciones, subtotal, tipo_tarjeta, total, total_descuento, id_tienda, id_trabajador, id_usuario) VALUES (257, '2025-10-29 15:47:54', 'Paseo De la Cultura 1877, Víctor Larco Herrera', 'Pagado', 288.39, 'Cliente 36', '53655006', 'Máxima comodidad y estilo.', 1602.16, 'Visa', 1890.55, 106.26, 5, 10, 36);
INSERT INTO `tb_transaccion` (id_boleta, id_producto, descuento, precio_unitario, total, unidades) VALUES (257, 75, 13.20, 115.50, 333.30, 3);
INSERT INTO `tb_transaccion` (id_boleta, id_producto, descuento, precio_unitario, total, unidades) VALUES (257, 6, 17.86, 228.11, 438.36, 2);
INSERT INTO `tb_transaccion` (id_boleta, id_producto, descuento, precio_unitario, total, unidades) VALUES (257, 161, 32.64, 272.90, 786.06, 3);
INSERT INTO `tb_transaccion` (id_boleta, id_producto, descuento, precio_unitario, total, unidades) VALUES (257, 188, 42.56, 375.39, 332.83, 1);
INSERT INTO `tb_boleta` (id, created_at, direccion, estado, igv, nombre_cliente, numero_documento, observaciones, subtotal, tipo_tarjeta, total, total_descuento, id_tienda, id_trabajador, id_usuario) VALUES (258, '2025-10-29 15:47:54', 'Paseo Ejército 547, Víctor Larco Herrera', 'Entregado', 265.25, 'Cliente 45', '27372872', 'Máxima comodidad y estilo.', 1473.64, 'Diners', 1738.89, 148.95, 2, 34, 45);
INSERT INTO `tb_transaccion` (id_boleta, id_producto, descuento, precio_unitario, total, unidades) VALUES (258, 7, 104.42, 754.50, 650.08, 1);
INSERT INTO `tb_transaccion` (id_boleta, id_producto, descuento, precio_unitario, total, unidades) VALUES (258, 98, 44.53, 377.78, 1088.81, 3);
INSERT INTO `tb_boleta` (id, created_at, direccion, estado, igv, nombre_cliente, numero_documento, observaciones, subtotal, tipo_tarjeta, total, total_descuento, id_tienda, id_trabajador, id_usuario) VALUES (259, '2025-10-29 15:47:54', 'Calle Primavera 1008, Trujillo', 'Pagado', 430.97, 'Cliente 2', '55802453', 'Máxima comodidad y estilo.', 2394.31, 'Visa', 2825.28, 163.03, 2, 44, 2);
INSERT INTO `tb_transaccion` (id_boleta, id_producto, descuento, precio_unitario, total, unidades) VALUES (259, 108, 54.35, 385.76, 1102.93, 3);
INSERT INTO `tb_transaccion` (id_boleta, id_producto, descuento, precio_unitario, total, unidades) VALUES (259, 40, 24.58, 474.32, 924.06, 2);
INSERT INTO `tb_transaccion` (id_boleta, id_producto, descuento, precio_unitario, total, unidades) VALUES (259, 73, 82.75, 601.07, 518.32, 1);
INSERT INTO `tb_transaccion` (id_boleta, id_producto, descuento, precio_unitario, total, unidades) VALUES (259, 183, 1.35, 140.66, 279.97, 2);
INSERT INTO `tb_boleta` (id, created_at, direccion, estado, igv, nombre_cliente, numero_documento, observaciones, subtotal, tipo_tarjeta, total, total_descuento, id_tienda, id_trabajador, id_usuario) VALUES (260, '2025-10-29 15:47:54', 'Calle Larco 660, Cusco Cercado', 'Pagado', 423.61, 'Cliente 16', '23943428', 'Tecnología de punta para deporte.', 2353.39, 'Diners', 2777.00, 119.30, 2, 50, 16);
INSERT INTO `tb_transaccion` (id_boleta, id_producto, descuento, precio_unitario, total, unidades) VALUES (260, 14, 23.62, 646.92, 623.30, 1);
INSERT INTO `tb_transaccion` (id_boleta, id_producto, descuento, precio_unitario, total, unidades) VALUES (260, 4, 3.54, 324.32, 320.78, 1);
INSERT INTO `tb_transaccion` (id_boleta, id_producto, descuento, precio_unitario, total, unidades) VALUES (260, 53, 53.44, 528.31, 1003.18, 2);
INSERT INTO `tb_transaccion` (id_boleta, id_producto, descuento, precio_unitario, total, unidades) VALUES (260, 147, 38.70, 434.22, 829.74, 2);
INSERT INTO `tb_boleta` (id, created_at, direccion, estado, igv, nombre_cliente, numero_documento, observaciones, subtotal, tipo_tarjeta, total, total_descuento, id_tienda, id_trabajador, id_usuario) VALUES (261, '2025-10-29 15:47:54', 'Paseo Pardo 689, Cusco Cercado', 'Entregado', 166.20, 'Cliente 4', '75987616', 'Máxima comodidad y estilo.', 923.36, 'AMEX', 1089.56, 64.31, 5, 24, 4);
INSERT INTO `tb_transaccion` (id_boleta, id_producto, descuento, precio_unitario, total, unidades) VALUES (261, 191, 48.50, 760.16, 711.66, 1);
INSERT INTO `tb_transaccion` (id_boleta, id_producto, descuento, precio_unitario, total, unidades) VALUES (261, 129, 15.81, 393.71, 377.90, 1);
INSERT INTO `tb_boleta` (id, created_at, direccion, estado, igv, nombre_cliente, numero_documento, observaciones, subtotal, tipo_tarjeta, total, total_descuento, id_tienda, id_trabajador, id_usuario) VALUES (262, '2025-10-29 15:47:54', 'Paseo Javier Prado 464, Miraflores', 'Entregado', 66.10, 'Cliente 44', '70780355', 'Tecnología de punta para deporte.', 367.19, 'Diners', 433.29, 19.25, 4, 45, 44);
INSERT INTO `tb_transaccion` (id_boleta, id_producto, descuento, precio_unitario, total, unidades) VALUES (262, 127, 19.25, 226.27, 433.29, 2);
INSERT INTO `tb_boleta` (id, created_at, direccion, estado, igv, nombre_cliente, numero_documento, observaciones, subtotal, tipo_tarjeta, total, total_descuento, id_tienda, id_trabajador, id_usuario) VALUES (263, '2025-10-29 15:47:54', 'Paseo Pardo 1461, Wanchaq', 'Pagado', 551.49, 'Cliente 8', '76528522', 'Tecnología de punta para deporte.', 3063.84, 'Mastercard', 3615.33, 103.92, 3, 22, 8);
INSERT INTO `tb_transaccion` (id_boleta, id_producto, descuento, precio_unitario, total, unidades) VALUES (263, 162, 13.73, 393.13, 1165.66, 3);
INSERT INTO `tb_transaccion` (id_boleta, id_producto, descuento, precio_unitario, total, unidades) VALUES (263, 194, 31.71, 635.61, 1875.12, 3);
INSERT INTO `tb_transaccion` (id_boleta, id_producto, descuento, precio_unitario, total, unidades) VALUES (263, 24, 58.48, 633.03, 574.55, 1);
INSERT INTO `tb_boleta` (id, created_at, direccion, estado, igv, nombre_cliente, numero_documento, observaciones, subtotal, tipo_tarjeta, total, total_descuento, id_tienda, id_trabajador, id_usuario) VALUES (264, '2025-10-29 15:47:54', 'Av. Ejército 614, Cayma', 'Pagado', 523.47, 'Cliente 40', '23105862', 'Perfecto para el día a día.', 2908.16, 'Mastercard', 3431.63, 60.33, 1, 26, 40);
INSERT INTO `tb_transaccion` (id_boleta, id_producto, descuento, precio_unitario, total, unidades) VALUES (264, 185, 29.90, 664.84, 1964.62, 3);
INSERT INTO `tb_transaccion` (id_boleta, id_producto, descuento, precio_unitario, total, unidades) VALUES (264, 103, 2.80, 619.43, 1236.06, 2);
INSERT INTO `tb_transaccion` (id_boleta, id_producto, descuento, precio_unitario, total, unidades) VALUES (264, 71, 27.63, 258.58, 230.95, 1);
INSERT INTO `tb_boleta` (id, created_at, direccion, estado, igv, nombre_cliente, numero_documento, observaciones, subtotal, tipo_tarjeta, total, total_descuento, id_tienda, id_trabajador, id_usuario) VALUES (265, '2025-10-29 15:47:54', 'Calle Larco 1825, Wanchaq', 'Pagado', 213.88, 'Cliente 21', '58632632', 'Ideal para corredores urbanos.', 1188.19, 'AMEX', 1402.07, 56.29, 5, 23, 21);
INSERT INTO `tb_transaccion` (id_boleta, id_producto, descuento, precio_unitario, total, unidades) VALUES (265, 93, 10.01, 450.92, 440.91, 1);
INSERT INTO `tb_transaccion` (id_boleta, id_producto, descuento, precio_unitario, total, unidades) VALUES (265, 46, 46.28, 503.72, 961.16, 2);
INSERT INTO `tb_boleta` (id, created_at, direccion, estado, igv, nombre_cliente, numero_documento, observaciones, subtotal, tipo_tarjeta, total, total_descuento, id_tienda, id_trabajador, id_usuario) VALUES (266, '2025-10-29 15:47:54', 'Av. El Sol 109, Miraflores', 'Enviado', 246.02, 'Cliente 41', '76457571', 'Perfecto para el día a día.', 1366.80, 'Mastercard', 1612.82, 60.79, 3, 42, 41);
INSERT INTO `tb_transaccion` (id_boleta, id_producto, descuento, precio_unitario, total, unidades) VALUES (266, 87, 33.72, 540.27, 506.55, 1);
INSERT INTO `tb_transaccion` (id_boleta, id_producto, descuento, precio_unitario, total, unidades) VALUES (266, 98, 27.07, 377.78, 1106.27, 3);
INSERT INTO `tb_boleta` (id, created_at, direccion, estado, igv, nombre_cliente, numero_documento, observaciones, subtotal, tipo_tarjeta, total, total_descuento, id_tienda, id_trabajador, id_usuario) VALUES (267, '2025-10-29 15:47:54', 'Paseo Ejército 1475, Miraflores', 'Entregado', 266.59, 'Cliente 49', '94306966', 'Perfecto para el día a día.', 1481.07, 'Mastercard', 1747.66, 99.43, 2, 16, 49);
INSERT INTO `tb_transaccion` (id_boleta, id_producto, descuento, precio_unitario, total, unidades) VALUES (267, 67, 5.53, 124.04, 118.51, 1);
INSERT INTO `tb_transaccion` (id_boleta, id_producto, descuento, precio_unitario, total, unidades) VALUES (267, 54, 6.19, 115.37, 224.55, 2);
INSERT INTO `tb_transaccion` (id_boleta, id_producto, descuento, precio_unitario, total, unidades) VALUES (267, 138, 62.40, 471.23, 408.83, 1);
INSERT INTO `tb_transaccion` (id_boleta, id_producto, descuento, precio_unitario, total, unidades) VALUES (267, 2, 25.31, 340.36, 995.77, 3);
INSERT INTO `tb_boleta` (id, created_at, direccion, estado, igv, nombre_cliente, numero_documento, observaciones, subtotal, tipo_tarjeta, total, total_descuento, id_tienda, id_trabajador, id_usuario) VALUES (268, '2025-10-29 15:47:54', 'Calle De la Cultura 1710, Yanahuara', 'Entregado', 96.34, 'Cliente 12', '93633148', 'Ideal para corredores urbanos.', 535.24, 'Visa', 631.58, 24.50, 5, 9, 12);
INSERT INTO `tb_transaccion` (id_boleta, id_producto, descuento, precio_unitario, total, unidades) VALUES (268, 1, 24.50, 328.04, 631.58, 2);
INSERT INTO `tb_boleta` (id, created_at, direccion, estado, igv, nombre_cliente, numero_documento, observaciones, subtotal, tipo_tarjeta, total, total_descuento, id_tienda, id_trabajador, id_usuario) VALUES (269, '2025-10-29 15:47:54', 'Av. Ejército 1670, Miraflores', 'Pagado', 105.73, 'Cliente 35', '44394333', 'Ideal para corredores urbanos.', 587.36, 'Diners', 693.09, 58.35, 2, 2, 35);
INSERT INTO `tb_transaccion` (id_boleta, id_producto, descuento, precio_unitario, total, unidades) VALUES (269, 151, 53.06, 503.36, 450.30, 1);
INSERT INTO `tb_transaccion` (id_boleta, id_producto, descuento, precio_unitario, total, unidades) VALUES (269, 67, 5.29, 124.04, 242.79, 2);
INSERT INTO `tb_boleta` (id, created_at, direccion, estado, igv, nombre_cliente, numero_documento, observaciones, subtotal, tipo_tarjeta, total, total_descuento, id_tienda, id_trabajador, id_usuario) VALUES (270, '2025-10-29 15:47:54', 'Av. Angamos 695, Víctor Larco Herrera', 'Enviado', 390.57, 'Cliente 29', '32832078', 'Tecnología de punta para deporte.', 2169.86, 'Mastercard', 2560.43, 89.03, 2, 32, 29);
INSERT INTO `tb_transaccion` (id_boleta, id_producto, descuento, precio_unitario, total, unidades) VALUES (270, 148, 9.03, 613.16, 604.13, 1);
INSERT INTO `tb_transaccion` (id_boleta, id_producto, descuento, precio_unitario, total, unidades) VALUES (270, 98, 7.59, 377.78, 747.97, 2);
INSERT INTO `tb_transaccion` (id_boleta, id_producto, descuento, precio_unitario, total, unidades) VALUES (270, 11, 49.09, 469.12, 889.15, 2);
INSERT INTO `tb_transaccion` (id_boleta, id_producto, descuento, precio_unitario, total, unidades) VALUES (270, 105, 23.32, 342.50, 319.18, 1);
INSERT INTO `tb_boleta` (id, created_at, direccion, estado, igv, nombre_cliente, numero_documento, observaciones, subtotal, tipo_tarjeta, total, total_descuento, id_tienda, id_trabajador, id_usuario) VALUES (271, '2025-10-29 15:47:54', 'Calle Larco 607, Wanchaq', 'Entregado', 716.20, 'Cliente 3', '24320624', 'Perfecto para el día a día.', 3978.90, 'Mastercard', 4695.10, 114.81, 2, 3, 3);
INSERT INTO `tb_transaccion` (id_boleta, id_producto, descuento, precio_unitario, total, unidades) VALUES (271, 101, 60.57, 609.95, 1159.33, 2);
INSERT INTO `tb_transaccion` (id_boleta, id_producto, descuento, precio_unitario, total, unidades) VALUES (271, 34, 11.18, 785.88, 2346.46, 3);
INSERT INTO `tb_transaccion` (id_boleta, id_producto, descuento, precio_unitario, total, unidades) VALUES (271, 164, 43.06, 410.79, 1189.31, 3);
INSERT INTO `tb_boleta` (id, created_at, direccion, estado, igv, nombre_cliente, numero_documento, observaciones, subtotal, tipo_tarjeta, total, total_descuento, id_tienda, id_trabajador, id_usuario) VALUES (272, '2025-10-29 15:47:54', 'Jr. Benavides 909, Wanchaq', 'Enviado', 233.70, 'Cliente 21', '94665719', 'Tecnología de punta para deporte.', 1298.34, 'Visa', 1532.04, 52.48, 1, 41, 21);
INSERT INTO `tb_transaccion` (id_boleta, id_producto, descuento, precio_unitario, total, unidades) VALUES (272, 117, 33.07, 449.37, 865.67, 2);
INSERT INTO `tb_transaccion` (id_boleta, id_producto, descuento, precio_unitario, total, unidades) VALUES (272, 123, 16.56, 134.94, 253.32, 2);
INSERT INTO `tb_transaccion` (id_boleta, id_producto, descuento, precio_unitario, total, unidades) VALUES (272, 180, 2.85, 207.95, 413.05, 2);
INSERT INTO `tb_boleta` (id, created_at, direccion, estado, igv, nombre_cliente, numero_documento, observaciones, subtotal, tipo_tarjeta, total, total_descuento, id_tienda, id_trabajador, id_usuario) VALUES (273, '2025-10-29 15:47:54', 'Calle Arequipa 588, Miraflores', 'Pagado', 100.75, 'Cliente 46', '29826720', 'Un clásico reinventado.', 559.71, 'Mastercard', 660.46, 3.44, 3, 2, 46);
INSERT INTO `tb_transaccion` (id_boleta, id_producto, descuento, precio_unitario, total, unidades) VALUES (273, 177, 3.44, 221.30, 660.46, 3);
INSERT INTO `tb_boleta` (id, created_at, direccion, estado, igv, nombre_cliente, numero_documento, observaciones, subtotal, tipo_tarjeta, total, total_descuento, id_tienda, id_trabajador, id_usuario) VALUES (274, '2025-10-29 15:47:54', 'Jr. Salaverry 554, Víctor Larco Herrera', 'Enviado', 171.63, 'Cliente 44', '25334442', 'Perfecto para el día a día.', 953.47, 'Mastercard', 1125.10, 57.44, 2, 24, 44);
INSERT INTO `tb_transaccion` (id_boleta, id_producto, descuento, precio_unitario, total, unidades) VALUES (274, 60, 57.44, 394.18, 1125.10, 3);
INSERT INTO `tb_boleta` (id, created_at, direccion, estado, igv, nombre_cliente, numero_documento, observaciones, subtotal, tipo_tarjeta, total, total_descuento, id_tienda, id_trabajador, id_usuario) VALUES (275, '2025-10-29 15:47:54', 'Calle Javier Prado 1288, Wanchaq', 'Pagado', 616.01, 'Cliente 51', '55505599', 'Ideal para corredores urbanos.', 3422.25, 'Mastercard', 4038.26, 107.46, 1, 26, 51);
INSERT INTO `tb_transaccion` (id_boleta, id_producto, descuento, precio_unitario, total, unidades) VALUES (275, 134, 46.91, 757.72, 2226.25, 3);
INSERT INTO `tb_transaccion` (id_boleta, id_producto, descuento, precio_unitario, total, unidades) VALUES (275, 68, 60.37, 444.22, 828.07, 2);
INSERT INTO `tb_transaccion` (id_boleta, id_producto, descuento, precio_unitario, total, unidades) VALUES (275, 1, 0.18, 328.04, 983.94, 3);
INSERT INTO `tb_boleta` (id, created_at, direccion, estado, igv, nombre_cliente, numero_documento, observaciones, subtotal, tipo_tarjeta, total, total_descuento, id_tienda, id_trabajador, id_usuario) VALUES (276, '2025-10-29 15:47:54', 'Av. Ejército 206, Cayma', 'Enviado', 349.04, 'Cliente 3', '30418124', 'Un clásico reinventado.', 1939.11, 'Mastercard', 2288.15, 56.54, 5, 10, 3);
INSERT INTO `tb_transaccion` (id_boleta, id_producto, descuento, precio_unitario, total, unidades) VALUES (276, 160, 44.28, 697.00, 2046.72, 3);
INSERT INTO `tb_transaccion` (id_boleta, id_producto, descuento, precio_unitario, total, unidades) VALUES (276, 79, 12.26, 253.69, 241.43, 1);
INSERT INTO `tb_boleta` (id, created_at, direccion, estado, igv, nombre_cliente, numero_documento, observaciones, subtotal, tipo_tarjeta, total, total_descuento, id_tienda, id_trabajador, id_usuario) VALUES (277, '2025-10-29 15:47:54', 'Jr. Benavides 856, Trujillo', 'Pagado', 207.07, 'Cliente 22', '19035375', 'Máxima comodidad y estilo.', 1150.38, 'Visa', 1357.45, 33.03, 2, 35, 22);
INSERT INTO `tb_transaccion` (id_boleta, id_producto, descuento, precio_unitario, total, unidades) VALUES (277, 124, 2.36, 284.45, 566.54, 2);
INSERT INTO `tb_transaccion` (id_boleta, id_producto, descuento, precio_unitario, total, unidades) VALUES (277, 164, 30.67, 410.79, 790.91, 2);
INSERT INTO `tb_boleta` (id, created_at, direccion, estado, igv, nombre_cliente, numero_documento, observaciones, subtotal, tipo_tarjeta, total, total_descuento, id_tienda, id_trabajador, id_usuario) VALUES (278, '2025-10-29 15:47:54', 'Paseo Benavides 279, Yanahuara', 'Entregado', 307.91, 'Cliente 20', '43486307', 'Un clásico reinventado.', 1710.59, 'Visa', 2018.50, 99.11, 1, 32, 20);
INSERT INTO `tb_transaccion` (id_boleta, id_producto, descuento, precio_unitario, total, unidades) VALUES (278, 200, 28.75, 351.66, 322.91, 1);
INSERT INTO `tb_transaccion` (id_boleta, id_producto, descuento, precio_unitario, total, unidades) VALUES (278, 66, 70.36, 588.65, 1695.59, 3);
INSERT INTO `tb_boleta` (id, created_at, direccion, estado, igv, nombre_cliente, numero_documento, observaciones, subtotal, tipo_tarjeta, total, total_descuento, id_tienda, id_trabajador, id_usuario) VALUES (279, '2025-10-29 15:47:54', 'Av. Javier Prado 939, Yanahuara', 'Entregado', 489.20, 'Cliente 50', '58098152', 'Un clásico reinventado.', 2717.79, 'Diners', 3206.99, 148.97, 4, 23, 50);
INSERT INTO `tb_transaccion` (id_boleta, id_producto, descuento, precio_unitario, total, unidades) VALUES (279, 160, 23.32, 697.00, 1370.68, 2);
INSERT INTO `tb_transaccion` (id_boleta, id_producto, descuento, precio_unitario, total, unidades) VALUES (279, 25, 30.22, 402.31, 372.09, 1);
INSERT INTO `tb_transaccion` (id_boleta, id_producto, descuento, precio_unitario, total, unidades) VALUES (279, 113, 37.08, 351.31, 314.23, 1);
INSERT INTO `tb_transaccion` (id_boleta, id_producto, descuento, precio_unitario, total, unidades) VALUES (279, 156, 58.35, 402.78, 1149.99, 3);
INSERT INTO `tb_boleta` (id, created_at, direccion, estado, igv, nombre_cliente, numero_documento, observaciones, subtotal, tipo_tarjeta, total, total_descuento, id_tienda, id_trabajador, id_usuario) VALUES (280, '2025-10-29 15:47:54', 'Calle Grau 536, Miraflores', 'Enviado', 105.26, 'Cliente 30', '36497355', 'Ideal para corredores urbanos.', 584.76, 'Mastercard', 690.02, 104.99, 4, 15, 30);
INSERT INTO `tb_transaccion` (id_boleta, id_producto, descuento, precio_unitario, total, unidades) VALUES (280, 100, 104.99, 795.01, 690.02, 1);
INSERT INTO `tb_boleta` (id, created_at, direccion, estado, igv, nombre_cliente, numero_documento, observaciones, subtotal, tipo_tarjeta, total, total_descuento, id_tienda, id_trabajador, id_usuario) VALUES (281, '2025-10-29 15:47:54', 'Av. De la Cultura 703, Cayma', 'Enviado', 58.67, 'Cliente 14', '52475400', 'Máxima comodidad y estilo.', 325.95, 'Visa', 384.62, 56.18, 3, 24, 14);
INSERT INTO `tb_transaccion` (id_boleta, id_producto, descuento, precio_unitario, total, unidades) VALUES (281, 163, 25.47, 219.50, 194.03, 1);
INSERT INTO `tb_transaccion` (id_boleta, id_producto, descuento, precio_unitario, total, unidades) VALUES (281, 177, 30.71, 221.30, 190.59, 1);
INSERT INTO `tb_boleta` (id, created_at, direccion, estado, igv, nombre_cliente, numero_documento, observaciones, subtotal, tipo_tarjeta, total, total_descuento, id_tienda, id_trabajador, id_usuario) VALUES (282, '2025-10-29 15:47:54', 'Paseo Larco 1382, Wanchaq', 'Pagado', 109.61, 'Cliente 16', '68124288', 'Máxima comodidad y estilo.', 608.92, 'AMEX', 718.53, 2.07, 1, 47, 16);
INSERT INTO `tb_transaccion` (id_boleta, id_producto, descuento, precio_unitario, total, unidades) VALUES (282, 55, 2.07, 240.20, 718.53, 3);
INSERT INTO `tb_boleta` (id, created_at, direccion, estado, igv, nombre_cliente, numero_documento, observaciones, subtotal, tipo_tarjeta, total, total_descuento, id_tienda, id_trabajador, id_usuario) VALUES (283, '2025-10-29 15:47:54', 'Jr. Pardo 1677, Víctor Larco Herrera', 'Pagado', 136.62, 'Cliente 28', '84836582', 'Perfecto para el día a día.', 759.02, 'Mastercard', 895.64, 76.15, 3, 40, 28);
INSERT INTO `tb_transaccion` (id_boleta, id_producto, descuento, precio_unitario, total, unidades) VALUES (283, 50, 0.33, 358.63, 358.30, 1);
INSERT INTO `tb_transaccion` (id_boleta, id_producto, descuento, precio_unitario, total, unidades) VALUES (283, 148, 75.82, 613.16, 537.34, 1);
INSERT INTO `tb_boleta` (id, created_at, direccion, estado, igv, nombre_cliente, numero_documento, observaciones, subtotal, tipo_tarjeta, total, total_descuento, id_tienda, id_trabajador, id_usuario) VALUES (284, '2025-10-29 15:47:54', 'Jr. El Sol 1758, Cusco Cercado', 'Pagado', 357.11, 'Cliente 39', '68726639', 'Tecnología de punta para deporte.', 1983.92, 'Mastercard', 2341.03, 26.21, 4, 26, 39);
INSERT INTO `tb_transaccion` (id_boleta, id_producto, descuento, precio_unitario, total, unidades) VALUES (284, 123, 8.47, 134.94, 396.35, 3);
INSERT INTO `tb_transaccion` (id_boleta, id_producto, descuento, precio_unitario, total, unidades) VALUES (284, 65, 17.21, 501.08, 1486.03, 3);
INSERT INTO `tb_transaccion` (id_boleta, id_producto, descuento, precio_unitario, total, unidades) VALUES (284, 32, 0.53, 229.59, 458.65, 2);
INSERT INTO `tb_boleta` (id, created_at, direccion, estado, igv, nombre_cliente, numero_documento, observaciones, subtotal, tipo_tarjeta, total, total_descuento, id_tienda, id_trabajador, id_usuario) VALUES (285, '2025-10-29 15:47:54', 'Calle Pardo 631, Trujillo', 'Pagado', 825.62, 'Cliente 43', '36900204', 'Máxima comodidad y estilo.', 4586.81, 'Mastercard', 5412.43, 48.63, 5, 34, 43);
INSERT INTO `tb_transaccion` (id_boleta, id_producto, descuento, precio_unitario, total, unidades) VALUES (285, 56, 29.33, 624.59, 1844.44, 3);
INSERT INTO `tb_transaccion` (id_boleta, id_producto, descuento, precio_unitario, total, unidades) VALUES (285, 191, 0.93, 760.16, 2279.55, 3);
INSERT INTO `tb_transaccion` (id_boleta, id_producto, descuento, precio_unitario, total, unidades) VALUES (285, 127, 1.10, 226.27, 225.17, 1);
INSERT INTO `tb_transaccion` (id_boleta, id_producto, descuento, precio_unitario, total, unidades) VALUES (285, 87, 17.27, 540.27, 1063.27, 2);
INSERT INTO `tb_boleta` (id, created_at, direccion, estado, igv, nombre_cliente, numero_documento, observaciones, subtotal, tipo_tarjeta, total, total_descuento, id_tienda, id_trabajador, id_usuario) VALUES (286, '2025-10-29 15:47:54', 'Paseo El Sol 728, Yanahuara', 'Enviado', 330.78, 'Cliente 18', '91236773', 'Un clásico reinventado.', 1837.68, 'Visa', 2168.46, 119.32, 3, 8, 18);
INSERT INTO `tb_transaccion` (id_boleta, id_producto, descuento, precio_unitario, total, unidades) VALUES (286, 171, 27.90, 187.89, 535.77, 3);
INSERT INTO `tb_transaccion` (id_boleta, id_producto, descuento, precio_unitario, total, unidades) VALUES (286, 153, 61.25, 633.31, 572.06, 1);
INSERT INTO `tb_transaccion` (id_boleta, id_producto, descuento, precio_unitario, total, unidades) VALUES (286, 132, 12.18, 720.33, 708.15, 1);
INSERT INTO `tb_transaccion` (id_boleta, id_producto, descuento, precio_unitario, total, unidades) VALUES (286, 111, 17.99, 123.49, 352.48, 3);
INSERT INTO `tb_boleta` (id, created_at, direccion, estado, igv, nombre_cliente, numero_documento, observaciones, subtotal, tipo_tarjeta, total, total_descuento, id_tienda, id_trabajador, id_usuario) VALUES (287, '2025-10-29 15:47:54', 'Jr. De la Cultura 1298, Yanahuara', 'Entregado', 24.64, 'Cliente 18', '62476003', 'Ideal para corredores urbanos.', 136.88, 'AMEX', 161.52, 16.42, 4, 52, 18);
INSERT INTO `tb_transaccion` (id_boleta, id_producto, descuento, precio_unitario, total, unidades) VALUES (287, 44, 16.42, 177.94, 161.52, 1);
INSERT INTO `tb_boleta` (id, created_at, direccion, estado, igv, nombre_cliente, numero_documento, observaciones, subtotal, tipo_tarjeta, total, total_descuento, id_tienda, id_trabajador, id_usuario) VALUES (288, '2025-10-29 15:47:54', 'Paseo De la Cultura 725, Víctor Larco Herrera', 'Enviado', 274.03, 'Cliente 39', '18329573', 'Ideal para corredores urbanos.', 1522.40, 'Diners', 1796.43, 72.38, 3, 38, 39);
INSERT INTO `tb_transaccion` (id_boleta, id_producto, descuento, precio_unitario, total, unidades) VALUES (288, 13, 30.81, 731.77, 700.96, 1);
INSERT INTO `tb_transaccion` (id_boleta, id_producto, descuento, precio_unitario, total, unidades) VALUES (288, 68, 31.15, 444.22, 857.29, 2);
INSERT INTO `tb_transaccion` (id_boleta, id_producto, descuento, precio_unitario, total, unidades) VALUES (288, 182, 10.42, 124.30, 238.18, 2);
INSERT INTO `tb_boleta` (id, created_at, direccion, estado, igv, nombre_cliente, numero_documento, observaciones, subtotal, tipo_tarjeta, total, total_descuento, id_tienda, id_trabajador, id_usuario) VALUES (289, '2025-10-29 15:47:54', 'Av. Angamos 223, Cusco Cercado', 'Enviado', 745.28, 'Cliente 44', '76023806', 'Tecnología de punta para deporte.', 4140.45, 'Mastercard', 4885.73, 152.74, 4, 24, 44);
INSERT INTO `tb_transaccion` (id_boleta, id_producto, descuento, precio_unitario, total, unidades) VALUES (289, 36, 58.04, 474.05, 1364.11, 3);
INSERT INTO `tb_transaccion` (id_boleta, id_producto, descuento, precio_unitario, total, unidades) VALUES (289, 91, 35.34, 668.54, 1970.28, 3);
INSERT INTO `tb_transaccion` (id_boleta, id_producto, descuento, precio_unitario, total, unidades) VALUES (289, 138, 54.27, 471.23, 1359.42, 3);
INSERT INTO `tb_transaccion` (id_boleta, id_producto, descuento, precio_unitario, total, unidades) VALUES (289, 64, 5.09, 197.01, 191.92, 1);
INSERT INTO `tb_boleta` (id, created_at, direccion, estado, igv, nombre_cliente, numero_documento, observaciones, subtotal, tipo_tarjeta, total, total_descuento, id_tienda, id_trabajador, id_usuario) VALUES (290, '2025-10-29 15:47:54', 'Av. Javier Prado 915, Yanahuara', 'Enviado', 262.21, 'Cliente 9', '54339133', 'Máxima comodidad y estilo.', 1456.70, 'AMEX', 1718.91, 93.49, 2, 8, 9);
INSERT INTO `tb_transaccion` (id_boleta, id_producto, descuento, precio_unitario, total, unidades) VALUES (290, 142, 51.99, 776.86, 724.87, 1);
INSERT INTO `tb_transaccion` (id_boleta, id_producto, descuento, precio_unitario, total, unidades) VALUES (290, 197, 41.50, 517.77, 994.04, 2);
INSERT INTO `tb_boleta` (id, created_at, direccion, estado, igv, nombre_cliente, numero_documento, observaciones, subtotal, tipo_tarjeta, total, total_descuento, id_tienda, id_trabajador, id_usuario) VALUES (291, '2025-10-29 15:47:54', 'Calle Ejército 1826, Víctor Larco Herrera', 'Pagado', 825.31, 'Cliente 44', '20540797', 'Ideal para corredores urbanos.', 4585.05, 'Mastercard', 5410.36, 117.74, 4, 38, 44);
INSERT INTO `tb_transaccion` (id_boleta, id_producto, descuento, precio_unitario, total, unidades) VALUES (291, 179, 9.53, 431.84, 1285.99, 3);
INSERT INTO `tb_transaccion` (id_boleta, id_producto, descuento, precio_unitario, total, unidades) VALUES (291, 199, 19.62, 473.64, 1401.30, 3);
INSERT INTO `tb_transaccion` (id_boleta, id_producto, descuento, precio_unitario, total, unidades) VALUES (291, 147, 5.40, 434.22, 1297.26, 3);
INSERT INTO `tb_transaccion` (id_boleta, id_producto, descuento, precio_unitario, total, unidades) VALUES (291, 7, 83.19, 754.50, 1425.81, 2);
INSERT INTO `tb_boleta` (id, created_at, direccion, estado, igv, nombre_cliente, numero_documento, observaciones, subtotal, tipo_tarjeta, total, total_descuento, id_tienda, id_trabajador, id_usuario) VALUES (292, '2025-10-29 15:47:54', 'Paseo El Sol 1035, Miraflores', 'Entregado', 374.22, 'Cliente 2', '50925977', 'Máxima comodidad y estilo.', 2078.97, 'Visa', 2453.19, 67.96, 5, 16, 2);
INSERT INTO `tb_transaccion` (id_boleta, id_producto, descuento, precio_unitario, total, unidades) VALUES (292, 101, 53.65, 609.95, 1166.25, 2);
INSERT INTO `tb_transaccion` (id_boleta, id_producto, descuento, precio_unitario, total, unidades) VALUES (292, 155, 14.31, 433.75, 1286.94, 3);
INSERT INTO `tb_boleta` (id, created_at, direccion, estado, igv, nombre_cliente, numero_documento, observaciones, subtotal, tipo_tarjeta, total, total_descuento, id_tienda, id_trabajador, id_usuario) VALUES (293, '2025-10-29 15:47:54', 'Av. Larco 1774, Trujillo', 'Pagado', 260.45, 'Cliente 5', '22300777', 'Perfecto para el día a día.', 1446.93, 'AMEX', 1707.38, 29.62, 2, 39, 5);
INSERT INTO `tb_transaccion` (id_boleta, id_producto, descuento, precio_unitario, total, unidades) VALUES (293, 44, 11.25, 177.94, 166.69, 1);
INSERT INTO `tb_transaccion` (id_boleta, id_producto, descuento, precio_unitario, total, unidades) VALUES (293, 170, 11.09, 229.41, 677.14, 3);
INSERT INTO `tb_transaccion` (id_boleta, id_producto, descuento, precio_unitario, total, unidades) VALUES (293, 180, 0.47, 207.95, 623.38, 3);
INSERT INTO `tb_transaccion` (id_boleta, id_producto, descuento, precio_unitario, total, unidades) VALUES (293, 111, 6.81, 123.49, 240.17, 2);
INSERT INTO `tb_boleta` (id, created_at, direccion, estado, igv, nombre_cliente, numero_documento, observaciones, subtotal, tipo_tarjeta, total, total_descuento, id_tienda, id_trabajador, id_usuario) VALUES (294, '2025-10-29 15:47:54', 'Paseo Pardo 330, Víctor Larco Herrera', 'Entregado', 200.63, 'Cliente 32', '93071072', 'Perfecto para el día a día.', 1114.62, 'Visa', 1315.25, 78.75, 5, 10, 32);
INSERT INTO `tb_transaccion` (id_boleta, id_producto, descuento, precio_unitario, total, unidades) VALUES (294, 160, 78.75, 697.00, 1315.25, 2);
INSERT INTO `tb_boleta` (id, created_at, direccion, estado, igv, nombre_cliente, numero_documento, observaciones, subtotal, tipo_tarjeta, total, total_descuento, id_tienda, id_trabajador, id_usuario) VALUES (295, '2025-10-29 15:47:54', 'Jr. Benavides 166, Víctor Larco Herrera', 'Entregado', 477.10, 'Cliente 6', '16823934', 'Tecnología de punta para deporte.', 2650.58, 'Diners', 3127.68, 147.62, 4, 38, 6);
INSERT INTO `tb_transaccion` (id_boleta, id_producto, descuento, precio_unitario, total, unidades) VALUES (295, 16, 104.04, 790.18, 2266.50, 3);
INSERT INTO `tb_transaccion` (id_boleta, id_producto, descuento, precio_unitario, total, unidades) VALUES (295, 112, 43.58, 452.38, 861.18, 2);
INSERT INTO `tb_boleta` (id, created_at, direccion, estado, igv, nombre_cliente, numero_documento, observaciones, subtotal, tipo_tarjeta, total, total_descuento, id_tienda, id_trabajador, id_usuario) VALUES (296, '2025-10-29 15:47:54', 'Av. Grau 425, Miraflores', 'Entregado', 236.56, 'Cliente 20', '12063005', 'Tecnología de punta para deporte.', 1314.20, 'AMEX', 1550.76, 116.60, 4, 30, 20);
INSERT INTO `tb_transaccion` (id_boleta, id_producto, descuento, precio_unitario, total, unidades) VALUES (296, 65, 31.44, 501.08, 970.72, 2);
INSERT INTO `tb_transaccion` (id_boleta, id_producto, descuento, precio_unitario, total, unidades) VALUES (296, 11, 59.36, 469.12, 409.76, 1);
INSERT INTO `tb_transaccion` (id_boleta, id_producto, descuento, precio_unitario, total, unidades) VALUES (296, 48, 25.80, 196.08, 170.28, 1);
INSERT INTO `tb_boleta` (id, created_at, direccion, estado, igv, nombre_cliente, numero_documento, observaciones, subtotal, tipo_tarjeta, total, total_descuento, id_tienda, id_trabajador, id_usuario) VALUES (297, '2025-10-29 15:47:54', 'Jr. Primavera 266, Cayma', 'Enviado', 261.88, 'Cliente 25', '18876294', 'Tecnología de punta para deporte.', 1454.88, 'Visa', 1716.76, 53.18, 1, 6, 25);
INSERT INTO `tb_transaccion` (id_boleta, id_producto, descuento, precio_unitario, total, unidades) VALUES (297, 84, 18.46, 293.98, 275.52, 1);
INSERT INTO `tb_transaccion` (id_boleta, id_producto, descuento, precio_unitario, total, unidades) VALUES (297, 171, 0.82, 187.89, 374.96, 2);
INSERT INTO `tb_transaccion` (id_boleta, id_producto, descuento, precio_unitario, total, unidades) VALUES (297, 81, 33.90, 550.09, 1066.28, 2);
INSERT INTO `tb_boleta` (id, created_at, direccion, estado, igv, nombre_cliente, numero_documento, observaciones, subtotal, tipo_tarjeta, total, total_descuento, id_tienda, id_trabajador, id_usuario) VALUES (298, '2025-10-29 15:47:54', 'Paseo Pardo 1021, Yanahuara', 'Pagado', 445.01, 'Cliente 4', '25668083', 'Tecnología de punta para deporte.', 2472.30, 'AMEX', 2917.31, 114.48, 1, 34, 4);
INSERT INTO `tb_transaccion` (id_boleta, id_producto, descuento, precio_unitario, total, unidades) VALUES (298, 176, 20.99, 293.51, 566.03, 2);
INSERT INTO `tb_transaccion` (id_boleta, id_producto, descuento, precio_unitario, total, unidades) VALUES (298, 104, 40.03, 688.16, 648.13, 1);
INSERT INTO `tb_transaccion` (id_boleta, id_producto, descuento, precio_unitario, total, unidades) VALUES (298, 50, 11.84, 358.63, 1064.05, 3);
INSERT INTO `tb_transaccion` (id_boleta, id_producto, descuento, precio_unitario, total, unidades) VALUES (298, 2, 41.62, 340.36, 639.10, 2);
INSERT INTO `tb_boleta` (id, created_at, direccion, estado, igv, nombre_cliente, numero_documento, observaciones, subtotal, tipo_tarjeta, total, total_descuento, id_tienda, id_trabajador, id_usuario) VALUES (299, '2025-10-29 15:47:54', 'Av. Primavera 1299, Cayma', 'Entregado', 623.68, 'Cliente 41', '96255704', 'Máxima comodidad y estilo.', 3464.90, 'Mastercard', 4088.58, 229.91, 2, 21, 41);
INSERT INTO `tb_transaccion` (id_boleta, id_producto, descuento, precio_unitario, total, unidades) VALUES (299, 132, 47.61, 720.33, 672.72, 1);
INSERT INTO `tb_transaccion` (id_boleta, id_producto, descuento, precio_unitario, total, unidades) VALUES (299, 103, 90.02, 619.43, 1148.84, 2);
INSERT INTO `tb_transaccion` (id_boleta, id_producto, descuento, precio_unitario, total, unidades) VALUES (299, 65, 61.72, 501.08, 940.44, 2);
INSERT INTO `tb_transaccion` (id_boleta, id_producto, descuento, precio_unitario, total, unidades) VALUES (299, 112, 30.56, 452.38, 1326.58, 3);
INSERT INTO `tb_boleta` (id, created_at, direccion, estado, igv, nombre_cliente, numero_documento, observaciones, subtotal, tipo_tarjeta, total, total_descuento, id_tienda, id_trabajador, id_usuario) VALUES (300, '2025-10-29 15:47:54', 'Av. Grau 664, Trujillo', 'Enviado', 764.64, 'Cliente 45', '75683762', 'Ideal para corredores urbanos.', 4248.01, 'AMEX', 5012.65, 166.44, 3, 51, 45);
INSERT INTO `tb_transaccion` (id_boleta, id_producto, descuento, precio_unitario, total, unidades) VALUES (300, 6, 20.20, 228.11, 664.13, 3);
INSERT INTO `tb_transaccion` (id_boleta, id_producto, descuento, precio_unitario, total, unidades) VALUES (300, 28, 14.39, 641.68, 1268.97, 2);
INSERT INTO `tb_transaccion` (id_boleta, id_producto, descuento, precio_unitario, total, unidades) VALUES (300, 134, 79.56, 757.72, 2193.60, 3);
INSERT INTO `tb_transaccion` (id_boleta, id_producto, descuento, precio_unitario, total, unidades) VALUES (300, 11, 52.29, 469.12, 885.95, 2);

SET FOREIGN_KEY_CHECKS = 1;
